Brand,Description,Size,Annual_Demand,PurchasePrice,Holding_Cost,EOQ,ABC_Category,Review_Frequency,Safety_Stock_Level,Inventory_Strategy
58,Gekkeikan Black & Gold Sake,750mL,288,9.28,1.8559999999999999,393.9192985791677,B,Monthly,Medium,Moderate control
60,Canadian Club 1858 VAP,750mL,124,7.4,1.4800000000000002,289.454286172763,C,Quarterly,Low,"Simple control, bulk ordering"
61,Margaritaville Silver,750mL,24,10.6,2.12,106.3990353197863,C,Quarterly,Low,"Simple control, bulk ordering"
62,Herradura Silver Tequila,750mL,162,28.67,5.734000000000001,168.08488562545935,B,Monthly,Medium,Moderate control
63,Herradura Reposado Tequila,750mL,131,30.46,6.0920000000000005,146.64109687771594,B,Monthly,Medium,Moderate control
72,No. 3 London Dry Gin,750mL,19,26.11,5.222,60.31958803004956,C,Quarterly,Low,"Simple control, bulk ordering"
75,Three Olives Tomato Vodka,750mL,3,10.94,2.188,37.028572395848435,C,Quarterly,Low,"Simple control, bulk ordering"
77,Three Olives Espresso Vodka,750mL,908,10.39,2.0780000000000003,661.0284517719135,A,Weekly,High,"Tight control, frequent replenishment"
79,Three Olives Loopy Vodka,750mL,416,9.62,1.924,464.9905549752771,B,Monthly,Medium,Moderate control
82,Hundred Acre Ark Vy Cab Svgn,750mL,3,248.34,49.668000000000006,7.771812083337439,C,Quarterly,Low,"Simple control, bulk ordering"
86,Don Julio Real Tequila,750mL,1,236.21,47.242000000000004,4.600826566733342,C,Quarterly,Low,"Simple control, bulk ordering"
100,Chivas Royal Salute,750mL,7,120.29,24.058000000000003,17.057652384289202,C,Quarterly,Low,"Simple control, bulk ordering"
104,Mr Boston Wild Cherry Brandy,Liter,19,6.42,1.284,121.64500724716157,C,Quarterly,Low,"Simple control, bulk ordering"
106,Mr Boston Peach Schnapps,Liter,141,3.4,0.68,455.3602323177449,C,Quarterly,Low,"Simple control, bulk ordering"
108,Mr Boston Peppermint Schnaps,Liter,13,4.77,0.954,116.73403266207916,C,Quarterly,Low,"Simple control, bulk ordering"
109,Mr Boston Blue Curacao,Liter,29,4.95,0.9900000000000001,171.1517726841568,C,Quarterly,Low,"Simple control, bulk ordering"
111,Mr Boston Creme de Menthe Gr,Liter,13,4.7,0.9400000000000001,117.60011579094025,C,Quarterly,Low,"Simple control, bulk ordering"
112,Mr Boston Cr de Cacao White,Liter,23,4.7,0.9400000000000001,156.42277681457702,C,Quarterly,Low,"Simple control, bulk ordering"
113,Mr Boston Cr de Cacao Brown,Liter,16,4.84,0.968,128.564869306645,C,Quarterly,Low,"Simple control, bulk ordering"
114,Mr Boston Creme de Banana,Liter,24,5.11,1.022,153.24283327163909,C,Quarterly,Low,"Simple control, bulk ordering"
115,Belvedere Vodka,Liter,623,21.37,4.274,381.7919475963513,A,Weekly,High,"Tight control, frequent replenishment"
120,Tarantula Azul Tequila Gift,750mL,30,10.44,2.088,119.86582537134603,C,Quarterly,Low,"Simple control, bulk ordering"
122,DeKuyper Mixed Berry Medley,750mL,4,7.96,1.592,50.12547071170855,C,Quarterly,Low,"Simple control, bulk ordering"
123,Van Winkle Special Rsv 10 Yr,750mL,2,38.75,7.75,16.064386578049977,C,Quarterly,Low,"Simple control, bulk ordering"
126,Grey Goose Vodka,Liter,1968,20.14,4.0280000000000005,698.9849357583327,A,Weekly,High,"Tight control, frequent replenishment"
129,Grey Goose L'Orange Vodka,Liter,1,24.99,4.998,14.144964899666775,C,Quarterly,Low,"Simple control, bulk ordering"
143,Chivas Regal,Liter,1,29.59,5.918,12.99907709828787,C,Quarterly,Low,"Simple control, bulk ordering"
151,Pirassununga Cachaca 51 Rum,Liter,1,11.5,2.3000000000000003,20.851441405707476,C,Quarterly,Low,"Simple control, bulk ordering"
159,Glenmorangie Original VAP,750mL + 2/,131,27.99,5.598,152.97455579129064,B,Monthly,Medium,Moderate control
161,DeKuyper Pineapple,Liter,8,9.28,1.8559999999999999,65.65321642986129,C,Quarterly,Low,"Simple control, bulk ordering"
162,Stolichnaya Vanil,Liter,98,18.39,3.6780000000000004,163.23270418351382,C,Quarterly,Low,"Simple control, bulk ordering"
165,Gentleman Jack Gift Pack,750mL,7,20.14,4.0280000000000005,41.68735004677728,C,Quarterly,Low,"Simple control, bulk ordering"
168,Three Olives Strawberry,750mL,264,8.95,1.79,384.0391041541904,B,Monthly,Medium,Moderate control
171,Gentleman Jack,1.75L,510,36.76,7.352,263.37972438390113,A,Weekly,High,"Tight control, frequent replenishment"
173,Hornitos Reposado VAP,750mL,29,14.7,2.94,99.31739816482957,C,Quarterly,Low,"Simple control, bulk ordering"
175,1800 Anejo Tequila,750mL,72,26.8,5.36,115.90011139293837,B,Monthly,Medium,Moderate control
178,Wild Turkey Russell's RSV,750mL,149,20.76,4.152,189.43684922912283,B,Monthly,Medium,Moderate control
184,Hornitos Plata VAP,750mL,50,13.04,2.608,138.46219390542782,C,Quarterly,Low,"Simple control, bulk ordering"
187,Capt Morgan ParrotBay Pineap,Liter,12,11.53,2.306,72.13748076991605,C,Quarterly,Low,"Simple control, bulk ordering"
188,Capt Morgan Parrot Bay Mango,Liter,12,11.19,2.238,73.22520259382125,C,Quarterly,Low,"Simple control, bulk ordering"
189,Leroux Apple Schnapps,Liter,2,5.76,1.152,41.66666666666667,C,Quarterly,Low,"Simple control, bulk ordering"
190,Christian Bros Ruby Port,750mL,96,3.06,0.6120000000000001,396.0590171906697,C,Quarterly,Low,"Simple control, bulk ordering"
192,Milagro Anejo Tequila,750mL,66,27.68,5.5360000000000005,109.18775260036756,B,Monthly,Medium,Moderate control
194,Yazi Ginger Vodka,750mL,3,22.55,4.510000000000001,25.791247935424117,C,Quarterly,Low,"Simple control, bulk ordering"
199,Wisdom & Warter Cream Sherry,750mL,7,3.87,0.774,95.09956702624261,C,Quarterly,Low,"Simple control, bulk ordering"
200,Luxardo Maraschino Liqueur,750mL,38,23.43,4.686,90.05143880243331,C,Quarterly,Low,"Simple control, bulk ordering"
201,Nassua Royale Liqueur,Liter,2,15.47,3.0940000000000003,25.424641809046072,C,Quarterly,Low,"Simple control, bulk ordering"
202,Ketel One Citroen Vodka,Liter,20,22.3,4.46,66.9649530182425,C,Quarterly,Low,"Simple control, bulk ordering"
204,Smirnoff Pineapple,Liter,1,10.6,2.12,21.718612138153468,C,Quarterly,Low,"Simple control, bulk ordering"
207,Smirnoff Pomegrante,Liter,3,11.5,2.3000000000000003,36.11575592573076,C,Quarterly,Low,"Simple control, bulk ordering"
211,Cold River Gin,750mL,126,19.83,3.9659999999999997,178.24153664558418,B,Monthly,Medium,Moderate control
213,Stolichnaya Blueberi,Liter,64,17.03,3.4060000000000006,137.07797027753256,C,Quarterly,Low,"Simple control, bulk ordering"
216,Absolut Raspberri,Liter,18,15.62,3.124,75.90680990538861,C,Quarterly,Low,"Simple control, bulk ordering"
217,Absolut Vanilia,Liter,40,14.7,2.94,116.64236870396087,C,Quarterly,Low,"Simple control, bulk ordering"
222,Wray & Nephew Wh Overproof,750mL,2,15.99,3.1980000000000004,25.007816164017765,C,Quarterly,Low,"Simple control, bulk ordering"
226,DeKuyper Red Apple Schnapps,750mL,12,8.08,1.616,86.1727484432139,C,Quarterly,Low,"Simple control, bulk ordering"
233,Tullamore Dew 12 Yr Old,750mL,64,30.21,6.042000000000001,102.91996421216166,B,Monthly,Medium,Moderate control
240,Capt Morgan Tattoo,Liter,9,14.99,2.998,54.79052230288387,C,Quarterly,Low,"Simple control, bulk ordering"
247,Gran Patron Platinum Tequil,750mL,8,156.24,31.248000000000005,16.00051202457731,C,Quarterly,Low,"Simple control, bulk ordering"
248,Wild Shot Reposado Mezcal,750mL,1,39.36,7.872,11.270870433342903,C,Quarterly,Low,"Simple control, bulk ordering"
249,Massenez Creme de Cassis,750mL,6,16.29,3.258,42.914107542287454,C,Quarterly,Low,"Simple control, bulk ordering"
253,Poland Spring Vodka,Liter,479,4.6,0.9199999999999999,721.5623146430553,B,Monthly,Medium,Moderate control
254,DeKuyper Root Beer Schnapps,Liter,49,8.79,1.758,166.95083851269214,C,Quarterly,Low,"Simple control, bulk ordering"
258,Ciroc Coconut Vodka,Liter,7,24.28,4.856000000000001,37.96729712188307,C,Quarterly,Low,"Simple control, bulk ordering"
261,Svedka Citron Vodka,Liter,12,9.99,1.9980000000000002,77.49842582921285,C,Quarterly,Low,"Simple control, bulk ordering"
269,Juarez Triple Sec,Liter,238,3.17,0.634,612.6943134765995,C,Quarterly,Low,"Simple control, bulk ordering"
272,Juarez Silver Tequila,Liter,135,7.4,1.4800000000000002,302.0202248463109,C,Quarterly,Low,"Simple control, bulk ordering"
273,Sauza Extra Gold Tequila,1.75L,612,17.31,3.4619999999999997,420.4478919073786,A,Weekly,High,"Tight control, frequent replenishment"
274,Old Bushmills,Liter,11,18.56,3.7119999999999997,54.43677129446159,C,Quarterly,Low,"Simple control, bulk ordering"
276,Bushmills Black Bush,Liter,10,26.8,5.36,43.193421279068005,C,Quarterly,Low,"Simple control, bulk ordering"
278,Cazadores Reposado Tequila,Liter,4,21.96,4.392,30.178582014172843,C,Quarterly,Low,"Simple control, bulk ordering"
281,Kamora Coffee Gift Pack,750mL,45,7.14,1.428,177.51790062418158,C,Quarterly,Low,"Simple control, bulk ordering"
283,Milagro Tequila Reposado SBR,750mL,26,39.69,7.938,57.23097262641253,C,Quarterly,Low,"Simple control, bulk ordering"
284,Milagro Tequila Anejo SBR,750mL,30,53.43,10.686,52.985012659578125,C,Quarterly,Low,"Simple control, bulk ordering"
290,Aberlour A'Bunadh Sngle Malt,750mL,13,39.05,7.81,40.7986844205563,C,Quarterly,Low,"Simple control, bulk ordering"
294,Old Mexico Gold Tequila,Liter,402,6.79,1.358,544.0804757246865,B,Monthly,Medium,Moderate control
298,Old Mexico Blanco Tequila,Liter,11,6.06,1.212,95.26755791327432,C,Quarterly,Low,"Simple control, bulk ordering"
304,Ciroc Red Berry Vodka,Liter,4,24.45,4.890000000000001,28.60062779067008,C,Quarterly,Low,"Simple control, bulk ordering"
305,Crown Royal Canadian Whisky,Liter,746,22.21,4.442,409.80772113585954,A,Weekly,High,"Tight control, frequent replenishment"
308,Barsol Primero Quebranta Pso,750mL,15,15.62,3.124,69.29312008906322,C,Quarterly,Low,"Simple control, bulk ordering"
311,The Glenlivet 12 Yr Gift Pk,750mL,61,32.8,6.56,96.43018452644836,B,Monthly,Medium,Moderate control
313,Rothman & Winter Violette,750mL,13,17.45,3.49,61.032191233497244,C,Quarterly,Low,"Simple control, bulk ordering"
317,Triple Eight Vodka,750mL,1,24.23,4.846,14.365088141937361,C,Quarterly,Low,"Simple control, bulk ordering"
319,Peter Paul Bacigalupi Chard,750mL,2,25.17,5.034000000000001,19.93234484642182,C,Quarterly,Low,"Simple control, bulk ordering"
323,Tequila Rose Strawberry Gift,750mL,21,10.6,2.12,99.52718411247497,C,Quarterly,Low,"Simple control, bulk ordering"
336,Bols Genever Amsterdam,750mL,1,26.39,5.2780000000000005,13.764654253089178,C,Quarterly,Low,"Simple control, bulk ordering"
338,The Irishman Irish Whiskey,750mL,1,18.21,3.6420000000000003,16.570286951800778,C,Quarterly,Low,"Simple control, bulk ordering"
344,Punt e Mes Sweet Vermouth,750mL,57,15.74,3.148,134.56126647204843,C,Quarterly,Low,"Simple control, bulk ordering"
350,Courvoisier VS Gift Pak,750mL,27,18.1,3.6200000000000006,86.36297549246206,C,Quarterly,Low,"Simple control, bulk ordering"
354,Capt Morgan Lime Bite Rum,Liter,3,14.23,2.846,32.467076139203115,C,Quarterly,Low,"Simple control, bulk ordering"
356,Carolans Irish Cr Gift Set,750mL,52,9.12,1.8239999999999998,168.84540837649263,C,Quarterly,Low,"Simple control, bulk ordering"
361,Effen Cucumber Vodka,750mL,202,14.28,2.856,265.94791090837055,B,Monthly,Medium,Moderate control
363,4 Orange Vodka,Liter,8,17.05,3.41,48.435947969648275,C,Quarterly,Low,"Simple control, bulk ordering"
364,Ciroc Peach Vodka,200mL,5,5.83,1.1660000000000001,65.48407948137589,C,Quarterly,Low,"Simple control, bulk ordering"
366,Crown Royal w/2 Glasses,750mL,93,17.18,3.436,164.51855891713947,C,Quarterly,Low,"Simple control, bulk ordering"
369,Svedka Grape Vodka,Liter,3,10.23,2.0460000000000003,38.29197905337418,C,Quarterly,Low,"Simple control, bulk ordering"
370,Finlandia Vodka,Liter,21,10.36,2.072,100.67340828210365,C,Quarterly,Low,"Simple control, bulk ordering"
372,44* North Magic Valley Vodka,750mL,6,17.3,3.4600000000000004,41.642574923301446,C,Quarterly,Low,"Simple control, bulk ordering"
376,Aperol Liqueur,750mL,155,18.97,3.794,202.12367493287647,B,Monthly,Medium,Moderate control
377,Hendrick's Gin,Liter,12,28.35,5.670000000000001,46.00437062282361,C,Quarterly,Low,"Simple control, bulk ordering"
381,Baileys Irish Cream w/4 Glss,750mL,130,14.5,2.9000000000000004,211.72526114494826,B,Monthly,Medium,Moderate control
384,Ardbeg Corryvreckan Scotch,750mL,50,54.68,10.936,67.61697712997861,B,Monthly,Medium,Moderate control
388,Smirnoff 80 Proof,Liter,739,11.41,2.282,569.0683069273559,A,Weekly,High,"Tight control, frequent replenishment"
399,S S Pierce 99 Vodka 80 Proof,Liter,12,4.73,0.9460000000000002,112.62765836674167,C,Quarterly,Low,"Simple control, bulk ordering"
401,S S Pierce Ninety Nine Bl W,Liter,6,5.9,1.1800000000000002,71.30740328122924,C,Quarterly,Low,"Simple control, bulk ordering"
405,Jack Daniels & Coke,1.75L,3,28.45,5.69,22.961724092203255,C,Quarterly,Low,"Simple control, bulk ordering"
407,Hancock Rsv Bourbon,750mL,1,39.36,7.872,11.270870433342903,C,Quarterly,Low,"Simple control, bulk ordering"
408,Wild Turkey American Honey,750mL,806,12.97,2.5940000000000003,557.4199846807712,A,Weekly,High,"Tight control, frequent replenishment"
415,Jose Cuervo Especial,Liter,866,13.04,2.608,576.24232291973,A,Weekly,High,"Tight control, frequent replenishment"
419,Absolut Citron,Liter,242,15.99,3.1980000000000004,275.0859778041954,B,Monthly,Medium,Moderate control
426,Crystal Head Vodka,50mL,401,6.29,1.258,564.5882892931762,B,Monthly,Medium,Moderate control
427,Van Gogh Chocolate Liqueur,750mL,1,6.97,1.3940000000000001,26.783579200279007,C,Quarterly,Low,"Simple control, bulk ordering"
428,Sauza Giro Gold Tequila,Liter,134,6.83,1.366,313.2038194269992,C,Quarterly,Low,"Simple control, bulk ordering"
435,Il Tramonto Limoncello,750mL,192,12.79,2.558,273.96831853730447,B,Monthly,Medium,Moderate control
437,Rock Hills Farm Bourbon,750mL,8,37.87,7.574,32.49992382839279,C,Quarterly,Low,"Simple control, bulk ordering"
438,Licor 43 Vanilla Liqueur,750mL,471,12.77,2.5540000000000003,429.4375407548269,A,Weekly,High,"Tight control, frequent replenishment"
441,Caribou Crossing Canadian,750mL,27,37.31,7.462000000000001,60.1525800496169,C,Quarterly,Low,"Simple control, bulk ordering"
443,St Germain Liqueur,750mL,419,24.45,4.890000000000001,292.72012499082143,A,Weekly,High,"Tight control, frequent replenishment"
446,St Urbans-Hof Rsl,750mL,152,10.34,2.068,271.11061786287235,C,Quarterly,Low,"Simple control, bulk ordering"
450,Vincent Van Gogh Double Esp,750mL,158,19.52,3.904,201.17482813565377,B,Monthly,Medium,Moderate control
451,Hiram Walker Triple Sec,Liter,41,3.59,0.718,238.96247418130815,C,Quarterly,Low,"Simple control, bulk ordering"
453,Hornitos Reposado Tequila,Liter,33,21.01,4.202000000000001,88.61942869010866,C,Quarterly,Low,"Simple control, bulk ordering"
457,El Caballo Gold Tequila,Liter,5,6.66,1.332,61.26788517448398,C,Quarterly,Low,"Simple control, bulk ordering"
463,Kirk & Sweeney 12Yr Old Rum,750mL,165,24.63,4.926,183.01840592195074,B,Monthly,Medium,Moderate control
473,Ciroc Peach Vodka,Liter,28,26.55,5.3100000000000005,72.61590514377232,C,Quarterly,Low,"Simple control, bulk ordering"
482,Absolut 80 Proof,Liter,2191,14.28,2.856,875.8749127273244,A,Weekly,High,"Tight control, frequent replenishment"
485,Seagrams 7 Crown,Liter,200,10.39,2.0780000000000003,310.23602427884884,B,Monthly,Medium,Moderate control
497,Capt Morgan Spiced Rum,Liter,2339,14.7,2.94,891.9519220745684,A,Weekly,High,"Tight control, frequent replenishment"
500,Remy Martin Louis XIII,750mL,1,2290.07,458.01400000000007,1.4776127279857876,B,Monthly,Medium,Moderate control
505,Robert Sinskey Pnt Gris,750mL,1,19.6,3.9200000000000004,15.971914124998497,C,Quarterly,Low,"Simple control, bulk ordering"
508,Bacardi Superior Rum,Liter,3625,9.77,1.954,1362.0458451681484,A,Weekly,High,"Tight control, frequent replenishment"
513,Ocean Vodka,750mL,162,23.01,4.602,187.62218965128744,B,Monthly,Medium,Moderate control
515,Hirsch Selection Bourbon,750mL,86,25.36,5.072,130.21457661162634,B,Monthly,Medium,Moderate control
516,Kamora Coffee Liqueur,Liter,15,8.52,1.704,93.8233281301002,C,Quarterly,Low,"Simple control, bulk ordering"
523,Castello Del Poggio Moscato,750mL,862,7.09,1.4180000000000001,779.6784263521986,A,Weekly,High,"Tight control, frequent replenishment"
525,El Tesoro Anejo Gold Tequil,750mL,43,31.0,6.2,83.27955253822958,C,Quarterly,Low,"Simple control, bulk ordering"
529,Desert Island Iced Tea,Liter,31,5.61,1.122,166.22043650401852,C,Quarterly,Low,"Simple control, bulk ordering"
530,Smirnoff Fluffed Marshmallow,Liter,6,11.27,2.254,51.59393703675823,C,Quarterly,Low,"Simple control, bulk ordering"
536,Svedka Cherry Vodka,Liter,9,9.92,1.984,67.35198826004059,C,Quarterly,Low,"Simple control, bulk ordering"
538,Amaretto DiSaronno,375mL,1314,7.96,1.592,908.5025505864639,A,Weekly,High,"Tight control, frequent replenishment"
539,Bowman's Vodka,Liter,513,4.2,0.8400000000000001,781.4821083775915,B,Monthly,Medium,Moderate control
540,Bacardi Pineapple Fusion,50mL,1080,0.72,0.144,2738.6127875258308,C,Quarterly,Low,"Simple control, bulk ordering"
541,Juarez Gold Tequila,Liter,97,7.8,1.56,249.35815041720048,C,Quarterly,Low,"Simple control, bulk ordering"
543,Berkshire Mtn Ethereal Gin,750mL,8,22.72,4.544,41.959067914834456,C,Quarterly,Low,"Simple control, bulk ordering"
547,DeKuyper Buttershots,Liter,40,10.31,2.0620000000000003,139.27900809186337,C,Quarterly,Low,"Simple control, bulk ordering"
548,DeKuyper Amaretto,Liter,21,6.56,1.312,126.51520683686847,C,Quarterly,Low,"Simple control, bulk ordering"
549,DeKuyper Melon,Liter,10,6.42,1.284,88.25056370227598,C,Quarterly,Low,"Simple control, bulk ordering"
551,Cruzan Aged Light Rum,750mL,7,8.59,1.718,63.831851286403975,C,Quarterly,Low,"Simple control, bulk ordering"
555,Art In The Age Sage,750mL,39,21.73,4.346,94.72997932530572,C,Quarterly,Low,"Simple control, bulk ordering"
557,Bowman's Gin,Liter,1,4.84,0.968,32.14121732666125,C,Quarterly,Low,"Simple control, bulk ordering"
564,DeKuyper Blue Curacao,Liter,54,6.61,1.322,202.10690539980925,C,Quarterly,Low,"Simple control, bulk ordering"
565,Bombay Dry Gin,Liter,13,15.52,3.104,64.71587386334907,C,Quarterly,Low,"Simple control, bulk ordering"
567,Ketel One Vodka,Liter,750,20.71,4.142,425.52549385418195,A,Weekly,High,"Tight control, frequent replenishment"
576,Pastene Marsala,1.5L,3,6.92,1.3840000000000001,46.55781414331506,C,Quarterly,Low,"Simple control, bulk ordering"
585,1800 Reposado Gold Tequila,Liter,29,22.55,4.510000000000001,80.18824858196501,C,Quarterly,Low,"Simple control, bulk ordering"
586,Malibu Passion Fruit Rum,Liter,10,13.59,2.718,60.65621043723658,C,Quarterly,Low,"Simple control, bulk ordering"
587,Malibu Mango Rum,Liter,6,12.49,2.498,49.00940253900045,C,Quarterly,Low,"Simple control, bulk ordering"
589,Bols Blackberry Brandy,Liter,5,7.91,1.582,56.21882476449851,C,Quarterly,Low,"Simple control, bulk ordering"
590,Allen's Amaretto Liqueur,Liter,1,4.61,0.9220000000000002,32.93324609693921,C,Quarterly,Low,"Simple control, bulk ordering"
592,The Glenlivet Archive 21 Yr,750mL,12,127.99,25.598,21.65148087210195,C,Quarterly,Low,"Simple control, bulk ordering"
597,Baileys Irish Cream,Liter,826,21.53,4.306,437.978720901875,A,Weekly,High,"Tight control, frequent replenishment"
598,Stolichnaya Ohranj Orange,Liter,102,17.82,3.564,169.1730729741841,B,Monthly,Medium,Moderate control
599,Stolichnaya Razberi,Liter,280,17.03,3.4060000000000006,286.71914562409404,B,Monthly,Medium,Moderate control
600,McCormick Gin,Liter,34,5.21,1.042,180.63653711601867,C,Quarterly,Low,"Simple control, bulk ordering"
601,McCormick Vodka,Liter,164,5.38,1.076,390.40537506202884,C,Quarterly,Low,"Simple control, bulk ordering"
602,McCormick Blended Whiskey,Liter,84,5.36,1.072,279.9253631867321,C,Quarterly,Low,"Simple control, bulk ordering"
603,McCormick Gold Rum,Liter,2,5.03,1.006,44.58779620677098,C,Quarterly,Low,"Simple control, bulk ordering"
604,McCormick Silver Rum,Liter,41,5.14,1.028,199.7079579848792,C,Quarterly,Low,"Simple control, bulk ordering"
605,Alate Kosher Wine,750mL,13,9.67,1.9340000000000002,81.98670661788756,C,Quarterly,Low,"Simple control, bulk ordering"
607,Schmitt Sohne Funf Rsl,750mL,22,5.74,1.1480000000000001,138.43324407887755,C,Quarterly,Low,"Simple control, bulk ordering"
608,Cruzan Est Single Barrel Rum,750mL,2,23.43,4.686,20.65921691896022,C,Quarterly,Low,"Simple control, bulk ordering"
610,Moillard Pnt Nr Bourgogne,750mL,1,14.48,2.8960000000000004,18.58235365617916,C,Quarterly,Low,"Simple control, bulk ordering"
613,Beefeater 24,Liter,3,20.46,4.0920000000000005,27.076518053694116,C,Quarterly,Low,"Simple control, bulk ordering"
614,J W Dant Bourbon,1.75L,3,17.16,3.4320000000000004,29.56561979945413,C,Quarterly,Low,"Simple control, bulk ordering"
634,Cruzan Aged Light Rum,Liter,16,10.21,2.0420000000000003,88.5181079545152,C,Quarterly,Low,"Simple control, bulk ordering"
635,Sobieski Raspberry Vodka,Liter,22,7.87,1.574,118.22490573246857,C,Quarterly,Low,"Simple control, bulk ordering"
636,Bols Pomegranate Liqueur,Liter,5,6.98,1.3960000000000001,59.84698731864018,C,Quarterly,Low,"Simple control, bulk ordering"
640,Sobieski Orange Vodka,Liter,15,7.24,1.4480000000000002,101.77974269027922,C,Quarterly,Low,"Simple control, bulk ordering"
644,Amaretto DiSaronno,Liter,126,20.76,4.152,174.2033892013831,B,Monthly,Medium,Moderate control
649,Sauza Tres Generaciones Pla,750mL,48,28.67,5.734000000000001,91.49382294587696,C,Quarterly,Low,"Simple control, bulk ordering"
650,McCormick Cherry Vodka,Liter,1,5.07,1.014,31.403714651066384,C,Quarterly,Low,"Simple control, bulk ordering"
652,Frangelico Gift Pack-Candle,750mL,19,16.41,3.282,76.08648339563953,C,Quarterly,Low,"Simple control, bulk ordering"
653,Dom de Canton Ginger Liqueur,750mL,253,21.73,4.346,241.27670850919074,A,Weekly,High,"Tight control, frequent replenishment"
658,Allens Triple Sec,Liter,202,2.2,0.44000000000000006,677.5624761532393,C,Quarterly,Low,"Simple control, bulk ordering"
659,Rhum Barbancourt Estate RSV,750mL,79,23.25,4.65,130.34280690482294,B,Monthly,Medium,Moderate control
661,Red Stag by Jim Beam,750mL,638,9.99,1.9980000000000002,565.0834622596199,A,Weekly,High,"Tight control, frequent replenishment"
664,Ardbeg Uigeadail Scotch,750mL,44,54.01,10.802,63.82256462726028,B,Monthly,Medium,Moderate control
669,Robert Sinskey Merlot,750mL,45,26.84,5.368,91.5587812948095,C,Quarterly,Low,"Simple control, bulk ordering"
675,Mount Gay 1703 Old Cask Slct,750mL,11,78.73,15.746000000000002,26.43085541796251,C,Quarterly,Low,"Simple control, bulk ordering"
676,Pinnacle Whipped Vodka,750mL,811,8.65,1.7300000000000002,684.67957992599,A,Weekly,High,"Tight control, frequent replenishment"
680,Midnight Moon Strawberry,750mL,217,13.86,2.7720000000000002,279.7906865548392,B,Monthly,Medium,Moderate control
685,Caravan Cab Svgn,750mL,14,32.46,6.492000000000001,46.438134201014925,C,Quarterly,Low,"Simple control, bulk ordering"
686,Midnight Moon Cherry,750mL,105,14.95,2.99,187.3954558045293,C,Quarterly,Low,"Simple control, bulk ordering"
689,McManis Pnt Nr Cal,750mL,141,7.33,1.4660000000000002,310.12913738536207,C,Quarterly,Low,"Simple control, bulk ordering"
693,Svedka Vanilla Vodka,Liter,29,9.35,1.87,124.53120649208508,C,Quarterly,Low,"Simple control, bulk ordering"
694,Hiram Walker Creme de Cassis,Liter,26,6.23,1.2460000000000002,144.45336159384604,C,Quarterly,Low,"Simple control, bulk ordering"
700,Hiram Walker Cr de Cacao Br,Liter,14,6.33,1.266,105.15917371654103,C,Quarterly,Low,"Simple control, bulk ordering"
702,Skyy Vodka,Liter,25,11.95,2.39,102.27536871615327,C,Quarterly,Low,"Simple control, bulk ordering"
704,Van Winkle Special Rsv 12 Yr,750mL,1,47.61,9.522,10.247924365022428,C,Quarterly,Low,"Simple control, bulk ordering"
713,Capt Morgan Black Spiced Rum,Liter,5,19.11,3.822,36.16926311013095,C,Quarterly,Low,"Simple control, bulk ordering"
714,Allen's Peach Schnapps,Liter,1,4.31,0.862,34.06013516450858,C,Quarterly,Low,"Simple control, bulk ordering"
715,Hiram Walker Cr de Cacao Wh,Liter,12,6.19,1.2380000000000002,98.4533052354933,C,Quarterly,Low,"Simple control, bulk ordering"
718,Hiram Walker Mango,Liter,2,8.07,1.614,35.201667190438144,C,Quarterly,Low,"Simple control, bulk ordering"
731,Black & White Scotch,1.75L,9,20.6,4.12,46.738271463731685,C,Quarterly,Low,"Simple control, bulk ordering"
735,Orange Quattro di Amore,Liter,7,10.81,2.1620000000000004,56.90116721748599,C,Quarterly,Low,"Simple control, bulk ordering"
742,DeKuyper Spearmint Schnapps,Liter,2,10.39,2.0780000000000003,31.02360242788488,C,Quarterly,Low,"Simple control, bulk ordering"
743,Angels Envy Whiskey,750mL,143,36.5,7.300000000000001,139.96085558430403,B,Monthly,Medium,Moderate control
749,Stolichnaya Hot Vodka,750mL,6,15.14,3.0280000000000005,44.51410949932429,C,Quarterly,Low,"Simple control, bulk ordering"
751,Sobieski Espresso Vodka,Liter,28,7.51,1.502,136.5350171889064,C,Quarterly,Low,"Simple control, bulk ordering"
753,LaBelle Winery Blueberry,750mL,78,13.79,2.758,168.1706374690422,C,Quarterly,Low,"Simple control, bulk ordering"
756,Barton Long Island Iced Tea,Liter,286,5.34,1.068,517.4845525929104,C,Quarterly,Low,"Simple control, bulk ordering"
757,Jim Beam Rye,750mL,278,13.95,2.79,315.66054086776813,B,Monthly,Medium,Moderate control
758,Cointreau Liqueur,Liter,121,28.77,5.7540000000000004,145.01327351660873,B,Monthly,Medium,Moderate control
759,Bunnahabhain 12 Yr Single,750mL,96,37.0,7.4,113.89895949029987,B,Monthly,Medium,Moderate control
764,Smirnoff Blueberry Vodka,Liter,12,10.42,2.084,75.88252361140421,C,Quarterly,Low,"Simple control, bulk ordering"
775,Barton Light Rum,Liter,180,4.56,0.9119999999999999,444.2616583193193,C,Quarterly,Low,"Simple control, bulk ordering"
776,Jim Beam Black,Liter,3,18.1,3.6200000000000006,28.78765849748735,C,Quarterly,Low,"Simple control, bulk ordering"
778,Svedka Vodka,Liter,65,10.23,2.0460000000000003,178.23946241742973,C,Quarterly,Low,"Simple control, bulk ordering"
779,Svedka Raspberry Vodka,Liter,38,9.55,1.9100000000000001,141.05065741823105,C,Quarterly,Low,"Simple control, bulk ordering"
780,Svedka Clementine Vodka,Liter,9,9.84,1.968,67.62522260005743,C,Quarterly,Low,"Simple control, bulk ordering"
782,Remy Martin 1738 Accord Ryl,750mL,469,35.15,7.03,258.29069379974993,A,Weekly,High,"Tight control, frequent replenishment"
784,Allen's Sour Apple Liqueur,Liter,4,4.37,0.8740000000000001,67.65100914917383,C,Quarterly,Low,"Simple control, bulk ordering"
787,Cherry Heering Liqueur,750mL,5,17.85,3.5700000000000003,37.42405942825599,C,Quarterly,Low,"Simple control, bulk ordering"
788,Skinnygirl Cucumber Vodka,750mL,36,11.19,2.238,126.82977128702275,C,Quarterly,Low,"Simple control, bulk ordering"
797,Creme Yvette Liqueur,750mL,1,18.31,3.662,16.52497571863164,C,Quarterly,Low,"Simple control, bulk ordering"
800,Jameson Irish Whiskey,Liter,911,24.02,4.804,435.46944626973686,A,Weekly,High,"Tight control, frequent replenishment"
802,Bacardi Torched Cherry Rum,750mL,347,7.99,1.598,465.98973490979563,B,Monthly,Medium,Moderate control
803,Bacardi Gold Rum,Liter,2,9.92,1.984,31.750031750047626,C,Quarterly,Low,"Simple control, bulk ordering"
804,Bacardi Limon Rum,Liter,34,11.56,2.3120000000000003,121.26781251816648,C,Quarterly,Low,"Simple control, bulk ordering"
806,DeKuyper Peachtree Schnapps,Liter,92,10.39,2.0780000000000003,210.4123089312015,C,Quarterly,Low,"Simple control, bulk ordering"
807,Jim Beam,Liter,1051,13.23,2.6460000000000004,630.2406887648197,A,Weekly,High,"Tight control, frequent replenishment"
809,Southern Comfort,Liter,362,13.13,2.6260000000000003,371.2845899887818,B,Monthly,Medium,Moderate control
810,Bacardi Black Razz,750mL,417,7.19,1.4380000000000002,538.5035671136808,B,Monthly,Medium,Moderate control
811,Jack Daniels No 7 Black,Liter,1789,19.84,3.968,671.4587514052592,A,Weekly,High,"Tight control, frequent replenishment"
812,Jagermeister Liqueur,Liter,1176,17.03,3.4060000000000006,587.5993937736184,A,Weekly,High,"Tight control, frequent replenishment"
814,Sammy's Beach Bar Rum,750mL,4,14.39,2.878,37.280746576794044,C,Quarterly,Low,"Simple control, bulk ordering"
818,Gordons London Dry Gin,Liter,144,7.35,1.47,312.98431857438067,C,Quarterly,Low,"Simple control, bulk ordering"
821,Grand Marnier,Liter,443,27.99,5.598,281.31015890288245,A,Weekly,High,"Tight control, frequent replenishment"
822,Tanqueray,Liter,673,19.99,3.9979999999999998,410.285470232059,A,Weekly,High,"Tight control, frequent replenishment"
823,Johnnie Walker Red Label,Liter,17,20.43,4.086,64.50231169044757,C,Quarterly,Low,"Simple control, bulk ordering"
824,Dewars White Label Scotch,Liter,636,20.76,4.152,391.38113233962247,A,Weekly,High,"Tight control, frequent replenishment"
825,Johnnie Walker Black Label,Liter,145,29.99,5.998,155.48223341688518,B,Monthly,Medium,Moderate control
826,Clan MacGregor Scotch,Liter,4,9.59,1.9180000000000001,45.6673377277543,C,Quarterly,Low,"Simple control, bulk ordering"
827,Bols Anisette,Liter,10,7.4,1.4800000000000002,82.19949365267864,C,Quarterly,Low,"Simple control, bulk ordering"
828,Bols Sloe Gin,Liter,5,7.74,1.548,56.83286162253946,C,Quarterly,Low,"Simple control, bulk ordering"
829,Tanqueray Sterling Vodka,Liter,187,10.71,2.1420000000000003,295.46842014263945,B,Monthly,Medium,Moderate control
830,Bols White Creme De Menthe,Liter,6,7.35,1.47,63.887656499993994,C,Quarterly,Low,"Simple control, bulk ordering"
831,Bols Green Creme De Menthe,Liter,43,7.46,1.492,169.7656482776202,C,Quarterly,Low,"Simple control, bulk ordering"
832,Bols Strawberry Liqueur,Liter,8,7.24,1.4480000000000002,74.32941462471663,C,Quarterly,Low,"Simple control, bulk ordering"
833,Bols White Creme De Cacao,Liter,31,7.99,1.598,139.28118703301843,C,Quarterly,Low,"Simple control, bulk ordering"
834,Bols Brown Creme de Cacao,Liter,32,7.68,1.536,144.33756729740642,C,Quarterly,Low,"Simple control, bulk ordering"
835,Bols Creme De Noyaux,Liter,12,7.57,1.5140000000000002,89.02821899864858,C,Quarterly,Low,"Simple control, bulk ordering"
836,Bols Creme de Cassis,Liter,10,7.8,1.56,80.06407690254356,C,Quarterly,Low,"Simple control, bulk ordering"
837,Bols Creme de Banana,Liter,24,7.93,1.586,123.01385521570944,C,Quarterly,Low,"Simple control, bulk ordering"
838,Bols Cherry Flavored Brandy,Liter,43,7.96,1.592,164.34734634686464,C,Quarterly,Low,"Simple control, bulk ordering"
840,Bols Peach Flavored Brandy,Liter,13,8.79,1.758,85.99282981988853,C,Quarterly,Low,"Simple control, bulk ordering"
842,Bols Apricot Flavored Brand,Liter,10,8.45,1.69,76.92307692307692,C,Quarterly,Low,"Simple control, bulk ordering"
844,Bols Melon Liqueur,Liter,14,7.19,1.4380000000000002,98.66987427281194,C,Quarterly,Low,"Simple control, bulk ordering"
845,Bols Amaretto Liqueur,Liter,12,7.19,1.4380000000000002,91.35055284379986,C,Quarterly,Low,"Simple control, bulk ordering"
847,Glenfiddich 12 Year Old Sco,Liter,18,35.65,7.13,50.244842317626414,C,Quarterly,Low,"Simple control, bulk ordering"
849,Bols Peach Schnapps,Liter,5,7.35,1.47,58.321184351980435,C,Quarterly,Low,"Simple control, bulk ordering"
853,Bols Butterscotch,Liter,2,7.4,1.4800000000000002,36.760731104690386,C,Quarterly,Low,"Simple control, bulk ordering"
854,Seagrams VO Canadian Whiskey,Liter,276,11.67,2.334,343.87778064388743,B,Monthly,Medium,Moderate control
855,Black Velvet,Liter,111,8.65,1.7300000000000002,253.30189440859428,C,Quarterly,Low,"Simple control, bulk ordering"
856,Chinaco Blanco Tequila,750mL,41,21.73,4.346,97.12858623572642,C,Quarterly,Low,"Simple control, bulk ordering"
857,Kahlua,Liter,1476,16.17,3.2340000000000004,675.5743794098677,A,Weekly,High,"Tight control, frequent replenishment"
858,Canadian Club,Liter,720,8.95,1.79,634.2197070980279,A,Weekly,High,"Tight control, frequent replenishment"
859,Beefeater Gin,Liter,243,17.29,3.458,265.08835023389497,B,Monthly,Medium,Moderate control
860,Bols Orange Curacao,Liter,139,8.79,1.758,281.1887652969759,C,Quarterly,Low,"Simple control, bulk ordering"
861,Barton Gin,Liter,71,4.67,0.934,275.7120429378902,C,Quarterly,Low,"Simple control, bulk ordering"
862,Jacques Bonet Brandy,Liter,3,6.05,1.21,49.79295977319692,C,Quarterly,Low,"Simple control, bulk ordering"
863,Ten High Bourbon,Liter,2,5.83,1.1660000000000001,41.41576832812911,C,Quarterly,Low,"Simple control, bulk ordering"
865,Montezuma Tequila White,Liter,39,5.5,1.1,188.29377433825434,C,Quarterly,Low,"Simple control, bulk ordering"
866,Absolut Hibiskus,Liter,6,15.93,3.186,43.396303660274626,C,Quarterly,Low,"Simple control, bulk ordering"
868,Tanqueray Ten Gin,Liter,28,24.61,4.922000000000001,75.42376557054354,C,Quarterly,Low,"Simple control, bulk ordering"
869,DeKuyper Anisette,Liter,14,7.57,1.5140000000000002,96.16146702855163,C,Quarterly,Low,"Simple control, bulk ordering"
870,Carpano Antica Formula,Liter,163,17.64,3.5280000000000005,214.94607244366412,B,Monthly,Medium,Moderate control
871,DeKuyper Blackberry Brandy,Liter,2,7.51,1.502,36.490518258441334,C,Quarterly,Low,"Simple control, bulk ordering"
874,DeKuyper Creme de Banana,Liter,8,6.71,1.342,77.20914364821829,C,Quarterly,Low,"Simple control, bulk ordering"
875,DeKuyper Creme de Cacao Dark,Liter,58,6.56,1.312,210.2553615800813,C,Quarterly,Low,"Simple control, bulk ordering"
876,DeKuyper Creme de Cacao Whit,Liter,62,6.66,1.332,215.7464867536585,C,Quarterly,Low,"Simple control, bulk ordering"
877,DeKuyper Creme de Cassis,Liter,81,7.02,1.404,240.1922307076307,C,Quarterly,Low,"Simple control, bulk ordering"
878,DeKuyper Green Creme de Ment,Liter,114,7.46,1.492,276.41907803625435,C,Quarterly,Low,"Simple control, bulk ordering"
879,DeKuyper White Creme de Ment,Liter,25,7.4,1.4800000000000002,129.96881122750906,C,Quarterly,Low,"Simple control, bulk ordering"
880,Sobieski Vanilla Vodka,Liter,15,7.57,1.5140000000000002,99.53657479835825,C,Quarterly,Low,"Simple control, bulk ordering"
881,DeKuyper Hazelnut,Liter,15,6.56,1.312,106.92486534603769,C,Quarterly,Low,"Simple control, bulk ordering"
882,DeKuyper Hot Damn Cinnamon,Liter,18,10.39,2.0780000000000003,93.07080728365464,C,Quarterly,Low,"Simple control, bulk ordering"
883,Patron Burdeos Anejo Tequila,750mL,1,390.62,78.12400000000001,3.57773166155557,C,Quarterly,Low,"Simple control, bulk ordering"
884,DeKuyper Orange Curacao,Liter,36,7.08,1.4160000000000001,159.44820103582015,C,Quarterly,Low,"Simple control, bulk ordering"
885,Arrow Apricot Brandy,750mL,12,6.05,1.21,99.58591954639384,C,Quarterly,Low,"Simple control, bulk ordering"
887,DeKuyper Razzmatazz,Liter,58,10.15,2.0300000000000002,169.03085094570332,C,Quarterly,Low,"Simple control, bulk ordering"
888,DeKuyper Sloe Gin,Liter,1,7.19,1.4380000000000002,26.37063313749449,C,Quarterly,Low,"Simple control, bulk ordering"
889,DeKuyper Sour Apple Pucker,Liter,75,9.84,1.968,195.21720236075757,C,Quarterly,Low,"Simple control, bulk ordering"
890,Sobieski Cytron Vodka,Liter,15,7.46,1.492,100.26773809630424,C,Quarterly,Low,"Simple control, bulk ordering"
892,Uncle Val's Botanical Gin,750mL,163,24.99,4.998,180.59082262974283,B,Monthly,Medium,Moderate control
895,Sambuca Romana,Liter,111,18.17,3.6340000000000003,174.77086185975304,B,Monthly,Medium,Moderate control
896,Rumpleminze,Liter,158,18.6,3.7200000000000006,206.09007321938114,B,Monthly,Medium,Moderate control
897,Montezuma Blue,Liter,67,4.92,0.984,260.9395157777161,C,Quarterly,Low,"Simple control, bulk ordering"
899,Absolut Mandrin,Liter,18,14.5,2.9000000000000004,78.78385971583353,C,Quarterly,Low,"Simple control, bulk ordering"
901,Creta Olympia White,375mL,24,3.92,0.784,174.9635530559413,C,Quarterly,Low,"Simple control, bulk ordering"
903,Bombay Sapphire Gin,Liter,548,18.79,3.758,381.8667907470689,A,Weekly,High,"Tight control, frequent replenishment"
904,Malibu Rum,Liter,353,12.22,2.4440000000000004,380.04651278779073,B,Monthly,Medium,Moderate control
905,DeKuyper Grape Pucker,Liter,8,9.62,1.924,64.4825880219161,C,Quarterly,Low,"Simple control, bulk ordering"
906,DeKuyper Watermelon Pucker,Liter,26,10.15,2.0300000000000002,113.1719124756625,C,Quarterly,Low,"Simple control, bulk ordering"
910,Goldschlager Cinnamon Schnps,Liter,12,17.29,3.458,58.90852227419888,C,Quarterly,Low,"Simple control, bulk ordering"
911,Yukon Jack,Liter,20,15.32,3.064,80.79242008754989,C,Quarterly,Low,"Simple control, bulk ordering"
912,Smirnoff Vanilla Vodka,Liter,12,11.15,2.23,73.35643066073015,C,Quarterly,Low,"Simple control, bulk ordering"
913,Smirnoff Raspberry Vodka,Liter,52,10.58,2.116,156.76309893321692,C,Quarterly,Low,"Simple control, bulk ordering"
914,Smirnoff Orange Vodka,Liter,12,11.5,2.3000000000000003,72.23151185146152,C,Quarterly,Low,"Simple control, bulk ordering"
915,Smirnoff Citrus Vodka,Liter,26,10.98,2.196,108.8104248728955,C,Quarterly,Low,"Simple control, bulk ordering"
918,Smirnoff Cherry Vodka,Liter,8,10.89,2.1780000000000004,60.6060606060606,C,Quarterly,Low,"Simple control, bulk ordering"
920,Sobieski Vodka,Liter,15,7.57,1.5140000000000002,99.53657479835825,C,Quarterly,Low,"Simple control, bulk ordering"
926,Hangar One Kaffir Lime Vodk,750mL,2,20.58,4.116,22.043335708870273,C,Quarterly,Low,"Simple control, bulk ordering"
929,DeKuyper Island Punch Pucker,Liter,23,9.28,1.8559999999999999,111.32044457021516,C,Quarterly,Low,"Simple control, bulk ordering"
932,Robert Sinskey Marcien Red,750mL,2,55.91,11.182,13.37381323121454,C,Quarterly,Low,"Simple control, bulk ordering"
934,Tanteo Jalapeno Tequila,750mL,121,26.08,5.216,152.3084132959706,B,Monthly,Medium,Moderate control
935,Tanteo Tropical Tequila,750mL,1,30.07,6.014,12.894909192112602,C,Quarterly,Low,"Simple control, bulk ordering"
938,Jack Daniels Master Dist VAP,750mL,89,22.55,4.510000000000001,140.47748791878857,B,Monthly,Medium,Moderate control
942,Glenmorangie Nectar D'Or,750mL,73,45.45,9.090000000000002,89.61474811830935,B,Monthly,Medium,Moderate control
945,Vincent Van Gogh Pineapple,750mL,4,20.43,4.086,31.288216964262137,C,Quarterly,Low,"Simple control, bulk ordering"
950,Mastersons 10 Yr Old Rye,750mL,3,58.82,11.764000000000001,15.969198505812841,C,Quarterly,Low,"Simple control, bulk ordering"
956,Jose Cuervo Tradicional,Liter,10,22.89,4.578,46.73713708096721,C,Quarterly,Low,"Simple control, bulk ordering"
957,Hangar One Blueberry Vodka,750mL,2,21.37,4.274,21.632053030091193,C,Quarterly,Low,"Simple control, bulk ordering"
966,Patron Citronge Orange Liqu,750mL,591,16.15,3.23,427.75242398250674,A,Weekly,High,"Tight control, frequent replenishment"
967,Chopin Vodka,Liter,1,24.8,4.960000000000001,14.19904585617662,C,Quarterly,Low,"Simple control, bulk ordering"
970,Prairie Organic Kosher Vodka,750mL,116,12.11,2.422,218.8476690064629,C,Quarterly,Low,"Simple control, bulk ordering"
971,Sauza Extra Gold Tequila,Liter,67,11.42,2.2840000000000003,171.2731761708667,C,Quarterly,Low,"Simple control, bulk ordering"
972,Ciroc Snap Frost Vodka,Liter,21,25.95,5.19,63.610083906299586,C,Quarterly,Low,"Simple control, bulk ordering"
973,Bacardi 1873 Solera Rum,750mL,22,11.9,2.3800000000000003,96.14414947874673,C,Quarterly,Low,"Simple control, bulk ordering"
975,Drambuie,Liter,14,26.31,5.2620000000000005,51.580862039833434,C,Quarterly,Low,"Simple control, bulk ordering"
976,McCormick Gold Label Bourbon,Liter,140,7.47,1.494,306.11789558489164,C,Quarterly,Low,"Simple control, bulk ordering"
977,McCormick Scotch,Liter,3,8.98,1.7960000000000003,40.87026570935984,C,Quarterly,Low,"Simple control, bulk ordering"
978,Ron Rio Silver Rum,Liter,182,5.3,1.06,414.36471037909,C,Quarterly,Low,"Simple control, bulk ordering"
979,Pancho Villa Rojo,Liter,9,5.9,1.1800000000000002,87.33337646093729,C,Quarterly,Low,"Simple control, bulk ordering"
981,McCormick Triple Sec,Liter,128,2.89,0.5780000000000001,470.5882352941176,C,Quarterly,Low,"Simple control, bulk ordering"
982,McCormick Long Island Iced,Liter,137,5.46,1.092,354.20033237967954,C,Quarterly,Low,"Simple control, bulk ordering"
984,Patron XO Cafe Liqueur,750mL,425,20.63,4.126,320.9444376223358,A,Weekly,High,"Tight control, frequent replenishment"
989,Absolut Pears,Liter,9,14.59,2.918,55.53651337657096,C,Quarterly,Low,"Simple control, bulk ordering"
994,Absolut Apeach,Liter,28,14.81,2.962,97.22691113308473,C,Quarterly,Low,"Simple control, bulk ordering"
995,Absolut Ruby Red,Liter,24,15.99,3.1980000000000004,86.629616364842,C,Quarterly,Low,"Simple control, bulk ordering"
998,Corralejo Blanco Tequila,750mL,20,18.51,3.7020000000000004,73.501599595967,C,Quarterly,Low,"Simple control, bulk ordering"
999,Jameson 18 Year Old,750mL,23,89.84,17.968,35.7778343156347,B,Monthly,Medium,Moderate control
1000,Goslings Dark'n Stormy VAP,750mL,29,11.62,2.324,111.7071410879879,C,Quarterly,Low,"Simple control, bulk ordering"
1001,Bailey's 50mL 4 Pack,50mL 4 Pk,853,4.28,0.8560000000000001,998.2461255135447,B,Monthly,Medium,Moderate control
1003,Crown Royal +2 Reusable Cups,750mL,18,16.66,3.3320000000000003,73.49939363250378,C,Quarterly,Low,"Simple control, bulk ordering"
1004,Jim Beam w/2 Rocks Glasses,750mL,42,10.65,2.1300000000000003,140.42189949988187,C,Quarterly,Low,"Simple control, bulk ordering"
1005,Maker's Mark Combo Pack,375mL 2 Pk,280,27.34,5.468,226.28968751888752,A,Weekly,High,"Tight control, frequent replenishment"
1006,Jim Beam Candy Cane 4/50mLs,50mL 4 Pk,149,3.14,0.6280000000000001,487.0945970720834,C,Quarterly,Low,"Simple control, bulk ordering"
1007,12 Days of Pearls Gift Set,50mL 12 Pk,26,7.19,1.4380000000000002,134.46437295388094,C,Quarterly,Low,"Simple control, bulk ordering"
1009,Rebel Yell Variety Pack,750mL 3 Pk,60,38.75,7.75,87.98826901281197,B,Monthly,Medium,Moderate control
1012,Courvoisier VSOP VAP,750mL,34,25.73,5.146000000000001,81.28390649514063,C,Quarterly,Low,"Simple control, bulk ordering"
1013,Kahlua Pumpkin Spice Liqueur,750mL,79,10.29,2.058,195.92545338659414,C,Quarterly,Low,"Simple control, bulk ordering"
1019,Drambuie Glass Pack,750mL,83,20.6,4.12,141.93530592478098,C,Quarterly,Low,"Simple control, bulk ordering"
1020,B & B Dom VAP,750mL,47,18.11,3.622,113.91337152431909,C,Quarterly,Low,"Simple control, bulk ordering"
1021,St Brendans Peppermint Bark,750mL,79,10.76,2.152,191.59863562854824,C,Quarterly,Low,"Simple control, bulk ordering"
1022,St Brendans Salted Caramel,750mL,110,10.6,2.12,227.7867258047101,C,Quarterly,Low,"Simple control, bulk ordering"
1023,Hennessy VSOP Cognac + 50mL,750mL,237,35.93,7.186,181.6061562618599,A,Weekly,High,"Tight control, frequent replenishment"
1024,Hennessey VS +VSOP 50mL,750mL,512,19.99,3.9979999999999998,357.86035267406754,A,Weekly,High,"Tight control, frequent replenishment"
1025,Fulton's Harvest Pumpkin Liq,750mL,31,5.26,1.052,171.6615292031532,C,Quarterly,Low,"Simple control, bulk ordering"
1026,Ole Smoky Apple Pie Pour Pak,750mL,11,14.61,2.922,61.355886696442084,C,Quarterly,Low,"Simple control, bulk ordering"
1029,Fulton's Harvest Apple Pie L,750mL,66,5.26,1.052,250.4748342359993,C,Quarterly,Low,"Simple control, bulk ordering"
1030,Ole Smoky Pumpkin Pie,750mL,28,13.56,2.712,101.60946695958604,C,Quarterly,Low,"Simple control, bulk ordering"
1031,Avion Tasting Flight 3/375mL,375mL 3 Pk,23,33.57,6.714,58.529289150068045,C,Quarterly,Low,"Simple control, bulk ordering"
1032,Woodford Rsv MC Classic Malt,750mL,1,70.86,14.172,8.400099457766373,C,Quarterly,Low,"Simple control, bulk ordering"
1033,Chivas Regal w/ 2 Glasses,750mL,31,23.07,4.614,81.96756841183024,C,Quarterly,Low,"Simple control, bulk ordering"
1034,Mr Boston Holiday Nog,750mL,10,3.81,0.762,114.55723277057845,C,Quarterly,Low,"Simple control, bulk ordering"
1035,Pinnacle Vodka Gift Pak,750mL + 3/,56,8.59,1.718,180.54373960123,C,Quarterly,Low,"Simple control, bulk ordering"
1036,Jameson Trilogy Pack,200mL 3 Pk,58,29.84,5.968,98.5824460008851,C,Quarterly,Low,"Simple control, bulk ordering"
1037,JP Wiser's Rye w/ 2 Glasses,750mL,28,15.5,3.1,95.03819266229829,C,Quarterly,Low,"Simple control, bulk ordering"
1038,1800 Silver w/ Shot Glasses,750mL,46,16.41,3.282,118.38852983951807,C,Quarterly,Low,"Simple control, bulk ordering"
1039,Three Olives Vodka w/Flask,750mL,168,10.31,2.0620000000000003,285.4370277298025,C,Quarterly,Low,"Simple control, bulk ordering"
1042,Benchmark Egg Nog,750mL,41,5.34,1.068,195.9324197487854,C,Quarterly,Low,"Simple control, bulk ordering"
1045,Glenfiddich Trio 200ml Pack,200mL 3 Pk,21,33.55,6.71,55.94333944284953,C,Quarterly,Low,"Simple control, bulk ordering"
1048,Mother's Holiday Nog,750mL,42,5.11,1.022,202.72121351984578,C,Quarterly,Low,"Simple control, bulk ordering"
1049,Old New England Pumpkin Nog,750mL,152,5.55,1.11,370.0499114132267,C,Quarterly,Low,"Simple control, bulk ordering"
1050,Hudson Maple Cask Rye,375mL,32,32.84,6.568000000000001,69.8004812759776,C,Quarterly,Low,"Simple control, bulk ordering"
1051,Woodford Reserve MC 1838,750mL,13,74.62,14.924000000000001,29.51406680504776,C,Quarterly,Low,"Simple control, bulk ordering"
1059,Old St Nick's Egg Nog,750mL,32,3.4,0.68,216.93045781865618,C,Quarterly,Low,"Simple control, bulk ordering"
1060,Jack Daniels Bruins Glass Pk,Liter,383,21.7,4.34,297.06707647645385,A,Weekly,High,"Tight control, frequent replenishment"
1061,Christian Bros Holiday Nog,750mL,28,5.3,1.06,162.5272110744002,C,Quarterly,Low,"Simple control, bulk ordering"
1062,St Christopher Gluhwein,Liter,6,4.57,0.9140000000000001,81.02191939419527,C,Quarterly,Low,"Simple control, bulk ordering"
1064,Jack Daniels Honey + Glass,750mL,320,18.39,3.6780000000000004,294.9640764847996,B,Monthly,Medium,Moderate control
1065,DiSaronno Cavalli Collection,50mL 3 Pk,103,10.07,2.0140000000000002,226.14598373239343,C,Quarterly,Low,"Simple control, bulk ordering"
1066,DiSaronno Cavalli Glass Pack,750mL,14,15.99,3.1980000000000004,66.16446240281226,C,Quarterly,Low,"Simple control, bulk ordering"
1090,Licor 43 Liqueur Gift Pack,750mL,5,13.59,2.718,42.89041772124823,C,Quarterly,Low,"Simple control, bulk ordering"
1094,Four Roses Single Barrel Brb,750mL,194,29.92,5.984000000000001,180.054952990071,A,Weekly,High,"Tight control, frequent replenishment"
1096,Evan Williams Egg Nog,750mL,8,5.55,1.11,84.89527199560177,C,Quarterly,Low,"Simple control, bulk ordering"
1106,Aberfeldy Single Cask,750mL,1,155.55,31.110000000000003,5.6695683383341295,C,Quarterly,Low,"Simple control, bulk ordering"
1107,Common Man Slctn Woodford Rs,Liter,2,36.5,7.300000000000001,16.55211777204736,C,Quarterly,Low,"Simple control, bulk ordering"
1112,Ardbeg Exploration Pk +50mls,750mL,138,34.91,6.981999999999999,140.5884429232587,B,Monthly,Medium,Moderate control
1120,Jesse James Spiced Bourbon,750mL,12,12.49,2.498,69.30976175445683,C,Quarterly,Low,"Simple control, bulk ordering"
1129,Smugglers Notch Rum,750mL,2,30.15,6.03,18.211945490271766,C,Quarterly,Low,"Simple control, bulk ordering"
1133,Glenmorangie Collection 4 Pk,100mL 4 Pk,108,23.01,4.602,153.19287635644957,B,Monthly,Medium,Moderate control
1135,Rebel Reserve Bourbon,750mL,345,15.62,3.124,332.31812967182327,B,Monthly,Medium,Moderate control
1136,Malibu 50ml Sampler Pack,50mL 5 Pk,174,3.87,0.774,474.13732351544274,C,Quarterly,Low,"Simple control, bulk ordering"
1148,Old New England Egg Nog,750mL,37,5.26,1.052,187.53960291521616,C,Quarterly,Low,"Simple control, bulk ordering"
1156,Old New England Egg Nog,1.75L,20,9.28,1.8559999999999999,103.80684981717496,C,Quarterly,Low,"Simple control, bulk ordering"
1158,Old New England Choc Egg Nog,750mL,134,5.34,1.068,354.2148568228152,C,Quarterly,Low,"Simple control, bulk ordering"
1168,Old Grand Dad Bonded,750mL,154,14.28,2.856,232.210182006412,B,Monthly,Medium,Moderate control
1173,Woodford Rsv Cotton Restrant,Liter,7,36.5,7.300000000000001,30.966176864266615,C,Quarterly,Low,"Simple control, bulk ordering"
1174,Rebel Yell,1.75L,429,15.87,3.174,367.64205489756006,A,Weekly,High,"Tight control, frequent replenishment"
1178,Evan Williams Black Label B,750mL,825,7.83,1.566,725.8236172594878,A,Weekly,High,"Tight control, frequent replenishment"
1180,Evan Williams Black Label B,1.75L,2660,13.07,2.6140000000000003,1008.7604034878591,A,Weekly,High,"Tight control, frequent replenishment"
1181,Kahlua Peppermint Mocha,750mL,60,11.02,2.204,164.99463776140772,C,Quarterly,Low,"Simple control, bulk ordering"
1186,Evan Williams Single Barrel,750mL,109,17.98,3.596,174.10185861913848,B,Monthly,Medium,Moderate control
1210,Elmer T Lee Bourbon,750mL,5,27.34,5.468,30.23923145913616,C,Quarterly,Low,"Simple control, bulk ordering"
1212,DiSaronna Amaretto Sour VAP,750mL,717,14.38,2.8760000000000003,499.3041054386872,A,Weekly,High,"Tight control, frequent replenishment"
1214,Apple Orchard Liqueur,750mL,61,5.34,1.068,238.98975892057354,C,Quarterly,Low,"Simple control, bulk ordering"
1215,Tullibardine Sherry Finish,750mL,7,50.77,10.154000000000002,26.256113463143816,C,Quarterly,Low,"Simple control, bulk ordering"
1220,Woodford Reserve Bourbon,750mL,1016,21.89,4.378,481.7358592627176,A,Weekly,High,"Tight control, frequent replenishment"
1226,Lexington Bourbon,750mL,142,19.99,3.9979999999999998,188.46155809458787,B,Monthly,Medium,Moderate control
1228,Glenfiddich Ancient RSV 18,750mL,71,69.76,13.952000000000002,71.336359220169,B,Monthly,Medium,Moderate control
1231,Jack Daniels No 7 Black,375mL,2258,9.48,1.8960000000000001,1091.2966003988988,A,Weekly,High,"Tight control, frequent replenishment"
1232,Jack Daniels No 7 Black,750mL,4806,15.93,3.186,1228.1997297960893,A,Weekly,High,"Tight control, frequent replenishment"
1233,Jack Daniels No 7 Black,1.75L,9578,26.27,5.2540000000000004,1350.182212181229,A,Weekly,High,"Tight control, frequent replenishment"
1236,Southern Comfort & Egg Nog,1.75L,19,13.56,2.712,83.7012527087543,C,Quarterly,Low,"Simple control, bulk ordering"
1237,Jack Daniels Single Barrel,750mL,317,33.83,6.766,216.45301243406718,A,Weekly,High,"Tight control, frequent replenishment"
1238,The Glenlivet 12 Yr Single,50mL,692,3.56,0.7120000000000001,985.8550158920684,B,Monthly,Medium,Moderate control
1239,Booker's Bourbon,750mL,254,39.99,7.998000000000001,178.20757415124424,A,Weekly,High,"Tight control, frequent replenishment"
1240,Remy Martin VSOP Gift Pack,750mL,4,24.99,4.998,28.28992979933355,C,Quarterly,Low,"Simple control, bulk ordering"
1244,Jack Daniels Winter Jack,750mL,469,12.79,2.558,428.18963596419076,B,Monthly,Medium,Moderate control
1248,Tullibardine Sauterne Finish,750mL,4,47.44,9.488,20.532539058829546,C,Quarterly,Low,"Simple control, bulk ordering"
1252,Jim Beam Bonded Bourbon,750mL,67,13.84,2.7680000000000002,155.58021182701458,C,Quarterly,Low,"Simple control, bulk ordering"
1253,Tullibardine Burgundy Finish,750mL,2,51.17,10.234000000000002,13.979521022284965,C,Quarterly,Low,"Simple control, bulk ordering"
1258,Jim Beam Black,750mL,314,17.03,3.4060000000000006,303.62847774145956,B,Monthly,Medium,Moderate control
1259,St George Gin 3/200mls Combo,200mL 3 Pk,24,21.05,4.21,75.50306344164873,C,Quarterly,Low,"Simple control, bulk ordering"
1261,Jim Beam Kentucky Fire,50mL,1789,0.74,0.148,3476.756798776388,C,Quarterly,Low,"Simple control, bulk ordering"
1262,Fitch's Goat Moonshine,750mL,27,16.79,3.358,89.66883682638192,C,Quarterly,Low,"Simple control, bulk ordering"
1267,Fitch's Goat 100% Corn Whsky,750mL,16,21.89,4.378,60.45359228752222,C,Quarterly,Low,"Simple control, bulk ordering"
1269,Jeffersons Bourbon,750mL,937,19.11,3.822,495.13594325443535,A,Weekly,High,"Tight control, frequent replenishment"
1271,Jeffersons Reserve Bourbon,750mL,211,37.59,7.518000000000001,167.52902731571413,A,Weekly,High,"Tight control, frequent replenishment"
1273,Jim Beam Choice,1.75L,182,23.19,4.638000000000001,198.0935440080337,B,Monthly,Medium,Moderate control
1274,No. 14 Bourbon,750mL,2,34.88,6.976000000000001,16.932136536964908,C,Quarterly,Low,"Simple control, bulk ordering"
1276,Jack Daniels Single Barrel,50mL,472,3.87,0.774,780.9091633775521,C,Quarterly,Low,"Simple control, bulk ordering"
1278,Jim Beam Black,1.75L,663,26.71,5.3420000000000005,352.2936558010005,A,Weekly,High,"Tight control, frequent replenishment"
1281,Benchmark Old #8 Bourbon,1.75L,942,11.19,2.238,648.776947918261,A,Weekly,High,"Tight control, frequent replenishment"
1282,Small Batch 1792,750mL,218,18.7,3.74,241.43067338984898,B,Monthly,Medium,Moderate control
1295,Jack Daniels No 7 Black,100mL,1564,2.89,0.5780000000000001,1644.9566416599484,B,Monthly,Medium,Moderate control
1296,Tap 357 Maple Rye Whisky,750mL,47,20.6,4.12,106.80714859170833,C,Quarterly,Low,"Simple control, bulk ordering"
1309,Makers Mark Cask Strength,750mL,28,44.44,8.888,56.127667255134966,C,Quarterly,Low,"Simple control, bulk ordering"
1323,Early Times,1.75L,473,13.59,2.718,417.16305972111115,A,Weekly,High,"Tight control, frequent replenishment"
1328,Ole Smoky Peach Moonshine,750mL,16,12.49,2.498,80.03201921280896,C,Quarterly,Low,"Simple control, bulk ordering"
1330,Grey Goose Glass Pack,1.75L,146,38.27,7.654000000000001,138.11224951997556,A,Weekly,High,"Tight control, frequent replenishment"
1336,Gr Marnier Cordon Rouge VAP,750mL,151,19.42,3.8840000000000003,197.1736441110445,B,Monthly,Medium,Moderate control
1339,The Glenlivet 12 Yr Single,Liter,85,35.38,7.0760000000000005,109.60126096331395,B,Monthly,Medium,Moderate control
1340,Jim Beam Jacob's Ghost,750mL,137,14.05,2.8100000000000005,220.80409506749757,C,Quarterly,Low,"Simple control, bulk ordering"
1343,Jack Daniels Sinatra Select,Liter,16,122.96,24.592,25.50721637464237,B,Monthly,Medium,Moderate control
1345,Basil Hayden Bourbon,750mL,900,28.45,5.69,397.708727570744,A,Weekly,High,"Tight control, frequent replenishment"
1346,Knob Creek Bourbon,750mL,1994,22.55,4.510000000000001,664.9275171807923,A,Weekly,High,"Tight control, frequent replenishment"
1347,Bakers Bourbon,750mL,86,31.24,6.248,117.3217993787814,B,Monthly,Medium,Moderate control
1348,Knob Creek Bourbon,375mL,1046,11.84,2.368,664.6224288819728,A,Weekly,High,"Tight control, frequent replenishment"
1355,Knob Creek Bourbon,50mL,1754,2.59,0.518,1840.1359694599705,B,Monthly,Medium,Moderate control
1358,Knob Creek Bourbon,1.75L,316,42.85,8.57,192.02294689790563,A,Weekly,High,"Tight control, frequent replenishment"
1359,Knob Creek Rye,750mL,387,21.87,4.3740000000000006,297.45145192979646,A,Weekly,High,"Tight control, frequent replenishment"
1361,BenRiach 1994,750mL,13,138.68,27.736000000000004,21.64959427375155,C,Quarterly,Low,"Simple control, bulk ordering"
1364,Bols Pumpkin Spice,750mL,25,7.46,1.492,129.44509326962444,C,Quarterly,Low,"Simple control, bulk ordering"
1365,Stoli Mini Bar 5/50mLs Pack,50mL 5 Pk,609,6.05,1.21,709.4404732773336,B,Monthly,Medium,Moderate control
1366,Red Stag by Jim Beam,50mL,5188,0.93,0.18600000000000003,5281.332513512056,B,Monthly,Medium,Moderate control
1373,Jim Beam Honey,750mL,1155,10.36,2.072,746.613978192501,A,Weekly,High,"Tight control, frequent replenishment"
1375,Jim Beam,750mL,2368,11.5,2.3000000000000003,1014.6749318827701,A,Weekly,High,"Tight control, frequent replenishment"
1376,Jim Beam,1.75L,7362,16.29,3.258,1503.2193812904666,A,Weekly,High,"Tight control, frequent replenishment"
1378,Jim Beam,375mL,2015,7.08,1.4160000000000001,1192.905108912715,A,Weekly,High,"Tight control, frequent replenishment"
1379,Jim Beam Traveler,750mL,1280,11.41,2.282,748.9402387085901,A,Weekly,High,"Tight control, frequent replenishment"
1380,Bulleit 95 Rye,1.75L,371,34.05,6.81,233.40674322451042,A,Weekly,High,"Tight control, frequent replenishment"
1382,Makers 46,750mL,310,28.56,5.712,232.96289121547534,A,Weekly,High,"Tight control, frequent replenishment"
1384,Bulleit 95 Rye,750mL,1744,18.93,3.786,678.7079487245691,A,Weekly,High,"Tight control, frequent replenishment"
1385,Makers Mark,750mL,3122,20.45,4.09,873.6848306878649,A,Weekly,High,"Tight control, frequent replenishment"
1386,George Dickel No 8 Bourbon,750mL,130,14.59,2.918,211.07122582551918,B,Monthly,Medium,Moderate control
1388,Red Stag by Jim Beam,1.75L,475,19.22,3.844,351.52410835005435,A,Weekly,High,"Tight control, frequent replenishment"
1389,Makers Mark,50mL,1745,2.18,0.43600000000000005,2000.5733123236575,B,Monthly,Medium,Moderate control
1390,Makers Mark,Liter,24,27.06,5.412,66.59271582120269,C,Quarterly,Low,"Simple control, bulk ordering"
1392,Red Stag Hardcore Cider,750mL,39,10.6,2.12,135.63268933075955,C,Quarterly,Low,"Simple control, bulk ordering"
1393,Jim Beam,200mL,186,3.14,0.6280000000000001,544.2226970175394,C,Quarterly,Low,"Simple control, bulk ordering"
1394,Makers Mark,375mL,598,12.68,2.536,485.5969691048179,A,Weekly,High,"Tight control, frequent replenishment"
1395,Old Crow,750mL,929,5.88,1.176,888.8003073776234,B,Monthly,Medium,Moderate control
1396,Old Crow,1.75L,1280,10.44,2.088,782.9602926862714,A,Weekly,High,"Tight control, frequent replenishment"
1397,Jim Beam Kentucky Fire,750mL,739,10.76,2.152,586.0046817123969,A,Weekly,High,"Tight control, frequent replenishment"
1398,Blantons Sgl Barrel Bourbon,750mL,264,40.59,8.118,180.33392693348645,A,Weekly,High,"Tight control, frequent replenishment"
1399,Jim Beam Signature Craft,750mL,51,27.81,5.562,95.75679369264395,C,Quarterly,Low,"Simple control, bulk ordering"
1404,Woodford Rsv Master Coll Pnt,750mL,1,64.28,12.856000000000002,8.819563026171975,C,Quarterly,Low,"Simple control, bulk ordering"
1414,Bacardi 8 Gift Set,750mL,27,14.28,2.856,97.23055853282466,C,Quarterly,Low,"Simple control, bulk ordering"
1415,Old Grand Dad,750mL,883,10.39,2.0780000000000003,651.8648749602403,A,Weekly,High,"Tight control, frequent replenishment"
1416,Old Grand Dad,1.75L,32,19.83,3.9659999999999997,89.82529128880411,C,Quarterly,Low,"Simple control, bulk ordering"
1424,Bulleit Bourbon,375mL,259,9.69,1.938,365.5720597318033,B,Monthly,Medium,Moderate control
1425,Granite Lightning Whiskey,750mL,31,20.73,4.146,86.47014715083759,C,Quarterly,Low,"Simple control, bulk ordering"
1464,Tin Cup Whiskey,750mL,203,19.22,3.844,229.80333627056464,B,Monthly,Medium,Moderate control
1465,Woodford Rsv Bourbon,375mL,1375,11.02,2.204,789.8516941360464,A,Weekly,High,"Tight control, frequent replenishment"
1468,Knob Creek Single Barrel Rsv,750mL,293,31.49,6.298,215.69122750086987,A,Weekly,High,"Tight control, frequent replenishment"
1474,George Dickel #12 Sour Mash,750mL,15,19.84,3.968,61.483672104745594,C,Quarterly,Low,"Simple control, bulk ordering"
1476,Jim Beam Traveler,1.75L,4015,16.05,3.2100000000000004,1118.382231707647,A,Weekly,High,"Tight control, frequent replenishment"
1479,Ten High,1.75L,975,9.22,1.8440000000000003,727.14638520023,A,Weekly,High,"Tight control, frequent replenishment"
1483,DeKuyper Cane Trial Pack,50mL 4 Pk,94,2.39,0.47800000000000004,443.45543143056886,C,Quarterly,Low,"Simple control, bulk ordering"
1492,The Glenlivet Oloroso Nadu,750mL,5,58.59,11.718000000000002,20.656572200659813,C,Quarterly,Low,"Simple control, bulk ordering"
1505,Cleveland Christmas Bourbon,750mL,30,20.43,4.086,85.68631107721092,C,Quarterly,Low,"Simple control, bulk ordering"
1515,Old Overholt,750mL,364,10.14,2.028,423.65927286816174,B,Monthly,Medium,Moderate control
1520,Pinnacle Vodka Cane 4/50mls,50mL 4 Pk,671,3.02,0.6040000000000001,1054.0052904601005,B,Monthly,Medium,Moderate control
1535,Gentleman Jack,50mL,464,3.14,0.6280000000000001,859.5658806541318,C,Quarterly,Low,"Simple control, bulk ordering"
1542,Bowen's American Whiskey,750mL,39,22.72,4.544,92.64311349945683,C,Quarterly,Low,"Simple control, bulk ordering"
1545,Gentleman Jack,750mL,1006,19.42,3.8840000000000003,508.9315558376111,A,Weekly,High,"Tight control, frequent replenishment"
1550,Jack Daniels Tennessee Fire,100mL,1103,2.91,0.5820000000000001,1376.6586372214522,B,Monthly,Medium,Moderate control
1556,Kahlua w/50mL Absolut+Glass,750mL,217,14.84,2.968,270.3945405276701,B,Monthly,Medium,Moderate control
1565,Galliano Tiki Gift Pack,375mL,4,14.39,2.878,37.280746576794044,C,Quarterly,Low,"Simple control, bulk ordering"
1591,Carstairs White Seal,1.75L,35,9.92,1.984,132.81991203226295,C,Quarterly,Low,"Simple control, bulk ordering"
1595,Gentleman Jack,375mL,654,10.93,2.186,546.9703632054196,A,Weekly,High,"Tight control, frequent replenishment"
1598,Johnnie Walker Odyssey,750mL,1,736.43,147.286,2.605669119926433,C,Quarterly,Low,"Simple control, bulk ordering"
1623,Bulleit 95 Rye,375mL,741,10.07,2.0140000000000002,606.5678266293777,A,Weekly,High,"Tight control, frequent replenishment"
1634,The Famous Grouse,1.75L,699,20.73,4.146,410.6047215232583,A,Weekly,High,"Tight control, frequent replenishment"
1637,Fleischmanns Preferred,1.75L,1389,8.13,1.6260000000000003,924.2529645261757,A,Weekly,High,"Tight control, frequent replenishment"
1639,The Famous Grouse,750mL,437,15.74,3.148,372.5832757003985,A,Weekly,High,"Tight control, frequent replenishment"
1657,Dalwhinnie Distillers Edtion,750mL,72,51.46,10.292000000000002,83.6404497526356,B,Monthly,Medium,Moderate control
1663,Jim Beam Maple,50mL,1549,0.74,0.148,3235.153198260666,C,Quarterly,Low,"Simple control, bulk ordering"
1667,Redbreast 21 Yr Old Irish,750mL,1,153.84,30.768,5.70099114645884,C,Quarterly,Low,"Simple control, bulk ordering"
1672,Hpnotiq Sparkle,750mL,40,15.99,3.1980000000000004,111.83835382312351,C,Quarterly,Low,"Simple control, bulk ordering"
1692,Everclear 151,750mL,397,13.4,2.68,384.88222660732066,A,Weekly,High,"Tight control, frequent replenishment"
1715,Ole Smoky Apple Pie Moonshne,750mL,200,13.76,2.7520000000000002,269.581933008596,B,Monthly,Medium,Moderate control
1722,Jack Daniels Sinatra Century,Liter,7,351.55,70.31,9.977930418403625,B,Monthly,Medium,Moderate control
1725,Ole Smoky White Lightnin',750mL,314,14.17,2.834,332.8625233055122,B,Monthly,Medium,Moderate control
1727,West Cork Irish Whiskey,750mL,314,17.05,3.41,303.45034426895967,B,Monthly,Medium,Moderate control
1728,Aberlour 16 Year Old Single,750mL,136,41.35,8.270000000000001,128.23798915357474,B,Monthly,Medium,Moderate control
1733,Ole Smoky Moonshine Peaches,750mL,23,14.17,2.834,90.08738798264515,C,Quarterly,Low,"Simple control, bulk ordering"
1734,Duggans Dew O Kirkintilloch,1.75L,469,17.45,3.49,366.5841706276033,A,Weekly,High,"Tight control, frequent replenishment"
1737,Makers Mark,1.75L,1648,34.3,6.859999999999999,490.13593640091676,A,Weekly,High,"Tight control, frequent replenishment"
1738,Ole Smoky Moonshine Cherries,750mL,356,14.72,2.9440000000000004,347.74115810970414,B,Monthly,Medium,Moderate control
1740,Glenkinchie 12 YO Scotch,750mL,36,40.71,8.142000000000001,66.4944964228774,C,Quarterly,Low,"Simple control, bulk ordering"
1744,Old Forester 100 Bourbon,750mL,146,17.05,3.41,206.91846043034,B,Monthly,Medium,Moderate control
1746,Tomatin 12 Yr Old Scotch,750mL,127,19.99,3.9979999999999998,178.22985984809262,B,Monthly,Medium,Moderate control
1748,William Grant Scotch,750mL,257,10.29,2.058,353.3815541842932,B,Monthly,Medium,Moderate control
1758,Aberlour Glenlivet 12 Yr,750mL,377,29.76,5.952000000000001,251.67449962886755,A,Weekly,High,"Tight control, frequent replenishment"
1760,William Grant Scotch,1.75L,251,19.69,3.9380000000000006,252.46373608820338,B,Monthly,Medium,Moderate control
1762,Ole Smoky Blue Flame,750mL,18,14.07,2.814,79.97867519620918,C,Quarterly,Low,"Simple control, bulk ordering"
1767,Buffalo Trace Bourbon,750mL,1152,19.37,3.8740000000000006,545.3137284790596,A,Weekly,High,"Tight control, frequent replenishment"
1770,Jack Daniels Tennessee Fire,1.75L,683,26.42,5.284000000000001,359.52487782407115,A,Weekly,High,"Tight control, frequent replenishment"
1771,Jack Daniels Tennessee Fire,50mL,13,0.75,0.15000000000000002,294.3920288775949,C,Quarterly,Low,"Simple control, bulk ordering"
1781,Wild Turkey Russell's Rsv,750mL,100,37.59,7.518000000000001,115.33173869085059,B,Monthly,Medium,Moderate control
1788,Knappogue Castle Irish 12 Yr,750mL,18,29.19,5.838000000000001,55.52699962688632,C,Quarterly,Low,"Simple control, bulk ordering"
1789,Jack Daniels Tennesse Fire,750mL,1787,17.16,3.4320000000000004,721.5868940658814,A,Weekly,High,"Tight control, frequent replenishment"
1790,Morrigan Irish Whiskey,750mL,21,15.5,3.1,82.30548917531016,C,Quarterly,Low,"Simple control, bulk ordering"
1798,Talisker Distillers Edition,750mL,30,51.09,10.218000000000002,54.18482538873329,C,Quarterly,Low,"Simple control, bulk ordering"
1817,Irishman Founders RSV Whisky,750mL,220,16.79,3.358,255.95934757627745,B,Monthly,Medium,Moderate control
1835,Knappogue Castle Irish Whsky,750mL,127,19.7,3.94,179.5369113527106,B,Monthly,Medium,Moderate control
1836,Tyrconnell Irish Whiskey,750mL,105,21.73,4.346,155.43534753025122,B,Monthly,Medium,Moderate control
1845,Cluny Scotch Whiskey,1.75L,200,11.27,2.254,297.8777343672497,B,Monthly,Medium,Moderate control
1848,Oban Little Bay Single Malt,750mL,70,47.01,9.402,86.28571388321534,B,Monthly,Medium,Moderate control
1860,Bruichladdich Islay Barley,750mL,13,46.15,9.23,37.52933125204007,C,Quarterly,Low,"Simple control, bulk ordering"
1862,John Power Irish Whiskey,750mL,233,19.22,3.844,246.19899229796368,B,Monthly,Medium,Moderate control
1864,1792 Port Finish Bourbon,750mL,14,30.76,6.152000000000001,47.70411622503286,C,Quarterly,Low,"Simple control, bulk ordering"
1867,Jack Daniels Tennessee Honey,50mL,1982,2.15,0.43,2146.9285795250375,B,Monthly,Medium,Moderate control
1868,Lagavulin Single Malt 16-Yr,750mL,449,49.62,9.924,212.7060255022545,A,Weekly,High,"Tight control, frequent replenishment"
1869,Oban 14-Yr Single Malt,750mL,479,40.14,8.028,244.26659290734585,A,Weekly,High,"Tight control, frequent replenishment"
1870,Oban Distiller's Edition,750mL,106,59.69,11.938,94.2295561264097,A,Weekly,High,"Tight control, frequent replenishment"
1874,Bruichladdich Octomore 61,750mL,10,84.61,16.922,24.309395233283077,C,Quarterly,Low,"Simple control, bulk ordering"
1875,Bushmills Black Bush,750mL,206,20.71,4.142,223.01216965145846,B,Monthly,Medium,Moderate control
1876,Midleton Rare Irish Whiskey,750mL,26,106.61,21.322000000000003,34.91987693397488,B,Monthly,Medium,Moderate control
1878,Jim Beam White BBQ Sauce Pak,750mL,52,10.65,2.1300000000000003,156.24706570014715,C,Quarterly,Low,"Simple control, bulk ordering"
1880,The Glenlivet Nadurra 16 Yr,750mL,62,46.71,9.342,81.46591003583139,B,Monthly,Medium,Moderate control
1883,Seagrams 7 Crown,1.75L,2663,13.23,2.6460000000000004,1003.2072528341677,A,Weekly,High,"Tight control, frequent replenishment"
1886,Seagrams 7 Crown,750mL,851,7.96,1.592,731.1277170874233,A,Weekly,High,"Tight control, frequent replenishment"
1888,El Toro Silver Tequila,Liter,3,5.34,1.068,52.999894000318,C,Quarterly,Low,"Simple control, bulk ordering"
1889,El Toro Gold Tequila,Liter,62,5.5,1.1,237.4102701309199,C,Quarterly,Low,"Simple control, bulk ordering"
1890,Jameson 12 Year Old,750mL,101,41.66,8.331999999999999,110.09967988292088,B,Monthly,Medium,Moderate control
1891,Oban 18 Yr Single Malt,750mL,3,79.99,15.998,13.69391983436641,C,Quarterly,Low,"Simple control, bulk ordering"
1892,Yukon Jack,50mL,23121,0.72,0.144,12671.325897474186,A,Weekly,High,"Tight control, frequent replenishment"
1893,Port Charlotte Scotch Barley,750mL,21,43.99,8.798,48.85597317653331,C,Quarterly,Low,"Simple control, bulk ordering"
1895,Senators Club,Liter,175,5.07,1.014,415.43209605178595,C,Quarterly,Low,"Simple control, bulk ordering"
1896,The Glenlivet 18 Yr Single,750mL,115,68.83,13.766,91.39975625704457,A,Weekly,High,"Tight control, frequent replenishment"
1920,Bowman Brothers Small Batch,750mL,22,22.55,4.510000000000001,69.84302957695782,C,Quarterly,Low,"Simple control, bulk ordering"
1921,Glenfiddich Special Rsv 12,1.75L,401,52.71,10.542000000000002,195.03415828741555,A,Weekly,High,"Tight control, frequent replenishment"
1927,Jack Daniels Barrel Proof,750mL,2,51.84,10.368000000000002,13.888888888888888,C,Quarterly,Low,"Simple control, bulk ordering"
1932,Jim Beam Devils Cut Bourbon,50mL,50,0.71,0.142,593.3908290969267,C,Quarterly,Low,"Simple control, bulk ordering"
1955,Jack Daniels Tennessee Honey,375mL,1388,9.62,1.924,849.360772236228,A,Weekly,High,"Tight control, frequent replenishment"
1956,Balvenie 12 Yr Doublewood S,750mL,395,39.99,7.998000000000001,222.23264124945544,A,Weekly,High,"Tight control, frequent replenishment"
1961,Everclear 151,1.75L,275,23.91,4.782,239.8068370863135,A,Weekly,High,"Tight control, frequent replenishment"
1962,Jim Beam Apple,750mL,1270,11.02,2.204,759.0948856184257,A,Weekly,High,"Tight control, frequent replenishment"
1964,Jim Beam Single Barrel,750mL,76,23.07,4.614,128.34176307465705,B,Monthly,Medium,Moderate control
1972,Admiral Nelson Egg Nog,750mL,30,5.46,1.092,165.74838603294896,C,Quarterly,Low,"Simple control, bulk ordering"
1982,Herradura Silver Tequila,375mL,3,15.82,3.164,30.79231847994589,C,Quarterly,Low,"Simple control, bulk ordering"
1987,White Mountain Moonshine,375mL,35,13.66,2.732,113.18625083997335,C,Quarterly,Low,"Simple control, bulk ordering"
1997,Charles Goodnight Bourbon,750mL,7,30.93,6.186,33.639076318246,C,Quarterly,Low,"Simple control, bulk ordering"
1999,Old Forrester 1870 Craft,750mL,31,34.88,6.976000000000001,66.66188820795237,C,Quarterly,Low,"Simple control, bulk ordering"
2000,John Taylor Velvet Falernum,750mL,1,11.67,2.334,20.699009990027697,C,Quarterly,Low,"Simple control, bulk ordering"
2008,Rebel Yell Small Batch Rye,750mL,188,16.66,3.3320000000000003,237.5343533630684,B,Monthly,Medium,Moderate control
2015,Jack Daniels Tennessee Honey,750mL,2308,18.1,3.6200000000000006,798.4792174962856,A,Weekly,High,"Tight control, frequent replenishment"
2016,Ardbeg Perpetuum Single Malt,750mL,8,74.62,14.924000000000001,23.152738856064556,C,Quarterly,Low,"Simple control, bulk ordering"
2017,Redbreast Irish Whiskey,750mL,193,44.77,8.954,146.8148918322095,A,Weekly,High,"Tight control, frequent replenishment"
2024,Black Velvet Toasted Caramel,375mL,79,4.44,0.8880000000000001,298.2682751550422,C,Quarterly,Low,"Simple control, bulk ordering"
2026,Camarena Silver Tequila,750mL,308,14.61,2.922,324.6648353372843,B,Monthly,Medium,Moderate control
2027,Mayfair London Dry Gin,750mL,9,16.66,3.3320000000000003,51.971919650642775,C,Quarterly,Low,"Simple control, bulk ordering"
2029,Springbank 10 Yr Scotch,750mL,21,51.1,10.22,45.329841391162454,C,Quarterly,Low,"Simple control, bulk ordering"
2030,Glen Moray 12 Yr Scotch,750mL,143,23.48,4.696000000000001,174.50343274814355,B,Monthly,Medium,Moderate control
2034,Glendalough Double Barrel,750mL,149,21.32,4.264,186.93238034584485,B,Monthly,Medium,Moderate control
2035,Glen Moray Classic Scotch,750mL,211,14.28,2.856,271.8079318576415,B,Monthly,Medium,Moderate control
2036,Jim Beam Signature Craft Ltd,750mL,16,29.13,5.8260000000000005,52.40524445523208,C,Quarterly,Low,"Simple control, bulk ordering"
2037,Jim Beam Honey,50mL,1795,0.73,0.146,3506.35431009834,C,Quarterly,Low,"Simple control, bulk ordering"
2039,Herradura Reposado #14 BtB,750mL,12,38.88,7.776000000000001,39.2837100659193,C,Quarterly,Low,"Simple control, bulk ordering"
2041,Redbreast 15 Yr Old Irish,750mL,64,61.14,12.228000000000002,72.3456248441169,B,Monthly,Medium,Moderate control
2042,Amador Double Barrel Bourbon,750mL,17,28.56,5.712,54.55447255899809,C,Quarterly,Low,"Simple control, bulk ordering"
2043,I.W. Harper Bourbon,750mL,66,23.07,4.614,119.60054885905087,C,Quarterly,Low,"Simple control, bulk ordering"
2045,Monkey 47 Dry Gin,375mL,135,30.39,6.078,149.03440442352772,B,Monthly,Medium,Moderate control
2047,Sheep Dip Scotch,750mL,93,25.36,5.072,135.4103472601352,B,Monthly,Medium,Moderate control
2050,Tomatin 18 Yr Single Malt,750mL,8,49.61,9.922,28.39522943429201,C,Quarterly,Low,"Simple control, bulk ordering"
2054,Johnnie Walker Select Casks,750mL,120,34.64,6.928000000000001,131.60933160791356,B,Monthly,Medium,Moderate control
2058,Booth's Cask Mellowed Gin,750mL,5,33.08,6.616,27.490792126698086,C,Quarterly,Low,"Simple control, bulk ordering"
2062,Woodford Reserve Bourbon,1.75L,296,44.11,8.822000000000001,183.1733671424094,A,Weekly,High,"Tight control, frequent replenishment"
2071,Bird Dog Maple Whiskey,750mL,11,13.05,2.6100000000000003,64.91963791468017,C,Quarterly,Low,"Simple control, bulk ordering"
2074,Ardbeg Auriverdes Scotch,750mL,2,68.69,13.738,12.06571997379151,C,Quarterly,Low,"Simple control, bulk ordering"
2075,Jim Beam Distlrs Masterpiece,750mL,6,143.88,28.776,14.439774556447695,C,Quarterly,Low,"Simple control, bulk ordering"
2082,Balvenie 15 Yr Sherry Cask,750mL,46,74.07,14.814,55.724059295722,B,Monthly,Medium,Moderate control
2083,Flag Hill Straight Bourbon,750mL,140,31.49,6.298,149.09486623030898,B,Monthly,Medium,Moderate control
2085,Jesse James America's Outlaw,750mL,307,10.6,2.12,380.5408266595281,B,Monthly,Medium,Moderate control
2086,Jefferson's Rsv Groth Resrve,750mL,19,58.82,11.764000000000001,40.18826826095333,C,Quarterly,Low,"Simple control, bulk ordering"
2087,Uncle Val's Peppered Gin,750mL,14,25.18,5.0360000000000005,52.72555466162958,C,Quarterly,Low,"Simple control, bulk ordering"
2088,The Glenlivet 25 Yr Old,750mL,2,223.87,44.774,6.683470729266854,C,Quarterly,Low,"Simple control, bulk ordering"
2089,Bloom Gin,750mL,49,16.53,3.3060000000000005,121.74373330944385,C,Quarterly,Low,"Simple control, bulk ordering"
2096,The Macallan Edition No 1,750mL,36,78.12,15.624000000000002,48.00153607373193,B,Monthly,Medium,Moderate control
2098,Snake River Stampede Whisky,750mL,54,16.29,3.258,128.74232262686235,C,Quarterly,Low,"Simple control, bulk ordering"
2100,Canadian Regal,1.75L,1629,7.24,1.4480000000000002,1060.6601717798212,A,Weekly,High,"Tight control, frequent replenishment"
2101,New Amsterdam Gin,375mL,119,4.37,0.8740000000000001,368.992691536462,C,Quarterly,Low,"Simple control, bulk ordering"
2103,Coldcock American Herbal Whi,750mL,61,14.95,2.99,142.8332517050639,C,Quarterly,Low,"Simple control, bulk ordering"
2104,Westland American Sngle Malt,750mL,6,50.35,10.07,24.409612771008597,C,Quarterly,Low,"Simple control, bulk ordering"
2105,Black Velvet Toasted Caramel,750mL,844,7.87,1.574,732.2659823241302,A,Weekly,High,"Tight control, frequent replenishment"
2106,Elijah Craig 18 Yr,750mL,4,93.52,18.704,14.623884514353087,C,Quarterly,Low,"Simple control, bulk ordering"
2108,Ole Smoky Strawberry Lightin,750mL,1,12.59,2.5180000000000002,19.92838648180203,C,Quarterly,Low,"Simple control, bulk ordering"
2109,Lagavulin Distillers Edition,750mL,34,64.74,12.948,51.24342072946382,B,Monthly,Medium,Moderate control
2112,Cutty Sark Prohibition,750mL,83,15.55,3.1100000000000003,163.3649377739626,C,Quarterly,Low,"Simple control, bulk ordering"
2114,Black Velvet Canadian Whisky,1.75L,6858,9.41,1.8820000000000001,1908.9252864381506,A,Weekly,High,"Tight control, frequent replenishment"
2115,Black Velvet,750mL,154,4.88,0.976,397.22397365453867,C,Quarterly,Low,"Simple control, bulk ordering"
2116,Sapling Maple Bourbon,750mL,91,27.33,5.466,129.02856952106677,B,Monthly,Medium,Moderate control
2117,Black Velvet Traveler,750mL,1624,5.88,1.176,1175.1393027860063,A,Weekly,High,"Tight control, frequent replenishment"
2118,The Glenturret 27 Yr Old,750mL,4,151.51,30.302,11.489320613186717,C,Quarterly,Low,"Simple control, bulk ordering"
2119,Glendalough 13 Yr Sngle Malt,750mL,15,66.4,13.280000000000001,33.60830362111656,C,Quarterly,Low,"Simple control, bulk ordering"
2120,Canadian Club,1.75L,8732,12.21,2.442,1890.9673650694176,A,Weekly,High,"Tight control, frequent replenishment"
2121,Canadian Club Traveler,750mL,612,7.8,1.56,626.3447072560703,B,Monthly,Medium,Moderate control
2122,Canadian Club 1858,750mL,1041,7.8,1.56,816.8890330440802,A,Weekly,High,"Tight control, frequent replenishment"
2123,Angel's Envy Rye,750mL,53,57.96,11.592,67.61744377417328,B,Monthly,Medium,Moderate control
2125,Glenfiddich 14 Yr Barrel Rsv,750mL,171,36.76,7.352,152.50894121026175,A,Weekly,High,"Tight control, frequent replenishment"
2127,Canadian Ltd,1.75L,7499,7.19,1.4380000000000002,2283.611565098221,A,Weekly,High,"Tight control, frequent replenishment"
2129,Ole Smoky Charred Tennesse,750mL,4,13.56,2.712,38.40476863212842,C,Quarterly,Low,"Simple control, bulk ordering"
2130,Bully Boy American Whiskey,750mL,65,22.05,4.41,121.40522651411392,C,Quarterly,Low,"Simple control, bulk ordering"
2131,Jack Daniels No 7 Black Trav,375mL,763,10.15,2.0300000000000002,613.0759079963241,A,Weekly,High,"Tight control, frequent replenishment"
2132,Lord Calvert Canadian,1.75L,705,10.23,2.0460000000000003,587.0049233683233,A,Weekly,High,"Tight control, frequent replenishment"
2136,Elijah Craig 12 Yr Bourbon,750mL,308,21.53,4.306,267.4473786095645,A,Weekly,High,"Tight control, frequent replenishment"
2137,Glen Moray 10 Yr Chard Cask,750mL,6,29.99,5.998,31.628048382432542,C,Quarterly,Low,"Simple control, bulk ordering"
2142,Bird Dog Apple Whiskey,750mL,369,10.38,2.076,421.59893825753926,B,Monthly,Medium,Moderate control
2143,Canadian Mist,1.75L,2441,10.07,2.0140000000000002,1100.9159317489007,A,Weekly,High,"Tight control, frequent replenishment"
2145,WolfHound Irish Whiskey,750mL,266,12.68,2.536,323.8666236359696,B,Monthly,Medium,Moderate control
2148,Canadian Mist Traveler,750mL,495,5.96,1.192,644.413265207847,B,Monthly,Medium,Moderate control
2149,Canadian Ltd Traveler,750mL,987,5.34,1.068,961.3310061424143,B,Monthly,Medium,Moderate control
2152,New Amsterdam Gin,750mL,1128,7.19,1.4380000000000002,885.676469969469,A,Weekly,High,"Tight control, frequent replenishment"
2153,Black Velvet Cinnamon Rush,750mL,170,6.61,1.322,358.59871841265857,C,Quarterly,Low,"Simple control, bulk ordering"
2155,McClelland Islay Single Malt,1.75L,214,24.05,4.8100000000000005,210.9280552478605,A,Weekly,High,"Tight control, frequent replenishment"
2156,(RI) 1,750mL,40,26.92,5.384,86.19408625422392,C,Quarterly,Low,"Simple control, bulk ordering"
2158,Sortilege Liqueur,375mL,148,12.4,2.4800000000000004,244.28962187297006,B,Monthly,Medium,Moderate control
2159,Connemara Irish Whiskey,750mL,61,30.53,6.106000000000001,99.95085592298828,B,Monthly,Medium,Moderate control
2161,Canadian Club Classic,750mL,222,15.26,3.052,269.7020345086156,B,Monthly,Medium,Moderate control
2162,Djinn Spirits Gin,750mL,25,21.58,4.316,76.10782069349789,C,Quarterly,Low,"Simple control, bulk ordering"
2163,Sloane's Gin,750mL,49,14.38,2.8760000000000003,130.52797460993526,C,Quarterly,Low,"Simple control, bulk ordering"
2164,New Amsterdam Gin,1.75L,1718,12.14,2.4280000000000004,841.1767077771201,A,Weekly,High,"Tight control, frequent replenishment"
2170,Woodford Reserve Bourbon,50mL,702,2.53,0.506,1177.858980802085,C,Quarterly,Low,"Simple control, bulk ordering"
2171,Pike Creek Canadian Whisky,750mL,91,14.49,2.898,177.20317769039832,C,Quarterly,Low,"Simple control, bulk ordering"
2182,McClelland Islay Single Mal,750mL,81,14.17,2.834,169.06067027220251,C,Quarterly,Low,"Simple control, bulk ordering"
2183,McClelland Highland Single,750mL,311,14.61,2.922,326.24216366030987,B,Monthly,Medium,Moderate control
2184,Bonnie Rose Orange Peel,750mL,28,11.36,2.272,111.01325894672146,C,Quarterly,Low,"Simple control, bulk ordering"
2186,Label 5 Scotch 12 Yr,750mL,15,19.56,3.912,61.92217557725874,C,Quarterly,Low,"Simple control, bulk ordering"
2189,Cleveland Black Rsv Whiskey,750mL,62,19.83,3.9659999999999997,125.0315139296574,C,Quarterly,Low,"Simple control, bulk ordering"
2193,Donegal Irish Whiskey,750mL,24,16.41,3.282,85.51382496180256,C,Quarterly,Low,"Simple control, bulk ordering"
2199,St George Terrior Gin,750mL,76,23.61,4.722,126.86557867658061,C,Quarterly,Low,"Simple control, bulk ordering"
2200,Bonnie Rose Spiced Apple,750mL,40,10.78,2.156,136.20894132079889,C,Quarterly,Low,"Simple control, bulk ordering"
2202,Karner Blue Gin,750mL,105,23.07,4.614,150.85366103649733,B,Monthly,Medium,Moderate control
2207,Glenrothes Sherry Cask Rsv,750mL,36,46.15,9.23,62.452582229124765,C,Quarterly,Low,"Simple control, bulk ordering"
2208,WhistlePig 10 Yr Old Rye,750mL,147,53.95,10.790000000000001,116.72071654988433,A,Weekly,High,"Tight control, frequent replenishment"
2209,Pendleton 1910,750mL,49,21.58,4.316,106.55094897089704,C,Quarterly,Low,"Simple control, bulk ordering"
2212,Canadian Rich & Rare,1.75L,319,8.72,1.7440000000000002,427.683111703861,B,Monthly,Medium,Moderate control
2213,King Robert II Scotch Whisky,1.75L,12,13.66,2.732,66.27508227090058,C,Quarterly,Low,"Simple control, bulk ordering"
2214,James E Pepper Bourbon,750mL,87,21.58,4.316,141.9772985025543,B,Monthly,Medium,Moderate control
2215,Ole Smoky Harley-Davidson,750mL,6,13.86,2.7720000000000002,46.52421051992354,C,Quarterly,Low,"Simple control, bulk ordering"
2226,Jim Beam Devils Cut,1.75L,210,27.6,5.5200000000000005,195.04737440137347,B,Monthly,Medium,Moderate control
2230,Egan's Single Malt Irish Wh,750mL,7,37.59,7.518000000000001,30.51390988486767,C,Quarterly,Low,"Simple control, bulk ordering"
2232,Sipsmith Gin,750mL,33,31.0,6.2,72.95601856708801,C,Quarterly,Low,"Simple control, bulk ordering"
2235,Deanston SM Virgin Oak,750mL,78,19.56,3.912,141.2042857237289,C,Quarterly,Low,"Simple control, bulk ordering"
2237,Edradour 10 Yr Single Malt,750mL,48,35.71,7.142,81.98052510675699,B,Monthly,Medium,Moderate control
2238,Aviation American Gin,750mL,38,18.93,3.786,100.18472109686817,C,Quarterly,Low,"Simple control, bulk ordering"
2239,Rebel Yell American Whisky,750mL,66,15.78,3.156,144.61171297138108,C,Quarterly,Low,"Simple control, bulk ordering"
2241,Death's Door Gin,750mL,113,20.46,4.0920000000000005,166.1771893492592,B,Monthly,Medium,Moderate control
2242,Cles des Ducs Armagnac VSOP,750mL,69,16.05,3.2100000000000004,146.61284767305946,C,Quarterly,Low,"Simple control, bulk ordering"
2245,DUKE Kentucky Bourbon,750mL,112,26.66,5.332000000000001,144.9318850799513,B,Monthly,Medium,Moderate control
2246,Speyburn Brandan Orach,750mL,274,13.96,2.7920000000000003,313.2691108561757,B,Monthly,Medium,Moderate control
2247,Balvenie Portwood 21 Yr Sin,750mL,17,162.69,32.538000000000004,22.85751604412472,B,Monthly,Medium,Moderate control
2250,Jack Daniels Family 4 Pk/50m,50mL 4 Pk,44,9.69,1.938,150.6778629044527,C,Quarterly,Low,"Simple control, bulk ordering"
2252,Buck Bourbon 8 Yr,750mL,2,22.05,4.41,21.295885499997997,C,Quarterly,Low,"Simple control, bulk ordering"
2254,Canadian Club Triple Aged,750mL,375,10.31,2.0620000000000003,426.4531271325433,B,Monthly,Medium,Moderate control
2258,Dewars Special Reserve 12 Yr,375mL,207,9.77,1.954,325.478940071224,B,Monthly,Medium,Moderate control
2262,Black Button Citrus Gin,750mL,44,21.2,4.24,101.86932065428746,C,Quarterly,Low,"Simple control, bulk ordering"
2270,Laphroaig Triple Wood,750mL,47,54.34,10.868000000000002,65.76186391576334,B,Monthly,Medium,Moderate control
2271,Jailers Tennessee Whiskey,750mL,2,23.8,4.760000000000001,20.49800154226969,C,Quarterly,Low,"Simple control, bulk ordering"
2277,Kilbeggan Irish Whiskey,750mL,1,17.03,3.4060000000000006,17.13474628469157,C,Quarterly,Low,"Simple control, bulk ordering"
2280,The Botanist Islay Dry Gin,750mL,151,27.4,5.48,165.99621840737046,B,Monthly,Medium,Moderate control
2287,Johnnie Walker Double Black,750mL,369,29.22,5.844,251.28009029414582,A,Weekly,High,"Tight control, frequent replenishment"
2290,Jim Beam Devils Cut Bourbon,750mL,318,18.04,3.608,296.87955854826674,B,Monthly,Medium,Moderate control
2292,Glenrothes Single Malt Scot,750mL,7,29.99,5.998,34.162196727207245,C,Quarterly,Low,"Simple control, bulk ordering"
2294,Yellow Stone Ltd Edition 15,750mL,4,82.67,16.534000000000002,15.553961836177237,C,Quarterly,Low,"Simple control, bulk ordering"
2295,Balvenie 15 Yr Single Malt,750mL,4,64.28,12.856000000000002,17.63912605234395,C,Quarterly,Low,"Simple control, bulk ordering"
2301,Glen Moray 25 Yr Portwood,750mL,5,186.04,37.208,11.59222598509946,C,Quarterly,Low,"Simple control, bulk ordering"
2302,St George Botanivore Gin,750mL,92,23.43,4.686,140.11762633735273,B,Monthly,Medium,Moderate control
2308,Wild Turkey Honey VAP,750mL,9,12.68,2.536,59.57261030921532,C,Quarterly,Low,"Simple control, bulk ordering"
2310,Ungava Gin,750mL,54,23.19,4.638000000000001,107.90250018984095,C,Quarterly,Low,"Simple control, bulk ordering"
2320,The Tweeddale 12 Yr Old,750mL,1,38.68,7.736000000000001,11.369510562200631,C,Quarterly,Low,"Simple control, bulk ordering"
2329,Craigellachie 13 Yr Scotch,750mL,3,38.45,7.690000000000001,19.751380587455984,C,Quarterly,Low,"Simple control, bulk ordering"
2333,Bruichladdich Scotish Barley,750mL,64,39.05,7.81,90.52415301525512,B,Monthly,Medium,Moderate control
2339,Alberta Rye Dark Batch,750mL,105,15.82,3.164,182.16981283397257,C,Quarterly,Low,"Simple control, bulk ordering"
2349,Blood Oath Bourbon,750mL,1,70.3,14.06,8.433490104000931,C,Quarterly,Low,"Simple control, bulk ordering"
2366,Templeton Rye Whiskey,750mL,237,25.36,5.072,216.16458853739073,A,Weekly,High,"Tight control, frequent replenishment"
2368,Balvenie 17 Yr Doublewood,750mL,43,108.52,21.704,44.51069109574533,B,Monthly,Medium,Moderate control
2369,Amrut Fusion Single Malt,750mL,11,50.38,10.076,33.04093002275449,C,Quarterly,Low,"Simple control, bulk ordering"
2373,Jim Beam Maple,750mL,1140,10.29,2.058,744.2686746453253,A,Weekly,High,"Tight control, frequent replenishment"
2374,Tullamore Dew,1.75L,385,31.24,6.248,248.23319340865586,A,Weekly,High,"Tight control, frequent replenishment"
2382,Ophir London Dry Gin,750mL,83,19.22,3.844,146.94247708297257,C,Quarterly,Low,"Simple control, bulk ordering"
2384,Old Tahoe Straight Rye,750mL,5,31.24,6.248,28.28879781726722,C,Quarterly,Low,"Simple control, bulk ordering"
2392,Crown Royal 75th Anniversary,750mL,23,50.72,10.144,47.61670040782652,C,Quarterly,Low,"Simple control, bulk ordering"
2396,Auchentoshan Classic Scotch,750mL,1,20.15,4.03,15.752427045264394,C,Quarterly,Low,"Simple control, bulk ordering"
2398,Tullamore Dew,750mL,526,16.4,3.28,400.45705594799625,A,Weekly,High,"Tight control, frequent replenishment"
2401,Sea Hagg Poitin White Whisky,200mL,2,6.86,1.372,38.18017741606062,C,Quarterly,Low,"Simple control, bulk ordering"
2412,JP Wiser's Rye,750mL,136,15.38,3.0760000000000005,210.2695032076543,B,Monthly,Medium,Moderate control
2418,Crown Royal Regal Apple,750mL,1932,16.53,3.3060000000000005,764.45537117549,A,Weekly,High,"Tight control, frequent replenishment"
2421,Highland Park Odin,750mL,2,265.14,53.028,6.141329144653501,C,Quarterly,Low,"Simple control, bulk ordering"
2426,The Glenlivet 15Yr FrenchOak,750mL,481,41.59,8.318000000000001,240.47120529714525,A,Weekly,High,"Tight control, frequent replenishment"
2427,13th Colony Sthrn Corn Whsky,750mL,5,15.93,3.186,39.61522404512736,C,Quarterly,Low,"Simple control, bulk ordering"
2432,Crown Royal,750mL,2994,17.59,3.5180000000000002,922.5246522124698,A,Weekly,High,"Tight control, frequent replenishment"
2433,Crown Royal X R Extra Rare,750mL,38,91.9,18.380000000000003,45.469381296355245,B,Monthly,Medium,Moderate control
2435,Crown Royal RSV,750mL,177,29.76,5.952000000000001,172.44681274470238,B,Monthly,Medium,Moderate control
2436,Crown Royal,375mL,1236,11.99,2.398,717.9342063196575,A,Weekly,High,"Tight control, frequent replenishment"
2438,Crown Royal Special Reserve,1.75L,87,54.26,10.852,89.53745249852868,B,Monthly,Medium,Moderate control
2440,Platte Valley Fireshine,750mL,113,13.17,2.6340000000000003,207.1244348477742,C,Quarterly,Low,"Simple control, bulk ordering"
2443,Seagrams VO,1.75L,3050,13.48,2.696,1063.6285244304968,A,Weekly,High,"Tight control, frequent replenishment"
2445,Seagrams VO,750mL,596,9.08,1.816,572.8820407371128,B,Monthly,Medium,Moderate control
2448,Seagrams VO Gold,750mL,192,11.42,2.2840000000000003,289.9362814231156,B,Monthly,Medium,Moderate control
2458,Catskill Wicked White Whisky,375mL,20,11.8,2.3600000000000003,92.05746178983233,C,Quarterly,Low,"Simple control, bulk ordering"
2465,Crown Royal Mini,50mL,2316,2.15,0.43,2320.785753064661,B,Monthly,Medium,Moderate control
2466,Crown Royal Maple Whisky,1.75L,73,29.62,5.924,111.00790465251104,B,Monthly,Medium,Moderate control
2467,Catskill Most Righteous Brbn,375mL,53,17.96,3.5920000000000005,121.47020678280522,C,Quarterly,Low,"Simple control, bulk ordering"
2468,Crown Royal Nrth Harvest Rye,750mL,380,22.39,4.478000000000001,291.3062172232911,A,Weekly,High,"Tight control, frequent replenishment"
2474,The Glenrothes Triple Pack,3/100mL,8,29.1,5.82,37.07519988800323,C,Quarterly,Low,"Simple control, bulk ordering"
2476,Crown Royal Maple Whisky,750mL,410,16.79,3.358,349.42307594601357,A,Weekly,High,"Tight control, frequent replenishment"
2482,Clase Azul Reposado Tequila,750mL,25,78.73,15.746000000000002,39.84601377705172,B,Monthly,Medium,Moderate control
2484,Tatoosh Bourbon,750mL,3,36.95,7.390000000000001,20.148299974958686,C,Quarterly,Low,"Simple control, bulk ordering"
2487,Catskill Otay,375mL,19,21.87,4.3740000000000006,65.90789044463772,C,Quarterly,Low,"Simple control, bulk ordering"
2491,Catskill Defiant Rye,375mL,9,23.91,4.782,43.38268913330106,C,Quarterly,Low,"Simple control, bulk ordering"
2492,Crown Royal Hand Slct Barrel,750mL,426,41.66,8.331999999999999,226.1154141337592,A,Weekly,High,"Tight control, frequent replenishment"
2494,Crown Royal Regal Apple,1.75L,280,31.0,6.2,212.5118592516207,A,Weekly,High,"Tight control, frequent replenishment"
2496,Crown Royal Black,1.75L,190,36.22,7.244,161.9524713666884,A,Weekly,High,"Tight control, frequent replenishment"
2498,Catskill Fearless Whiskey,375mL,7,26.86,5.372,36.097823573122895,C,Quarterly,Low,"Simple control, bulk ordering"
2499,Crown Royal Black,750mL,253,21.53,4.306,242.39477153410138,B,Monthly,Medium,Moderate control
2502,Dewars Wh Label & Honey 2 Pk,750mL 2 Pk,37,26.92,5.384,82.8988176472412,C,Quarterly,Low,"Simple control, bulk ordering"
2505,Bowmore Legend Single Malt,750mL,1,16.78,3.3560000000000003,17.261916993993133,C,Quarterly,Low,"Simple control, bulk ordering"
2508,Crown Royal No Harvest Rye,50mL,857,1.59,0.31800000000000006,1641.6359381601997,C,Quarterly,Low,"Simple control, bulk ordering"
2512,The Macallan 12 Yr Old,375mL,37,25.36,5.072,85.41049514777451,C,Quarterly,Low,"Simple control, bulk ordering"
2514,Bird Dog Peach Whiskey,750mL,277,11.41,2.282,348.4031432394175,B,Monthly,Medium,Moderate control
2517,Balvenie 14 Yr Caribean Cask,750mL,303,46.42,9.284,180.6565650208586,A,Weekly,High,"Tight control, frequent replenishment"
2518,Woodford Reserve Double Oak,750mL,149,36.49,7.298000000000001,142.88650209215544,A,Weekly,High,"Tight control, frequent replenishment"
2520,The Macallan 12 Yr Old,750mL,476,42.21,8.442,237.45471768719847,A,Weekly,High,"Tight control, frequent replenishment"
2521,Jameson Gold Rsv,750mL,57,69.22,13.844000000000001,64.16624608519423,B,Monthly,Medium,Moderate control
2522,The Macallan 10 Yr Fine Oak,750mL,350,36.92,7.384,217.7149129372544,A,Weekly,High,"Tight control, frequent replenishment"
2530,The Macallan 17Yr Old Scotch,750mL,3,170.36,34.072,9.383434219694921,C,Quarterly,Low,"Simple control, bulk ordering"
2531,WhistlePig 10 Yr Old Rye,750mL,282,46.37,9.274,174.37772539789884,A,Weekly,High,"Tight control, frequent replenishment"
2532,The Macallan 12 Yr Old,1.75L,41,96.89,19.378,45.99784151778856,B,Monthly,Medium,Moderate control
2534,The Dalmore 12Yr Single Malt,750mL,145,35.99,7.198,141.93126709449803,A,Weekly,High,"Tight control, frequent replenishment"
2535,Glenfiddich 21 Year Old,750mL,7,140.62,28.124000000000002,15.776493228416156,C,Quarterly,Low,"Simple control, bulk ordering"
2543,Darnley's View Gin,750mL,64,18.89,3.7780000000000005,130.15444667552617,C,Quarterly,Low,"Simple control, bulk ordering"
2549,WhistlePig 10Yr Rye,375mL,109,29.49,5.898,135.94425682256062,B,Monthly,Medium,Moderate control
2554,WhistlePig Old World 12 Yr,750mL,79,83.33,16.666,68.84903490670224,A,Weekly,High,"Tight control, frequent replenishment"
2555,The GlenDronach Cask Strngth,750mL,6,66.66,13.332,21.21426417532435,C,Quarterly,Low,"Simple control, bulk ordering"
2563,Greenore Irish Whiskey,750mL,39,34.61,6.922000000000001,75.06137332852093,C,Quarterly,Low,"Simple control, bulk ordering"
2570,Johnnie Walker Gold Rsv,750mL,92,57.14,11.428,89.7240353535551,B,Monthly,Medium,Moderate control
2572,Tatoosh Whiskey,750mL,1,36.42,7.284000000000001,11.716962269825297,C,Quarterly,Low,"Simple control, bulk ordering"
2577,Jack Daniels 2 Yr Rested Rye,750mL,6,37.87,7.574,28.145759656447364,C,Quarterly,Low,"Simple control, bulk ordering"
2580,Barr Hill Gin,750mL,183,29.36,5.872,176.53569082834153,B,Monthly,Medium,Moderate control
2582,Firefly Blackberry Moonshine,750mL,121,11.8,2.3600000000000003,226.43141663797,C,Quarterly,Low,"Simple control, bulk ordering"
2584,JP Wiser's Spiced Vanilla,750mL,16,14.28,2.856,74.84811885651197,C,Quarterly,Low,"Simple control, bulk ordering"
2585,Jameson Irish Whiskey,750mL,6940,16.42,3.2840000000000007,1453.7112822300119,A,Weekly,High,"Tight control, frequent replenishment"
2586,Jameson Irish Whiskey,50mL,3845,2.21,0.442,2949.4228287284336,A,Weekly,High,"Tight control, frequent replenishment"
2587,Jameson Irish Whiskey,375mL,671,12.67,2.5340000000000003,514.5859861815397,A,Weekly,High,"Tight control, frequent replenishment"
2589,Jameson Irish Whiskey,1.75L,4649,30.76,6.152000000000001,869.3038633078934,A,Weekly,High,"Tight control, frequent replenishment"
2590,The Black Grouse Scotch,1.75L,100,28.98,5.796,131.35173437318343,B,Monthly,Medium,Moderate control
2591,Cardhu Scotch,750mL,68,29.4,5.88,107.53895038701157,B,Monthly,Medium,Moderate control
2593,James Oliver American Whisky,750mL,73,23.61,4.722,124.33644291878343,C,Quarterly,Low,"Simple control, bulk ordering"
2595,Clontarf Irish Whiskey,750mL,137,12.3,2.4600000000000004,235.9895271205252,B,Monthly,Medium,Moderate control
2597,Beefeater 24,750mL,39,14.38,2.8760000000000003,116.44956288200609,C,Quarterly,Low,"Simple control, bulk ordering"
2598,Firefly Apple Pie Moonshine,750mL,320,11.44,2.288,373.9787960033829,B,Monthly,Medium,Moderate control
2602,Caol Ila 12 Yr Islay Single,750mL,78,43.84,8.768,94.31853159088013,B,Monthly,Medium,Moderate control
2604,Johnnie Walker Collection 4,200mL 4 Pk,46,73.52,14.704,55.932105585752026,B,Monthly,Medium,Moderate control
2606,Glenmorangie Original 18Yr,750mL,49,79.36,15.872,55.56255556258335,B,Monthly,Medium,Moderate control
2607,Grand MacNish 12 Yr Old,750mL,187,17.18,3.436,233.28898076167155,B,Monthly,Medium,Moderate control
2609,Pigs Nose Scotch,750mL,102,18.11,3.622,167.81310105500853,B,Monthly,Medium,Moderate control
2610,Glenmorangie Signet Sng Malt,750mL,2,138.68,27.736000000000004,8.491669512555829,C,Quarterly,Low,"Simple control, bulk ordering"
2611,Dewar's 15 Yr Old Rsv,750mL,4,39.99,7.998000000000001,22.36347538415741,C,Quarterly,Low,"Simple control, bulk ordering"
2614,Dewars Special RSV 12-Year,1.75L,2,41.21,8.242,15.577533458581929,C,Quarterly,Low,"Simple control, bulk ordering"
2615,Chivas Regal,50mL,345,2.57,0.514,819.2717654606033,C,Quarterly,Low,"Simple control, bulk ordering"
2616,Hayman's Old Tom Gin,750mL,1,14.95,2.99,18.287923898986374,C,Quarterly,Low,"Simple control, bulk ordering"
2617,Yellow Spot Irish Whisky,750mL,11,72.99,14.597999999999999,27.450462300871724,C,Quarterly,Low,"Simple control, bulk ordering"
2618,Glenmorangie Milsean Scotch,750mL,4,78.56,15.712000000000002,15.95564115681507,C,Quarterly,Low,"Simple control, bulk ordering"
2619,Glenmorangie Original 10 Yr,1.75L,127,51.58,10.316,110.95482524633154,A,Weekly,High,"Tight control, frequent replenishment"
2622,Dewars Scratch Cask Scotch,750mL,87,18.65,3.73,152.72326863592798,B,Monthly,Medium,Moderate control
2623,Ballantines,1.75L,387,18.24,3.6479999999999997,325.70773143385696,A,Weekly,High,"Tight control, frequent replenishment"
2624,Dewars 18 Yr Old Founders Rv,750mL,27,46.76,9.352,53.73158267633047,C,Quarterly,Low,"Simple control, bulk ordering"
2625,Nikka Coffey Grain Whisky,750mL,40,43.16,8.632,68.07290427601058,B,Monthly,Medium,Moderate control
2626,Crown Royal Apple,50mL,12,1.42,0.284,205.5566129482595,C,Quarterly,Low,"Simple control, bulk ordering"
2628,Dewars Special RSV 12-Yr,750mL,211,23.43,4.686,212.19741329912767,B,Monthly,Medium,Moderate control
2630,Old Pulteney Single Malt Sc,750mL,148,29.91,5.982,157.2923689651557,B,Monthly,Medium,Moderate control
2631,Scapa 16 Yr Old Single Malt,750mL,79,55.99,11.198,83.993042687241,B,Monthly,Medium,Moderate control
2632,Partida Tequila Blanco,750mL,17,33.33,6.666,50.50004975742648,C,Quarterly,Low,"Simple control, bulk ordering"
2636,Nikka Whisky Taketsuru 12 Yr,750mL,64,48.83,9.766,80.95275382235805,B,Monthly,Medium,Moderate control
2637,The Feathery Blended Scotch,750mL,5,39.12,7.824,25.27962232121905,C,Quarterly,Low,"Simple control, bulk ordering"
2638,Bowmore Islay 18-Yr Sgl Malt,750mL,8,95.38,19.076,20.478650616061802,C,Quarterly,Low,"Simple control, bulk ordering"
2639,Bowmore Darkest Islay 15 Yr,750mL,23,52.37,10.474,46.860577152276846,C,Quarterly,Low,"Simple control, bulk ordering"
2640,Michter's Small Batch Bourbn,750mL,227,30.07,6.014,194.2813965811766,A,Weekly,High,"Tight control, frequent replenishment"
2644,Chivas Regal 18-Yr Scotch,750mL,63,58.13,11.626000000000001,73.61310140013413,B,Monthly,Medium,Moderate control
2645,Chivas Regal,750mL,738,21.89,4.378,410.5729208605856,A,Weekly,High,"Tight control, frequent replenishment"
2646,Chivas Regal,1.75L,556,43.3,8.66,253.38356942854648,A,Weekly,High,"Tight control, frequent replenishment"
2647,Wiggly Bridge Bourbon Sm Brl,750mL,34,41.3,8.26,64.15779578734417,C,Quarterly,Low,"Simple control, bulk ordering"
2648,Chivas Regal,375mL,168,12.21,2.442,262.29004707778904,B,Monthly,Medium,Moderate control
2650,Tanqueray Old Tom Gin,Liter,39,19.68,3.936,99.54163242264943,C,Quarterly,Low,"Simple control, bulk ordering"
2654,Tanqueray Bloomsbury,Liter,128,22.47,4.494,168.76735764295623,B,Monthly,Medium,Moderate control
2655,James Oliver Rye Whisky,750mL,53,21.89,4.378,110.02719876373075,C,Quarterly,Low,"Simple control, bulk ordering"
2656,Cutty Sark,1.75L,1009,19.52,3.904,508.38260085535876,A,Weekly,High,"Tight control, frequent replenishment"
2658,Cutty Sark,750mL,317,12.49,2.498,356.2323977643998,B,Monthly,Medium,Moderate control
2660,Jameson Rarest Vintage Rsv,750mL,2,229.0,45.800000000000004,6.608186004550897,C,Quarterly,Low,"Simple control, bulk ordering"
2661,Laphroaig Cask Strength 10Yr,750mL,121,47.99,9.598,112.27997631765007,B,Monthly,Medium,Moderate control
2663,Dewars White Label,1.75L,2984,21.42,4.284000000000001,834.5928856517882,A,Weekly,High,"Tight control, frequent replenishment"
2664,Firefly Moonshine,750mL,69,10.5,2.1,181.26539343499314,C,Quarterly,Low,"Simple control, bulk ordering"
2665,Dewars White Label,750mL,1167,15.38,3.0760000000000005,615.9454656420432,A,Weekly,High,"Tight control, frequent replenishment"
2667,Damrak Amsterdam Gin,750mL,40,14.39,2.878,117.8920720541946,C,Quarterly,Low,"Simple control, bulk ordering"
2668,Dewars White Label,375mL,481,10.68,2.136,474.5390035788449,B,Monthly,Medium,Moderate control
2670,Metze's Slct Indiana Bourbon,750mL,4,55.14,11.028,19.045028063583718,C,Quarterly,Low,"Simple control, bulk ordering"
2671,Christian Drouin Calvados,375mL,2,16.78,3.3560000000000003,24.412037125463694,C,Quarterly,Low,"Simple control, bulk ordering"
2672,Dewars White Label,50mL,1960,1.8,0.36000000000000004,2333.333333333333,B,Monthly,Medium,Moderate control
2675,Crown Royal XO,750mL,148,34.88,6.976000000000001,145.65574595694886,B,Monthly,Medium,Moderate control
2676,Grand MacNish,1.75L,339,10.93,2.186,393.79914628154904,B,Monthly,Medium,Moderate control
2678,Michter's Straight Rye,750mL,170,31.99,6.398,163.00553173452434,B,Monthly,Medium,Moderate control
2679,Dewars Highlander Honey,750mL,440,14.28,2.856,392.50684662800467,A,Weekly,High,"Tight control, frequent replenishment"
2680,Tomatin Scotch 14Yr Portwood,750mL,6,43.79,8.758000000000001,26.1741842206467,C,Quarterly,Low,"Simple control, bulk ordering"
2682,The Glendronach 12 Yr Scotch,750mL,51,42.39,8.478,77.56010385396107,B,Monthly,Medium,Moderate control
2684,Wemyss The Hive,750mL,25,38.12,7.624,57.26358854392202,C,Quarterly,Low,"Simple control, bulk ordering"
2686,AnCnoc 12 Yr Old Scotch,750mL,164,26.8,5.36,174.92002436934752,B,Monthly,Medium,Moderate control
2689,Black Velvet Reserve,1.75L,192,14.72,2.9440000000000004,255.37695922762455,B,Monthly,Medium,Moderate control
2690,Black Velvet Reserve,750mL,871,7.35,1.47,769.7512629432453,A,Weekly,High,"Tight control, frequent replenishment"
2692,Glenmorangie 10 Yr Scotch,750mL,255,26.31,5.2620000000000005,220.13782352311927,A,Weekly,High,"Tight control, frequent replenishment"
2694,Glenmorangie LaSanta,750mL,110,37.31,7.462000000000001,121.41398685806689,B,Monthly,Medium,Moderate control
2696,McClelland Highland Sgl Malt,1.75L,267,25.19,5.038,230.2112532425204,A,Weekly,High,"Tight control, frequent replenishment"
2704,Serpent's Bite Cider Whiskey,50mL,3126,0.78,0.15600000000000003,4476.434020340469,B,Monthly,Medium,Moderate control
2710,Bitch Vodka,750mL,2,15.93,3.186,25.054867600094294,C,Quarterly,Low,"Simple control, bulk ordering"
2711,Grant's Ale Cask Finish,750mL,55,15.03,3.0060000000000002,135.26544220023857,C,Quarterly,Low,"Simple control, bulk ordering"
2713,Inver House Green Plaid 3-Y,1.75L,463,10.93,2.186,460.2199243557546,B,Monthly,Medium,Moderate control
2714,Glenfiddich The Original,750mL,14,76.33,15.266,30.28317378408861,C,Quarterly,Low,"Simple control, bulk ordering"
2715,Teeling Single Grain Whiskey,750mL,2,39.99,7.998000000000001,15.813365095036135,C,Quarterly,Low,"Simple control, bulk ordering"
2717,Big Peat Scotch,750mL,33,43.38,8.676,61.67330157570275,C,Quarterly,Low,"Simple control, bulk ordering"
2719,Full Throttle Apple Whiskey,750mL,3,15.5,3.1,31.10855084191276,C,Quarterly,Low,"Simple control, bulk ordering"
2721,Johnnie Walker Green Label,750mL,251,47.61,9.522,162.3576558145513,A,Weekly,High,"Tight control, frequent replenishment"
2722,J & B Rare,750mL,217,17.59,3.5180000000000002,248.36017052575394,B,Monthly,Medium,Moderate control
2723,J & B Rare,1.75L,588,21.42,4.284000000000001,370.47928681747413,A,Weekly,High,"Tight control, frequent replenishment"
2727,Grand Macnish Black Edition,750mL,17,19.37,3.8740000000000006,66.24371079916934,C,Quarterly,Low,"Simple control, bulk ordering"
2729,Hell-Cat Maggie Irish Whisky,750mL,1,19.99,3.9979999999999998,15.815342630852664,C,Quarterly,Low,"Simple control, bulk ordering"
2733,GlenDronach Tawny Port 15 Yr,750mL,18,58.95,11.790000000000001,39.07323325822818,C,Quarterly,Low,"Simple control, bulk ordering"
2734,Nikka Pure Malt whiskey,750mL,25,54.75,10.950000000000001,47.781848256749655,C,Quarterly,Low,"Simple control, bulk ordering"
2737,Teeling Irish Whiskey,750mL,71,27.77,5.554,113.0644922255994,B,Monthly,Medium,Moderate control
2739,Bruichladdich Rocks Sngl Mlt,750mL,4,35.96,7.192,23.583331531828907,C,Quarterly,Low,"Simple control, bulk ordering"
2740,GlenDronach 15 Yr Scotch,750mL,100,65.41,13.082,87.43049306486908,A,Weekly,High,"Tight control, frequent replenishment"
2742,Aberfeldy 12 Yr Single Malt,750mL,21,37.98,7.596,52.57958685827052,C,Quarterly,Low,"Simple control, bulk ordering"
2743,Linkwood 15 Yr Old Sngl Malt,750mL,16,62.49,12.498000000000001,35.77995015051368,C,Quarterly,Low,"Simple control, bulk ordering"
2746,Laphroaig Cairdeas Islay,750mL,29,51.42,10.284,53.10286649685503,C,Quarterly,Low,"Simple control, bulk ordering"
2747,Speymalt Macallan 1993 20 Yr,750mL,16,123.07,24.614,25.495814647834973,B,Monthly,Medium,Moderate control
2748,Johnnie Walker Blue Label,1.75L,45,240.59,48.118,30.581055643913036,A,Weekly,High,"Tight control, frequent replenishment"
2749,John Begg Blue Cap,1.75L,455,13.38,2.676,412.3468144247246,B,Monthly,Medium,Moderate control
2750,Henry DuYore's Strgt Bourbon,750mL,3,33.33,6.666,21.21426417532435,C,Quarterly,Low,"Simple control, bulk ordering"
2751,Johnnie Walker Black Label,375mL,425,15.99,3.1980000000000004,364.5484326188058,A,Weekly,High,"Tight control, frequent replenishment"
2752,Johnnie Walker Black Label,750mL,1542,26.31,5.2620000000000005,541.3358197859739,A,Weekly,High,"Tight control, frequent replenishment"
2753,Johnnie Walker Black Label,1.75L,1019,44.77,8.954,337.34831633070183,A,Weekly,High,"Tight control, frequent replenishment"
2755,Johnnie Walker Red Label,750mL,488,19.68,3.936,352.1132485968092,A,Weekly,High,"Tight control, frequent replenishment"
2756,Jameson Caskmates,750mL,749,22.89,4.578,404.48555313030835,A,Weekly,High,"Tight control, frequent replenishment"
2757,Johnnie Walker Red Label,1.75L,5191,22.38,4.476,1076.912642713301,A,Weekly,High,"Tight control, frequent replenishment"
2759,Johnnie Walker Red Label,375mL,399,10.14,2.028,443.5600997950306,B,Monthly,Medium,Moderate control
2760,Jack Daniels Tennessee Honey,1.75L,1208,28.02,5.604,464.28473382331316,A,Weekly,High,"Tight control, frequent replenishment"
2762,The Steward's Solera Bourbon,750mL,1,40.73,8.145999999999999,11.079694789635479,C,Quarterly,Low,"Simple control, bulk ordering"
2765,Laphroaig 18 Yr Single Malt,750mL,8,60.14,12.028,25.789818384225203,C,Quarterly,Low,"Simple control, bulk ordering"
2767,Johnnie Walker Blue Label,750mL,103,139.7,27.939999999999998,60.71631584101307,A,Weekly,High,"Tight control, frequent replenishment"
2769,Laphroaig Quarter Cask,750mL,109,38.4,7.68,119.13315379579831,B,Monthly,Medium,Moderate control
2770,Hudson Single Malt Whiskey,375mL,47,31.0,6.2,87.06690049203728,C,Quarterly,Low,"Simple control, bulk ordering"
2772,Talisker Storm Scotch,750mL,70,46.15,9.23,87.08596517490177,B,Monthly,Medium,Moderate control
2776,Brenne French Sng Mlt Whisky,750mL,5,32.3,6.46,27.82074420373286,C,Quarterly,Low,"Simple control, bulk ordering"
2779,Wicked 87 Whiskey,750mL,12,14.7,2.94,63.887656499993994,C,Quarterly,Low,"Simple control, bulk ordering"
2780,Bulleit 10 Yr Old Bourbon,750mL,164,28.46,5.692,169.74206383840416,B,Monthly,Medium,Moderate control
2781,High West Campfire Whiskey,750mL,37,44.11,8.822000000000001,64.76156501958542,C,Quarterly,Low,"Simple control, bulk ordering"
2783,Lauders Scotch,1.75L,702,10.06,2.012,590.6831304821418,A,Weekly,High,"Tight control, frequent replenishment"
2784,Lauders,Liter,9,7.25,1.4500000000000002,78.78385971583353,C,Quarterly,Low,"Simple control, bulk ordering"
2787,Glenrothes Vintage Rsv,750mL,108,33.08,6.616,127.76565609690198,B,Monthly,Medium,Moderate control
2788,Laphroaig 10 Yr Single Malt,750mL,626,31.24,6.248,316.53129617727706,A,Weekly,High,"Tight control, frequent replenishment"
2790,High West American Prairie,750mL,37,24.44,4.888000000000001,87.00320742060602,C,Quarterly,Low,"Simple control, bulk ordering"
2792,Jim Beam Apple,50mL,2814,0.78,0.15600000000000003,4247.171004146352,B,Monthly,Medium,Moderate control
2793,Camus Elegance VS Cognac,750mL,51,17.18,3.436,121.83119679385702,C,Quarterly,Low,"Simple control, bulk ordering"
2794,Bird Dog Bourbon,750mL,539,10.5,2.1,506.62280511902213,A,Weekly,High,"Tight control, frequent replenishment"
2795,George Dickel Rye,750mL,178,18.74,3.7479999999999998,217.9265833510372,B,Monthly,Medium,Moderate control
2797,Wicked 87 Whiskey,50mL,1383,0.75,0.15000000000000002,3036.445290137795,C,Quarterly,Low,"Simple control, bulk ordering"
2800,Laphroaig 15 Yr Single Malt,750mL,90,59.69,11.938,86.82713428482631,B,Monthly,Medium,Moderate control
2801,Tullamore Dew 10 Yr Old,750mL,16,27.68,5.5360000000000005,53.760333057047035,C,Quarterly,Low,"Simple control, bulk ordering"
2802,SW4 London Dry Gin,750mL,60,18.93,3.786,125.88828594761014,C,Quarterly,Low,"Simple control, bulk ordering"
2803,Bluecoat Gin,750mL,65,20.46,4.0920000000000005,126.03433255040935,C,Quarterly,Low,"Simple control, bulk ordering"
2808,Uisce Beatha Irish Whisky,750mL,49,23.61,4.722,101.86735942250432,C,Quarterly,Low,"Simple control, bulk ordering"
2809,Full Throttle Blackberry,750mL,15,14.7,2.94,71.42857142857143,C,Quarterly,Low,"Simple control, bulk ordering"
2810,Bib & Tucker Bourbon,750mL,55,43.74,8.748000000000001,79.29155912756252,B,Monthly,Medium,Moderate control
2812,Hudson Manhattan Rye,375mL,10,30.3,6.0600000000000005,40.622223185119374,C,Quarterly,Low,"Simple control, bulk ordering"
2813,Full Throttle Peach Whiskey,750mL,17,14.49,2.898,76.59056444345305,C,Quarterly,Low,"Simple control, bulk ordering"
2814,Hudson Bay Bourbon,375mL,9,31.0,6.2,38.10003810005715,C,Quarterly,Low,"Simple control, bulk ordering"
2815,Benromach 10Yr Single Malt,750mL,26,40.57,8.114,56.606873972353064,C,Quarterly,Low,"Simple control, bulk ordering"
2816,Auchentoshan 12 Yr Sngle Mlt,750mL,53,34.61,6.922000000000001,87.50283769699956,C,Quarterly,Low,"Simple control, bulk ordering"
2818,Rough Rider Straight Bourbon,750mL,63,25.57,5.114000000000001,110.99154910805747,C,Quarterly,Low,"Simple control, bulk ordering"
2821,Auchentoshan American Oak,750mL,78,28.02,5.604,117.97724166262407,B,Monthly,Medium,Moderate control
2822,James E Pepper 1776 Rye,750mL,111,23.25,4.65,154.5023227719748,B,Monthly,Medium,Moderate control
2826,Bowmore Small Batch Sngl Mlt,750mL,165,29.59,5.918,166.97616863550712,B,Monthly,Medium,Moderate control
2828,Tom Cat Barrel Aged Gin,750mL,61,33.81,6.7620000000000005,94.97894347817056,B,Monthly,Medium,Moderate control
2830,Serpent's Bite Cider Whiskey,750mL,253,10.44,2.088,348.0927784017918,B,Monthly,Medium,Moderate control
2832,Bushmills 21 Year Old Irish,750mL,5,74.81,14.962000000000002,18.28058867953267,C,Quarterly,Low,"Simple control, bulk ordering"
2833,Old Smuggler,Liter,6,7.24,1.4480000000000002,64.37116131343117,C,Quarterly,Low,"Simple control, bulk ordering"
2834,Old Smuggler P E T,1.75L,1556,12.3,2.4600000000000004,795.3114642724898,A,Weekly,High,"Tight control, frequent replenishment"
2837,Girvan Patent Still #4 Apps,750mL,16,34.07,6.814,48.45726817373394,C,Quarterly,Low,"Simple control, bulk ordering"
2838,Calumet Bourbon,750mL,133,35.43,7.086,137.00147612160097,B,Monthly,Medium,Moderate control
2839,Ardmore Legacy Single Malt,750mL,26,27.0,5.4,69.38886664887109,C,Quarterly,Low,"Simple control, bulk ordering"
2840,Revel Stoke Roasted Pecan,750mL,21,7.36,1.4720000000000002,119.44163573823863,C,Quarterly,Low,"Simple control, bulk ordering"
2841,High West Double Rye Whiskey,750mL,143,25.73,5.146000000000001,166.69905113538124,B,Monthly,Medium,Moderate control
2842,Laphroaig 25 Yr Cask Strenth,750mL,4,300.74,60.148,8.154914276297497,C,Quarterly,Low,"Simple control, bulk ordering"
2843,Calumet Farm Bourbon VAP,750mL,23,31.15,6.23,60.76029792696342,C,Quarterly,Low,"Simple control, bulk ordering"
2849,Tullibardine 20 YO Highland,750mL,3,129.49,25.898000000000003,10.762855612305966,C,Quarterly,Low,"Simple control, bulk ordering"
2851,Mother's Apple Pie Liqueur,750mL,56,4.5,0.9,249.44382578492943,C,Quarterly,Low,"Simple control, bulk ordering"
2852,Bushmills 10 Yr Irish Whisky,750mL,75,30.14,6.0280000000000005,111.54343380235062,B,Monthly,Medium,Moderate control
2854,Talisker 10-Yr Single Malt,750mL,215,38.45,7.690000000000001,167.20761799707233,A,Weekly,High,"Tight control, frequent replenishment"
2855,Master's London Dry Gin,750mL,28,21.58,4.316,80.54494655283632,C,Quarterly,Low,"Simple control, bulk ordering"
2856,Cragganmore 12-Yr Sngle Malt,750mL,51,42.1,8.42,77.82677640690726,B,Monthly,Medium,Moderate control
2858,Royal Thistle Scotch,750mL,7,13.38,2.676,51.1453276858763,C,Quarterly,Low,"Simple control, bulk ordering"
2859,Bushmills Irish Honey,750mL,194,12.94,2.588,273.7907232242312,B,Monthly,Medium,Moderate control
2862,Pinch 15-Yr by Haig & Haig,750mL,121,27.68,5.5360000000000005,147.84091590687933,B,Monthly,Medium,Moderate control
2863,The Deveron 12 Yr Scotch,750mL,18,34.34,6.868000000000001,51.194241085557174,C,Quarterly,Low,"Simple control, bulk ordering"
2868,Mortlach Single Malt Scotch,750mL,16,70.86,14.172,33.60039783106549,C,Quarterly,Low,"Simple control, bulk ordering"
2874,Hirsch 20 Yr American Whisky,750mL,9,51.46,10.292000000000002,29.571364600790666,C,Quarterly,Low,"Simple control, bulk ordering"
2877,Bushmills 16 Yr Old Irish W,750mL,1,49.25,9.850000000000001,10.075854437197567,C,Quarterly,Low,"Simple control, bulk ordering"
2878,Hudson Four Grain Bourbon,375mL,49,29.84,5.968,90.6115652887371,C,Quarterly,Low,"Simple control, bulk ordering"
2879,Corner Creek Rsv Bourbon,750mL,204,22.21,4.442,214.30179395513892,B,Monthly,Medium,Moderate control
2880,Bird Dog Chocolate Whiskey,750mL,97,11.02,2.204,209.787724360116,C,Quarterly,Low,"Simple control, bulk ordering"
2882,Highland Park 18 Yr Single,750mL,19,89.92,17.984,32.503763811622,C,Quarterly,Low,"Simple control, bulk ordering"
2884,Comandon XO Cognac,750mL,8,98.48,19.696,20.153755044768932,C,Quarterly,Low,"Simple control, bulk ordering"
2886,Buchanans Deluxe 12Yr Scotch,1.75L,115,49.2,9.840000000000002,108.10639143879837,B,Monthly,Medium,Moderate control
2889,Buchanans Deluxe 12Yr Scotch,750mL,787,23.07,4.614,412.998592028801,A,Weekly,High,"Tight control, frequent replenishment"
2890,Four Roses Bourbon,750mL,370,21.25,4.25,295.057322446693,A,Weekly,High,"Tight control, frequent replenishment"
2893,Glenmorangie Quinta Ruban,750mL,138,39.67,7.934000000000001,131.88440523748426,B,Monthly,Medium,Moderate control
2894,Scoresby Rare,1.75L,931,12.94,2.588,599.7810007334374,A,Weekly,High,"Tight control, frequent replenishment"
2897,Haig Club Scotch,750mL,18,47.24,9.448,43.648197148449405,C,Quarterly,Low,"Simple control, bulk ordering"
2898,Scoresby Rare,750mL,500,6.01,1.202,644.9599814746857,B,Monthly,Medium,Moderate control
2899,Laphroiag Select Single Malt,750mL,84,37.85,7.57,105.33960930865402,B,Monthly,Medium,Moderate control
2902,Stranahan's Colorado Whiskey,750mL,108,37.0,7.4,120.80808993852438,B,Monthly,Medium,Moderate control
2903,White Horse Scotch,1.75L,6,20.58,4.116,38.18017741606063,C,Quarterly,Low,"Simple control, bulk ordering"
2906,Usquaebach Old Rare Whisky,750mL,46,72.99,14.597999999999999,56.13480730628617,B,Monthly,Medium,Moderate control
2908,Buchanans Deluxe 18 Yr Old,750mL,31,53.84,10.768,53.65538599027343,C,Quarterly,Low,"Simple control, bulk ordering"
2909,Lot No 40 Canadian Rye,750mL,4,37.03,7.406000000000001,23.24010799238473,C,Quarterly,Low,"Simple control, bulk ordering"
2910,Full Throttle Vanila Whiskey,750mL,19,14.7,2.94,80.39020483873396,C,Quarterly,Low,"Simple control, bulk ordering"
2912,Platte Valley KY Moonshine,750mL,240,12.87,2.574,305.35240827622965,B,Monthly,Medium,Moderate control
2913,Spring 44 Gin,750mL,11,19.99,3.9979999999999998,52.453557437450534,C,Quarterly,Low,"Simple control, bulk ordering"
2915,Pendleton Limited Edition,750mL,13,16.41,3.282,62.936471068971436,C,Quarterly,Low,"Simple control, bulk ordering"
2916,Royal Brackla 12 Yr Scotch,750mL,5,47.05,9.41,23.051022277878705,C,Quarterly,Low,"Simple control, bulk ordering"
2917,Paddy's Irish Whiskey,750mL,339,15.62,3.124,329.4157323381927,B,Monthly,Medium,Moderate control
2918,Alibi Whiskey,750mL,1,13.86,2.7720000000000002,18.993429409939658,C,Quarterly,Low,"Simple control, bulk ordering"
2920,Old Potrero 18th Century,750mL,24,46.15,9.23,50.99231986018803,C,Quarterly,Low,"Simple control, bulk ordering"
2921,Full Throttle Strwbry Whisky,750mL,9,14.92,2.984,54.91890194536594,C,Quarterly,Low,"Simple control, bulk ordering"
2922,Usquaebach 15 Yr Whisky,750mL,17,51.46,10.292000000000002,40.641953247570314,C,Quarterly,Low,"Simple control, bulk ordering"
2923,Balvenie 12 Yr Single Barrel,750mL,22,53.43,10.686,45.37365405305315,C,Quarterly,Low,"Simple control, bulk ordering"
2924,Speyburn 10-Yr Single Malt,750mL,400,17.18,3.436,341.1955969674702,A,Weekly,High,"Tight control, frequent replenishment"
2926,Teachers Highland Cream,1.75L,238,21.87,4.3740000000000006,233.2647361443356,B,Monthly,Medium,Moderate control
2929,Dark Corner Moonshine,750mL,32,19.54,3.908,90.48940063582536,C,Quarterly,Low,"Simple control, bulk ordering"
2932,Jameson Black Barrel,750mL,1032,24.61,4.922000000000001,457.89831349528737,A,Weekly,High,"Tight control, frequent replenishment"
2933,Aultmore 12 Yr Scotch,750mL,23,38.88,7.776000000000001,54.38583390958671,C,Quarterly,Low,"Simple control, bulk ordering"
2935,Talisker 18 Yr Old Scotch,750mL,49,74.62,14.924000000000001,57.300105268575805,B,Monthly,Medium,Moderate control
2938,Kennedy's Original Irish,750mL,12,11.42,2.2840000000000003,72.4840703557789,C,Quarterly,Low,"Simple control, bulk ordering"
2939,Berentzen Bushel & Barrel,750mL,6,11.53,2.306,51.008901830121815,C,Quarterly,Low,"Simple control, bulk ordering"
2940,Hakushu 12 Yr Japanese Whsky,750mL,33,65.64,13.128,50.13692403545261,B,Monthly,Medium,Moderate control
2942,Glen Grant 10 Yr Single Malt,750mL,35,27.12,5.424,80.329336856979,C,Quarterly,Low,"Simple control, bulk ordering"
2943,The Macallan 18 Yr Old,375mL,1,91.6,18.32,7.388176557069271,C,Quarterly,Low,"Simple control, bulk ordering"
2944,The Glenlivet Founders Res,750mL,290,32.14,6.428000000000001,212.40320464653888,A,Weekly,High,"Tight control, frequent replenishment"
2945,The Macallan Rare Cask,750mL,14,213.17,42.634,18.12115926731371,B,Monthly,Medium,Moderate control
2946,Highland Park 15 Yr Old,750mL,48,62.01,12.402000000000001,62.21208478250028,B,Monthly,Medium,Moderate control
2949,Lock Stock & Barrel Rye,750mL,7,70.36,14.072000000000001,22.303401719349676,C,Quarterly,Low,"Simple control, bulk ordering"
2951,Old Bushmills Irish Whiskey,1.75L,282,28.78,5.756,221.34216905651016,A,Weekly,High,"Tight control, frequent replenishment"
2952,Old Bushmills,750mL,593,14.61,2.922,450.4921637455717,A,Weekly,High,"Tight control, frequent replenishment"
2953,Bowmore Mizurana,750mL,3,746.26,149.252,4.483328357671863,B,Monthly,Medium,Moderate control
2954,Highland Park 12 Yr Single,750mL,119,35.87,7.1739999999999995,128.7931586891108,B,Monthly,Medium,Moderate control
2955,Auchentoshan 18 Yr Scotch,750mL,6,93.52,18.704,17.91052755877682,C,Quarterly,Low,"Simple control, bulk ordering"
2956,Vat 69 Gold,1.75L,758,10.71,2.1420000000000003,594.8738381259071,A,Weekly,High,"Tight control, frequent replenishment"
2957,Glenfarclas 12-Yr Scotch,750mL,200,25.89,5.178000000000001,196.53231723767556,B,Monthly,Medium,Moderate control
2958,Dalwhinnie 15-Yr Single Mal,750mL,201,40.73,8.145999999999999,157.08178431290688,A,Weekly,High,"Tight control, frequent replenishment"
2960,The Macallan Fine Oak 15 Yr,750mL,98,69.34,13.868000000000002,84.06323934292607,A,Weekly,High,"Tight control, frequent replenishment"
2965,Ardbeg 10 Yr Single Malt Sc,750mL,234,34.64,6.928000000000001,183.78242985728917,A,Weekly,High,"Tight control, frequent replenishment"
2967,Glenfiddich Solera 15-Yr RS,750mL,157,40.73,8.145999999999999,138.8281777995435,A,Weekly,High,"Tight control, frequent replenishment"
2969,Laphroaig 32 Yr Old Scotch,750mL,1,875.91,175.18200000000002,2.389215149644998,C,Quarterly,Low,"Simple control, bulk ordering"
2973,Eagle Rare Single Barrel Bo,750mL,743,19.85,3.9700000000000006,432.61258926775014,A,Weekly,High,"Tight control, frequent replenishment"
2974,Sazerac 6 Yr Straight Rye,750mL,1,21.73,4.346,15.168936699355278,C,Quarterly,Low,"Simple control, bulk ordering"
2975,Bird Dog Blackberry Whiskey,750mL,458,11.32,2.2640000000000002,449.7741875519157,B,Monthly,Medium,Moderate control
2976,Islay Mist 8 Yr Old Scotch,750mL,7,11.59,2.318,54.9531135942402,C,Quarterly,Low,"Simple control, bulk ordering"
2979,Bowmore 12-Yr Scotch,750mL,81,35.43,7.086,106.91581120610478,B,Monthly,Medium,Moderate control
2982,Highland Park Dark Origins,750mL,36,52.23,10.446,58.70515507708781,B,Monthly,Medium,Moderate control
2985,Gibsons 12YO Gold Canadian W,750mL,23,15.1,3.02,87.26908982987676,C,Quarterly,Low,"Simple control, bulk ordering"
2986,Hibiki Harmony Japan Whiskey,750mL,147,51.96,10.392000000000001,118.93484155535234,A,Weekly,High,"Tight control, frequent replenishment"
2988,Sauza 901 Silver Tequila,750mL,92,18.51,3.7020000000000004,157.6433685841651,C,Quarterly,Low,"Simple control, bulk ordering"
2989,The Macallan 18 Yr Old,750mL,58,192.59,38.518,38.804503617653886,A,Weekly,High,"Tight control, frequent replenishment"
2990,Bulldog Gin,750mL,36,15.99,3.1980000000000004,106.0991783534611,C,Quarterly,Low,"Simple control, bulk ordering"
2991,Tullibardine Single Malt,750mL,34,36.49,7.298000000000001,68.25548060815447,C,Quarterly,Low,"Simple control, bulk ordering"
2992,Hudson Baby Bourbon Whiskey,750mL,120,35.96,7.192,129.17122661105557,B,Monthly,Medium,Moderate control
2994,Hudson Manhattan Rye,750mL,71,35.96,7.192,99.35834181883152,B,Monthly,Medium,Moderate control
2995,Jim Beam Maple,1.75L,2,17.51,3.5020000000000007,23.89774523461756,C,Quarterly,Low,"Simple control, bulk ordering"
2997,Yamazaki 12 Yr Japanese,750mL,24,63.23,12.646,43.564128672275054,C,Quarterly,Low,"Simple control, bulk ordering"
3008,Pinnacle Red Liquorice,1.75L,11,11.31,2.262,69.73487749193518,C,Quarterly,Low,"Simple control, bulk ordering"
3009,Barr Hill Vodka,750mL,8,43.99,8.798,30.15456130718878,C,Quarterly,Low,"Simple control, bulk ordering"
3012,Pinnacle Vodka,50mL,4685,0.74,0.148,5626.31366041793,B,Monthly,Medium,Moderate control
3016,Bombay Sapphire East Gin,750mL,386,14.59,2.918,363.7064547067309,A,Weekly,High,"Tight control, frequent replenishment"
3020,Pinnacle Blueberry Vodka,750mL,365,7.99,1.598,477.9231247192657,B,Monthly,Medium,Moderate control
3025,Ciroc Snap Frost Vodka,375mL,1223,9.29,1.8579999999999999,811.3166218719585,A,Weekly,High,"Tight control, frequent replenishment"
3038,Zhenka Raspberry Vodka,1.75L,1545,7.13,1.4260000000000002,1040.8891441352828,A,Weekly,High,"Tight control, frequent replenishment"
3039,Stoli Salted Karamel,750mL,257,13.38,2.676,309.901377822177,B,Monthly,Medium,Moderate control
3040,Tito's Handmade Vodka,Liter,1940,16.54,3.308,765.8048535760141,A,Weekly,High,"Tight control, frequent replenishment"
3041,Zhenka Pink Lemonade Vodka,1.75L,895,5.83,1.1660000000000001,876.1172724747782,A,Weekly,High,"Tight control, frequent replenishment"
3042,Ciroc Red Berry Vodka,375mL,1038,8.63,1.7260000000000002,775.493712586941,A,Weekly,High,"Tight control, frequent replenishment"
3045,Pinnacle Salted Caramel,750mL,685,7.8,1.56,662.6481450231065,B,Monthly,Medium,Moderate control
3046,Ciroc Peach Vodka,1.75L,42,35.81,7.162000000000001,76.57861137178833,C,Quarterly,Low,"Simple control, bulk ordering"
3050,Bowman Vodka,1.75L,2185,6.51,1.302,1295.4487268872726,A,Weekly,High,"Tight control, frequent replenishment"
3054,Smirnoff Kissed Caramel,750mL,729,8.14,1.6280000000000001,669.1701560804231,A,Weekly,High,"Tight control, frequent replenishment"
3058,Three Olives Vodka,50mL,66,0.71,0.142,681.7541583256873,C,Quarterly,Low,"Simple control, bulk ordering"
3061,Absolut Grapevine Vodka,750mL,88,11.32,2.2640000000000002,197.15287964047096,C,Quarterly,Low,"Simple control, bulk ordering"
3062,Russian Standard Platinum,750mL,174,15.62,3.124,236.0038628994388,B,Monthly,Medium,Moderate control
3065,Three Olives Grape Vodka,50mL,81,0.71,0.142,755.2632224670202,C,Quarterly,Low,"Simple control, bulk ordering"
3070,Peligroso Reposado Tequila,750mL,30,16.53,3.3060000000000005,95.25969852639354,C,Quarterly,Low,"Simple control, bulk ordering"
3072,Ciroc Peach Vodka,750mL,451,18.24,3.6479999999999997,351.60970686958046,A,Weekly,High,"Tight control, frequent replenishment"
3079,Devils Spring Vodka,750mL,213,10.21,2.0420000000000003,322.96981358900393,B,Monthly,Medium,Moderate control
3084,Patron Silver Tequila,200mL,6,11.27,2.254,51.59393703675823,C,Quarterly,Low,"Simple control, bulk ordering"
3085,Absolut Mini Bar 5/50mls,50mL 5 Pk,1783,4.72,0.944,1374.325720650195,A,Weekly,High,"Tight control, frequent replenishment"
3086,Ciroc Coconut Vodka,1.75L,76,35.03,7.006,104.15298701688285,B,Monthly,Medium,Moderate control
3089,Evan Williams Honey Reserve,750mL,1155,7.63,1.526,869.9889274841112,A,Weekly,High,"Tight control, frequent replenishment"
3092,Stolichnaya 100* Vodka,750mL,2,13.38,2.676,27.338327590690405,C,Quarterly,Low,"Simple control, bulk ordering"
3096,Three Olives Loopy Vodka,50mL,9,0.72,0.144,250.00000000000003,C,Quarterly,Low,"Simple control, bulk ordering"
3100,Ciroc Red Berry Vodka,1.75L,62,34.28,6.856000000000001,95.09560380117676,B,Monthly,Medium,Moderate control
3102,Smirnoff Traveler,1.75L,6657,12.94,2.588,1603.825604228521,A,Weekly,High,"Tight control, frequent replenishment"
3104,Smirnoff Whipped Cream,750mL,458,8.72,1.7440000000000002,512.4594412234811,B,Monthly,Medium,Moderate control
3107,Don Julio 70th Anniversary,750mL,102,47.47,9.494,103.65147154886314,B,Monthly,Medium,Moderate control
3120,Absolut Cilantro,750mL,12,10.94,2.188,74.05714479169687,C,Quarterly,Low,"Simple control, bulk ordering"
3121,Pinnacle Rainbow Sherbet,750mL,112,6.93,1.3860000000000001,284.26762180748057,C,Quarterly,Low,"Simple control, bulk ordering"
3123,Booths London Dry Gin,1.75L,563,10.94,2.188,507.25990799549476,A,Weekly,High,"Tight control, frequent replenishment"
3125,Pinnacle Strawbery Shortcake,750mL,120,7.03,1.4060000000000001,292.14466690517895,C,Quarterly,Low,"Simple control, bulk ordering"
3131,Pinnacle Key Lime Whipped,750mL,5,9.28,1.8559999999999999,51.90342490858748,C,Quarterly,Low,"Simple control, bulk ordering"
3133,Svedka Strwbry Lemonad Vodka,750mL,924,8.79,1.758,724.9808753509112,A,Weekly,High,"Tight control, frequent replenishment"
3137,Three Olives Blueberry Vodka,50mL,1697,0.76,0.15200000000000002,3341.3281317779197,C,Quarterly,Low,"Simple control, bulk ordering"
3138,Svedka 100 Vodka,750mL,108,9.29,1.8579999999999999,241.09545474613682,C,Quarterly,Low,"Simple control, bulk ordering"
3139,Grey Goose Le Melon,750mL,252,17.64,3.5280000000000005,267.2612419124244,B,Monthly,Medium,Moderate control
3147,Stolichnaya Chocolat Kokonut,50mL,358,0.71,0.142,1587.80564319547,C,Quarterly,Low,"Simple control, bulk ordering"
3150,Svedka Mango Pineapple Vodka,750mL,885,8.65,1.7300000000000002,715.2347122739628,A,Weekly,High,"Tight control, frequent replenishment"
3152,Three Olives Jacked Apple,750mL,15,7.91,1.582,97.37386083392283,C,Quarterly,Low,"Simple control, bulk ordering"
3153,Rye Harbor Vodka,750mL,117,13.23,2.6460000000000004,210.28002062685349,C,Quarterly,Low,"Simple control, bulk ordering"
3154,New Amsterdam Peach Vodka,750mL,848,7.8,1.56,737.2853881569495,A,Weekly,High,"Tight control, frequent replenishment"
3158,Pinnacle Tropical Punch,1.75L,869,12.77,2.5540000000000003,583.3100267559415,A,Weekly,High,"Tight control, frequent replenishment"
3159,Sobieski Vodka,750mL,84,5.59,1.118,274.10612572035666,C,Quarterly,Low,"Simple control, bulk ordering"
3161,New Amsterdam Red Berry,750mL,780,6.66,1.332,765.2356405615106,A,Weekly,High,"Tight control, frequent replenishment"
3162,Burnett's Peach Vodka,50mL,2049,0.76,0.15200000000000002,3671.5477877721723,C,Quarterly,Low,"Simple control, bulk ordering"
3163,Three Olives Dude Vodka,750mL,17,8.82,1.7640000000000002,98.16918156232525,C,Quarterly,Low,"Simple control, bulk ordering"
3168,Belvedere UF Intense Vodka,750mL,129,18.97,3.794,184.3937479858177,B,Monthly,Medium,Moderate control
3170,Pinnacle Orange Whipped,750mL,4,7.03,1.4060000000000001,53.3380747062665,C,Quarterly,Low,"Simple control, bulk ordering"
3172,Skyy Infusions Blood Orange,750mL,267,10.31,2.0620000000000003,359.84154288308775,B,Monthly,Medium,Moderate control
3174,Cold River Vodka,750mL,162,21.73,4.346,193.06904406306487,B,Monthly,Medium,Moderate control
3176,Smugglers Notch Vodka,750mL,103,20.89,4.178,157.01255998276326,B,Monthly,Medium,Moderate control
3180,New Amsterdam Vodka,1.75L,6340,10.94,2.188,1702.2406998910674,A,Weekly,High,"Tight control, frequent replenishment"
3183,Jose Cuervo Tradicional Slvr,750mL,211,13.7,2.74,277.50189057026796,B,Monthly,Medium,Moderate control
3185,Grey Goose L'Orange Vodka,1.75L,36,35.33,7.066,71.37800968129355,C,Quarterly,Low,"Simple control, bulk ordering"
3186,Smirnoff Mango Vodka,750mL,18,9.99,1.9980000000000002,94.91579957524989,C,Quarterly,Low,"Simple control, bulk ordering"
3187,Three Olives Cake Vodka,750mL,12,8.72,1.7440000000000002,82.95018954139965,C,Quarterly,Low,"Simple control, bulk ordering"
3189,Skyy Infusions Dragon Fruit,750mL,165,10.15,2.0300000000000002,285.09785719527935,C,Quarterly,Low,"Simple control, bulk ordering"
3193,Absolut Wild Tea,750mL,23,11.15,2.23,101.55737957081938,C,Quarterly,Low,"Simple control, bulk ordering"
3194,Grey Goose Cherry Noir Vodka,750mL,433,18.31,3.662,343.86246980892116,A,Weekly,High,"Tight control, frequent replenishment"
3196,Absolut Orient Apple Vodka,750mL,1,14.81,2.962,18.374159114365668,C,Quarterly,Low,"Simple control, bulk ordering"
3197,Pinnacle Vodka 100 Proof,1.75L,390,15.32,3.064,356.7696670125714,A,Weekly,High,"Tight control, frequent replenishment"
3199,Grey Goose La Poire Vodka,1.75L,38,34.3,6.859999999999999,74.42686746453253,C,Quarterly,Low,"Simple control, bulk ordering"
3201,Plymouth Gin,750mL,216,21.96,4.392,221.76638128637182,B,Monthly,Medium,Moderate control
3203,Magellan Gin,750mL,12,19.4,3.88,55.61279983200486,C,Quarterly,Low,"Simple control, bulk ordering"
3204,Twenty 2 Vodka,750mL,71,15.71,3.1420000000000003,150.32322484801819,C,Quarterly,Low,"Simple control, bulk ordering"
3209,Hammer & Sickle Vodka,750mL,437,14.07,2.814,394.07480736836817,A,Weekly,High,"Tight control, frequent replenishment"
3216,Fleischmanns X Dry Gin,1.75L,922,7.68,1.536,774.7647492411271,A,Weekly,High,"Tight control, frequent replenishment"
3218,Firefly Sweet Tea Vodka,750mL,244,10.23,2.0460000000000003,345.3361941630539,B,Monthly,Medium,Moderate control
3219,Svedka Grapefruit Jalapeno,50mL,905,0.74,0.148,2472.825279890366,C,Quarterly,Low,"Simple control, bulk ordering"
3220,Svedka Clementine Vodka,1.75L,430,14.72,2.9440000000000004,382.17768460324265,A,Weekly,High,"Tight control, frequent replenishment"
3221,Pinnacle Raspberry Vodka,750mL,564,7.93,1.586,596.3317881123232,B,Monthly,Medium,Moderate control
3227,Taaka Gin,1.75L,1363,6.86,1.372,996.7147200860192,A,Weekly,High,"Tight control, frequent replenishment"
3230,Svedka Grapefruit Jalapeno,750mL,116,7.08,1.4160000000000001,286.2182802596687,C,Quarterly,Low,"Simple control, bulk ordering"
3231,Pinnacle Tropical Punch Vdka,750mL,353,7.74,1.548,477.5313347944764,B,Monthly,Medium,Moderate control
3233,Belvedere Wild Berry,750mL,74,16.66,3.3320000000000003,149.0264525291445,C,Quarterly,Low,"Simple control, bulk ordering"
3234,Hendrick's Gin,1.75L,307,45.92,9.184000000000001,182.8324378999308,A,Weekly,High,"Tight control, frequent replenishment"
3235,Absolut Berri Acai,750mL,181,12.4,2.4800000000000004,270.15527195992667,B,Monthly,Medium,Moderate control
3236,Pinnacle Pecan Pie,750mL,63,6.78,1.356,215.54622935962124,C,Quarterly,Low,"Simple control, bulk ordering"
3237,Firefly Sweet Tea Vodka,1.75L,178,18.17,3.6340000000000003,221.3184090735035,B,Monthly,Medium,Moderate control
3238,Hendrick's Gin,750mL,1312,22.83,4.566,536.0421790269997,A,Weekly,High,"Tight control, frequent replenishment"
3239,Seagram's Red Berry Vodka,750mL,46,7.8,1.56,171.7183143615715,C,Quarterly,Low,"Simple control, bulk ordering"
3243,Burnetts Vodka,1.75L,4307,8.26,1.6520000000000001,1614.6649364939021,A,Weekly,High,"Tight control, frequent replenishment"
3244,Burnetts Vodka,750mL,1329,4.32,0.8640000000000001,1240.2396721781013,A,Weekly,High,"Tight control, frequent replenishment"
3246,Bentley's Vodka,1.75L,5403,6.71,1.342,2006.5095257436853,A,Weekly,High,"Tight control, frequent replenishment"
3250,Pinnacle Cake Vodka,750mL,7,7.41,1.4820000000000002,68.7266093198987,C,Quarterly,Low,"Simple control, bulk ordering"
3253,Gilbeys London Dry,1.75L,3133,9.08,1.816,1313.4764041722183,A,Weekly,High,"Tight control, frequent replenishment"
3257,Gilbeys London Dry Trav,750mL,903,4.5,0.9,1001.6652800877813,B,Monthly,Medium,Moderate control
3268,Pinnacle CranApple Vodka,750mL,342,7.63,1.526,473.4082109628828,B,Monthly,Medium,Moderate control
3272,Sobieski Vodka,1.75L,952,13.23,2.6460000000000004,599.8236072282915,A,Weekly,High,"Tight control, frequent replenishment"
3276,Gordons London Dry,1.75L,3090,9.62,1.924,1267.2920365997359,A,Weekly,High,"Tight control, frequent replenishment"
3278,Gordons London Dry,750mL,1095,5.79,1.1580000000000001,972.4175311676973,A,Weekly,High,"Tight control, frequent replenishment"
3279,Double Cross Vodka,750mL,57,22.21,4.442,113.27867244851271,C,Quarterly,Low,"Simple control, bulk ordering"
3282,Skyy Watermelon Fresca Vodka,50mL,1717,0.79,0.15800000000000003,3296.5267491095738,C,Quarterly,Low,"Simple control, bulk ordering"
3286,Ciroc Snap Frost Vodka,1.75L,121,36.08,7.216,129.49244257070305,B,Monthly,Medium,Moderate control
3288,Svedka Strwbry Lemonad Vodka,1.75L,122,16.66,3.3320000000000003,191.34953843253277,B,Monthly,Medium,Moderate control
3292,GlenDronach 1995,750mL,5,135.99,27.198000000000004,13.558652102686295,C,Quarterly,Low,"Simple control, bulk ordering"
3294,Leaf Vodka Alaskian Glacial,750mL,124,12.31,2.462,224.42271823094046,C,Quarterly,Low,"Simple control, bulk ordering"
3295,Tito's Handmade Vodka,375mL,1642,7.93,1.586,1017.5013284225923,A,Weekly,High,"Tight control, frequent replenishment"
3296,Belvedere Pink Grapefruit,750mL,70,15.99,3.1980000000000004,147.9482356274173,C,Quarterly,Low,"Simple control, bulk ordering"
3300,Smirnoff Sorbet Mango/Pasion,50mL,2932,0.71,0.142,4543.994643916701,B,Monthly,Medium,Moderate control
3301,Triple Crown Blended Whiskey,750mL,12,12.11,2.422,70.3887987485585,C,Quarterly,Low,"Simple control, bulk ordering"
3305,Canada House Canadian Whisky,1.75L,465,8.65,1.7300000000000002,518.4458767968263,B,Monthly,Medium,Moderate control
3306,Hammer & Sickle Vodka,1.75L,48,20.86,4.172,107.26263678578712,C,Quarterly,Low,"Simple control, bulk ordering"
3310,Pinnacle Vodka,375mL,2781,4.34,0.868,1789.9488961116303,A,Weekly,High,"Tight control, frequent replenishment"
3314,El Jimador Blanco Tequila,1.75L,202,19.28,3.8560000000000003,228.8796454824731,B,Monthly,Medium,Moderate control
3315,Smirnoff Sorbet Rasp/Pomegra,50mL,4409,0.74,0.148,5458.071137365337,B,Monthly,Medium,Moderate control
3316,Ciroc Peach Vodka,375mL,1196,8.88,1.7760000000000002,820.623801399535,A,Weekly,High,"Tight control, frequent replenishment"
3320,Rosita Tequila Wh,Liter,301,6.64,1.328,476.08468417501535,B,Monthly,Medium,Moderate control
3321,Rosita Tequila Gold,Liter,179,6.93,1.3860000000000001,359.3725492419101,C,Quarterly,Low,"Simple control, bulk ordering"
3324,Milagro Silver Select Barrel,750mL,47,37.31,7.462000000000001,79.36359032523148,C,Quarterly,Low,"Simple control, bulk ordering"
3325,Pinnacle Caramel Apple Vodka,750mL,346,7.4,1.4800000000000002,483.51192724045984,B,Monthly,Medium,Moderate control
3326,Jenkins Gin,1.75L,1305,7.36,1.4720000000000002,941.5672642161462,A,Weekly,High,"Tight control, frequent replenishment"
3329,Seagrams Extra Smooth Vodka,1.75L,606,10.84,2.168,528.696789476683,A,Weekly,High,"Tight control, frequent replenishment"
3335,Tanqueray Sterling Vodka,750mL,514,8.14,1.6280000000000001,561.8939541628969,B,Monthly,Medium,Moderate control
3343,Bombay Sapphire Gin,375mL,522,9.46,1.8920000000000003,525.2604307241947,B,Monthly,Medium,Moderate control
3344,Bombay Sapphire Gin,750mL,1700,14.49,2.898,765.9056444345306,A,Weekly,High,"Tight control, frequent replenishment"
3345,Bombay Sapphire Gin,50mL,1441,1.54,0.30800000000000005,2163.0005613895314,B,Monthly,Medium,Moderate control
3347,Milagro Silver Tequila,1.75L,270,28.56,5.712,217.41413836966817,A,Weekly,High,"Tight control, frequent replenishment"
3348,Bombay Sapphire Gin,1.75L,2212,22.38,4.476,702.9873698584622,A,Weekly,High,"Tight control, frequent replenishment"
3349,Russian Standard Vodka,50mL,2234,0.71,0.142,3966.408245024355,C,Quarterly,Low,"Simple control, bulk ordering"
3350,Ice Fox Vodka,750mL,34,12.3,2.4600000000000004,117.56333702044235,C,Quarterly,Low,"Simple control, bulk ordering"
3351,Pinnacle Whipped Vodka,1.75L,1504,13.27,2.654,752.7893370548106,A,Weekly,High,"Tight control, frequent replenishment"
3352,Ciroc Coconut Vodka,750mL,359,18.79,3.758,309.0785288365393,A,Weekly,High,"Tight control, frequent replenishment"
3354,Ketel One Vodka,375mL,500,10.71,2.1420000000000003,483.14252971037365,B,Monthly,Medium,Moderate control
3355,Truuli Peak Vodka,750mL,7,18.79,3.758,43.158926327781806,C,Quarterly,Low,"Simple control, bulk ordering"
3356,Svedka Vodka,375mL,2143,4.47,0.894,1548.2544114566824,A,Weekly,High,"Tight control, frequent replenishment"
3361,Pinnacle Double Espresso,750mL,8,9.84,1.968,63.757671306333826,C,Quarterly,Low,"Simple control, bulk ordering"
3362,Poland Spring Gin,Liter,455,4.47,0.894,713.4062978845208,B,Monthly,Medium,Moderate control
3363,Lunazul Reposado Tequila,750mL,161,9.69,1.938,288.227922653786,B,Monthly,Medium,Moderate control
3364,Absolut Ruby Red,1.75L,616,17.85,3.5700000000000003,415.39020162714854,A,Weekly,High,"Tight control, frequent replenishment"
3365,Russian Standard Vodka,1.75L,99,18.65,3.73,162.91579100807118,C,Quarterly,Low,"Simple control, bulk ordering"
3366,Tanqueray Rangpur Gin,1.75L,371,24.45,4.890000000000001,275.44349811603234,A,Weekly,High,"Tight control, frequent replenishment"
3367,Pinnacle Pomegranate Vodka,750mL,436,7.57,1.5140000000000002,536.636621874236,B,Monthly,Medium,Moderate control
3368,Pinnacle Grape Vodka,1.75L,536,12.22,2.4440000000000004,468.30823427666274,A,Weekly,High,"Tight control, frequent replenishment"
3371,Skyy Infusions Georgia Peach,50mL,15,0.71,0.142,325.01354251307964,C,Quarterly,Low,"Simple control, bulk ordering"
3373,Svedka Citron Vodka,1.75L,364,13.86,2.7720000000000002,362.3715376697393,B,Monthly,Medium,Moderate control
3376,Tommy Guns Vodka,750mL,114,31.99,6.398,133.4843367077041,B,Monthly,Medium,Moderate control
3377,Tanqueray Rangpur Gin,750mL,102,18.25,3.6500000000000004,167.168195179143,B,Monthly,Medium,Moderate control
3385,Pinnacle Strawbry Kiwi Vodka,1.75L,514,12.97,2.5940000000000003,445.13995096428636,A,Weekly,High,"Tight control, frequent replenishment"
3388,Seagrams Extra Dry Gin,750mL,473,6.97,1.3940000000000001,582.5043641809162,B,Monthly,Medium,Moderate control
3389,Seagrams Extra Dry Gin,1.75L,999,12.49,2.498,632.39223267586,A,Weekly,High,"Tight control, frequent replenishment"
3390,Cold River Blueberry Vodka,750mL,164,22.55,4.510000000000001,190.69251784911845,B,Monthly,Medium,Moderate control
3395,Jeremiah Weed Sweet Tea Vdka,750mL,97,10.15,2.0300000000000002,218.59380419290727,C,Quarterly,Low,"Simple control, bulk ordering"
3396,Smirnoff Vanilla Vodka,1.75L,507,13.73,2.7460000000000004,429.68848283341214,A,Weekly,High,"Tight control, frequent replenishment"
3397,Ciroc Red Berry Vodka,750mL,619,18.24,3.6479999999999997,411.92477170456704,A,Weekly,High,"Tight control, frequent replenishment"
3402,Pinnacle Vanilla,750mL,8,10.31,2.0620000000000003,62.28746598642996,C,Quarterly,Low,"Simple control, bulk ordering"
3404,Skinnygirl Vodka,750mL,109,13.33,2.6660000000000004,202.2009428893108,C,Quarterly,Low,"Simple control, bulk ordering"
3405,Tito's Handmade Vodka,1.75L,9203,23.19,4.638000000000001,1408.6378019539213,A,Weekly,High,"Tight control, frequent replenishment"
3406,Skinnygirl Tangerine Vodka,750mL,45,10.78,2.156,144.47139909926616,C,Quarterly,Low,"Simple control, bulk ordering"
3408,Ketel One Oranje,750mL,37,15.62,3.124,108.829178131621,C,Quarterly,Low,"Simple control, bulk ordering"
3409,Crystal Head Vodka,750mL,92,32.14,6.428000000000001,119.63437350093844,B,Monthly,Medium,Moderate control
3410,American Harvest Organic,750mL,367,12.31,2.462,386.0904041315577,B,Monthly,Medium,Moderate control
3412,Skyy Infusions Pineapple,750mL,141,9.28,1.8559999999999999,275.6262461853132,C,Quarterly,Low,"Simple control, bulk ordering"
3416,Danziger Gold Vodka,750mL,31,10.78,2.156,119.91029423778824,C,Quarterly,Low,"Simple control, bulk ordering"
3420,New Amsterdam Coconut Vodka,750mL,620,7.93,1.586,625.2363991763284,B,Monthly,Medium,Moderate control
3422,Beefeater,750mL,399,15.99,3.1980000000000004,353.2215712892051,A,Weekly,High,"Tight control, frequent replenishment"
3423,Beefeater,1.75L,3048,21.25,4.25,846.8627223985216,A,Weekly,High,"Tight control, frequent replenishment"
3424,Peligroso Cinnamon Tequila,750mL,10,11.59,2.318,65.68153353983867,C,Quarterly,Low,"Simple control, bulk ordering"
3425,Olmeca Altos Plata Tequila,750mL,227,15.55,3.1100000000000003,270.1672698491607,B,Monthly,Medium,Moderate control
3427,Stolichnaya Blueberi,1.75L,528,17.85,3.5700000000000003,384.57659791498696,A,Weekly,High,"Tight control, frequent replenishment"
3432,Capri Natura Limoncello,750mL,6,13.04,2.608,47.96471095433095,C,Quarterly,Low,"Simple control, bulk ordering"
3436,Bombay Dry Gin,1.75L,1138,18.79,3.758,550.2914221406079,A,Weekly,High,"Tight control, frequent replenishment"
3437,Bombay Dry Gin,750mL,309,13.84,2.7680000000000002,334.11517172507837,B,Monthly,Medium,Moderate control
3439,Broker's London Dry Gin,750mL,66,13.48,2.696,156.46313356881265,C,Quarterly,Low,"Simple control, bulk ordering"
3440,VanGogh Acai Blueberry Vodka,750mL,5,22.39,4.478000000000001,33.4151148026693,C,Quarterly,Low,"Simple control, bulk ordering"
3441,One Roq RSV Vodka,750mL,3,18.04,3.608,28.83549180407972,C,Quarterly,Low,"Simple control, bulk ordering"
3444,Hornitos Plata Tequila,1.75L,448,29.13,5.8260000000000005,277.3024884481813,A,Weekly,High,"Tight control, frequent replenishment"
3449,Van Gogh Pomegranate Vodka,750mL,1,22.21,4.442,15.004126702342758,C,Quarterly,Low,"Simple control, bulk ordering"
3452,Vanya Light Vodka,1.75L,1897,5.55,1.11,1307.2907132726862,A,Weekly,High,"Tight control, frequent replenishment"
3456,Tanqueray Sterling Vodka,1.75L,964,13.27,2.654,602.6817736345514,A,Weekly,High,"Tight control, frequent replenishment"
3457,Olmeca Altos Plata Tequila,1.75L,137,22.38,4.476,174.9505228155169,B,Monthly,Medium,Moderate control
3458,Ciroc Amaretto Vodka,750mL,333,15.14,3.0280000000000005,331.62264687554097,B,Monthly,Medium,Moderate control
3460,Corzo Anejo Tequila,750mL,34,41.04,8.208,64.36070381010275,C,Quarterly,Low,"Simple control, bulk ordering"
3461,Corzo Silver Tequila,750mL,2,39.99,7.998000000000001,15.813365095036135,C,Quarterly,Low,"Simple control, bulk ordering"
3462,Absolut Ruby Red,750mL,344,13.07,2.6140000000000003,362.76587748418495,B,Monthly,Medium,Moderate control
3464,UV Blue Raspberry Vodka,1.75L,570,10.06,2.012,532.2595220446103,A,Weekly,High,"Tight control, frequent replenishment"
3467,El Jimador Reposado Tequila,750mL,10,13.66,2.732,60.50059593380494,C,Quarterly,Low,"Simple control, bulk ordering"
3472,Cazadores Blanco Tequila,750mL,153,11.1,2.22,262.52413016505534,B,Monthly,Medium,Moderate control
3475,Cazadores Anejo Tequila,750mL,2,22.38,4.476,21.138295214503792,C,Quarterly,Low,"Simple control, bulk ordering"
3476,Reyka Vodka,750mL,229,15.5,3.1,271.79214069199185,B,Monthly,Medium,Moderate control
3481,Citadelle Gin,750mL,79,16.29,3.258,155.71770904745657,C,Quarterly,Low,"Simple control, bulk ordering"
3483,Kru 82 Vodka,750mL,41,10.21,2.0420000000000003,141.69811062381342,C,Quarterly,Low,"Simple control, bulk ordering"
3485,Luksusowa Potato Vodka,1.75L,1680,15.03,3.0060000000000002,747.5842665070888,A,Weekly,High,"Tight control, frequent replenishment"
3486,Tanqueray,375mL,496,9.84,1.968,502.0284058947295,B,Monthly,Medium,Moderate control
3487,Stolichnaya Blueberi,750mL,435,12.77,2.5540000000000003,412.69972740006085,A,Weekly,High,"Tight control, frequent replenishment"
3488,Tanqueray,750mL,1578,15.62,3.124,710.7190998731185,A,Weekly,High,"Tight control, frequent replenishment"
3489,Tanqueray,1.75L,4119,20.73,4.146,996.7385309031529,A,Weekly,High,"Tight control, frequent replenishment"
3495,Ketel One Citroen Vodka,1.75L,212,23.52,4.704,212.2923154777025,A,Weekly,High,"Tight control, frequent replenishment"
3497,Johnnie Walker Platinum,750mL,127,73.07,14.613999999999999,93.22176234926555,A,Weekly,High,"Tight control, frequent replenishment"
3498,Baileys Vanilla Cinnamon,750mL,291,14.72,2.9440000000000004,314.39641966099447,B,Monthly,Medium,Moderate control
3500,Tito's Handmade Vodka,50mL,3925,1.07,0.21400000000000002,4282.653557705445,B,Monthly,Medium,Moderate control
3502,Pinnacle Vodka,750mL,1049,8.14,1.6280000000000001,802.7134571868683,A,Weekly,High,"Tight control, frequent replenishment"
3503,Smirnoff Sorbet Rasp/Pomegra,750mL,655,8.2,1.64,631.9732936623502,B,Monthly,Medium,Moderate control
3505,Tito's Handmade Vodka,750mL,3415,13.76,2.7520000000000002,1113.9639570804877,A,Weekly,High,"Tight control, frequent replenishment"
3508,Llord's Orange Curacao,Liter,25,4.34,0.868,169.71105832553266,C,Quarterly,Low,"Simple control, bulk ordering"
3510,Smirnoff Light Lemon Sorbet,750mL,246,8.65,1.7300000000000002,377.0895540742378,B,Monthly,Medium,Moderate control
3511,New Amsterdam Vodka,750mL,1646,7.24,1.4480000000000002,1066.180252814557,A,Weekly,High,"Tight control, frequent replenishment"
3512,Pinnacle Vodka,1.75L,7472,11.76,2.352,1782.3778354488477,A,Weekly,High,"Tight control, frequent replenishment"
3513,Ciroc Snap Frost Vodka,750mL,415,17.98,3.596,339.71459590968755,A,Weekly,High,"Tight control, frequent replenishment"
3514,Llord's Blue Curacao,Liter,2,4.5,0.9,47.14045207910317,C,Quarterly,Low,"Simple control, bulk ordering"
3515,Skyy Infusions Citrus Vodka,1.75L,284,15.5,3.1,302.67623498683616,B,Monthly,Medium,Moderate control
3517,Smirnoff Sorbet Mango/Pasion,750mL,291,6.83,1.366,461.5525394857124,B,Monthly,Medium,Moderate control
3518,Cabot Trail Maple Whisky,750mL,103,15.74,3.148,180.88445700297325,C,Quarterly,Low,"Simple control, bulk ordering"
3522,Platinum 7X Distilled Vodka,1.75L,5394,9.62,1.924,1674.3757951948253,A,Weekly,High,"Tight control, frequent replenishment"
3524,Pravda Polish Vodka,750mL,455,14.7,2.94,393.3978962347216,A,Weekly,High,"Tight control, frequent replenishment"
3525,Gold Crown Vodka,Liter,432,4.8,0.96,670.820393249937,B,Monthly,Medium,Moderate control
3527,Reyka Vodka,1.75L,439,21.87,4.3740000000000006,316.80561531744047,A,Weekly,High,"Tight control, frequent replenishment"
3528,Don Felix Anejo Tequila,750mL,61,31.24,6.248,98.8085229104449,C,Quarterly,Low,"Simple control, bulk ordering"
3529,U V Vodka,1.75L,1540,10.14,2.028,871.4177163059707,A,Weekly,High,"Tight control, frequent replenishment"
3530,Pinnacle Peach Vodka,750mL,81,6.93,1.3860000000000001,241.7468892076141,C,Quarterly,Low,"Simple control, bulk ordering"
3532,Milagro Reposado Tequila,750mL,153,20.58,4.116,192.8004451805223,B,Monthly,Medium,Moderate control
3533,Lidestri Pink Limoncello,750mL,75,13.23,2.6460000000000004,168.35875742536845,C,Quarterly,Low,"Simple control, bulk ordering"
3534,Milagro Silver Tequila,750mL,603,18.17,3.6340000000000003,407.3485686198391,A,Weekly,High,"Tight control, frequent replenishment"
3539,MacGavin's Highland Scotch,750mL,81,13.13,2.6260000000000003,175.62856325646703,C,Quarterly,Low,"Simple control, bulk ordering"
3545,Ketel One Vodka,1.75L,11883,21.89,4.378,1647.4990390284959,A,Weekly,High,"Tight control, frequent replenishment"
3547,Ketel One Vodka,50mL,1581,2.2,0.44000000000000006,1895.5689958906316,B,Monthly,Medium,Moderate control
3549,Ketel One Vodka,750mL,1007,17.82,3.564,531.5521603891436,A,Weekly,High,"Tight control, frequent replenishment"
3560,Ciroc Amaretto Vodka,375mL,16,9.52,1.904,91.66984970282114,C,Quarterly,Low,"Simple control, bulk ordering"
3562,Pearl Vodka,50mL,1966,0.77,0.15400000000000003,3572.986673111693,C,Quarterly,Low,"Simple control, bulk ordering"
3564,Ciroc Amaretto Vodka,1.75L,6,36.08,7.216,28.83549180407972,C,Quarterly,Low,"Simple control, bulk ordering"
3565,Ultimat Vodka,750mL,33,25.98,5.196000000000001,79.69340788904674,C,Quarterly,Low,"Simple control, bulk ordering"
3568,Pearl Cucumber Vodka,50mL,1927,0.79,0.15800000000000003,3492.306190992647,C,Quarterly,Low,"Simple control, bulk ordering"
3571,Absolut Vanilia,50mL,958,1.47,0.294,1805.1325162880826,C,Quarterly,Low,"Simple control, bulk ordering"
3572,Pinnacle Habanero Vodka,750mL,54,7.68,1.536,187.5,C,Quarterly,Low,"Simple control, bulk ordering"
3573,Stoli Elite Vodka,1.75L,3,74.21,14.841999999999999,14.217211158104657,C,Quarterly,Low,"Simple control, bulk ordering"
3578,Stolichnaya Elit Vodka,750mL,42,36.49,7.298000000000001,75.86172533127902,C,Quarterly,Low,"Simple control, bulk ordering"
3579,Ciroc Pineapple Vodka,375mL,822,8.88,1.7760000000000002,680.3218634130743,A,Weekly,High,"Tight control, frequent replenishment"
3580,Smirnoff Orange Vodka,750mL,676,8.08,1.616,646.774173636493,B,Monthly,Medium,Moderate control
3583,Smirnoff Orange Vodka,1.75L,514,13.23,2.6460000000000004,440.74423418777207,A,Weekly,High,"Tight control, frequent replenishment"
3584,Absolut Raspberri,750mL,452,12.49,2.498,425.3760169598701,A,Weekly,High,"Tight control, frequent replenishment"
3591,Absolut Vanilia,750mL,393,13.48,2.696,381.80035797929224,B,Monthly,Medium,Moderate control
3592,Burnetts Pineapple Vodka,1.75L,464,7.14,1.428,570.0262906119292,B,Monthly,Medium,Moderate control
3593,Smirnoff Blue 100 Proof Trav,1.75L,303,21.42,4.284000000000001,265.94791090837055,A,Weekly,High,"Tight control, frequent replenishment"
3595,Smirnoff Blue 100 Proof,750mL,459,12.02,2.404,436.957412531309,B,Monthly,Medium,Moderate control
3597,UV Sangria Vodka,750mL,125,6.51,1.302,309.8485830098972,C,Quarterly,Low,"Simple control, bulk ordering"
3598,Ice Pik Vodka,750mL,162,10.21,2.0420000000000003,281.66289476598257,C,Quarterly,Low,"Simple control, bulk ordering"
3599,Bakon Vodka,750mL,6,14.05,2.8100000000000005,46.208563240226134,C,Quarterly,Low,"Simple control, bulk ordering"
3601,Remy Martin V,750mL,47,26.61,5.322,93.97481812266264,C,Quarterly,Low,"Simple control, bulk ordering"
3606,Smirnoff Raspberry Vodka,50mL,19200,0.74,0.148,11389.895949029988,A,Weekly,High,"Tight control, frequent replenishment"
3607,Smirnoff Citrus Vodka,50mL,6427,0.72,0.144,6680.714366326736,B,Monthly,Medium,Moderate control
3608,Smirnoff Orange Vodka,50mL,9019,0.72,0.144,7914.034650192306,A,Weekly,High,"Tight control, frequent replenishment"
3609,Smirnoff Vanilla Vodka,50mL,10355,0.74,0.148,8364.581054435197,A,Weekly,High,"Tight control, frequent replenishment"
3610,Smirnoff Cranberry Vodka,750mL,688,8.26,1.6520000000000001,645.3409107139902,B,Monthly,Medium,Moderate control
3612,Taaka Vodka,1.75L,2448,6.81,1.362,1340.6553726419897,A,Weekly,High,"Tight control, frequent replenishment"
3613,Bacardi Reserva Limitada,750mL,4,67.66,13.532,17.192894613320565,C,Quarterly,Low,"Simple control, bulk ordering"
3614,Finlandia Vodka,1.75L,683,15.99,3.1980000000000004,462.13740582608625,A,Weekly,High,"Tight control, frequent replenishment"
3615,Bacardi Anejo Mexican Rum,750mL,44,11.02,2.204,141.29296641852574,C,Quarterly,Low,"Simple control, bulk ordering"
3617,Olmeca Altos Reposado,750mL,254,15.82,3.164,283.3339530495689,B,Monthly,Medium,Moderate control
3618,Pinnacle Mimosa Vodka,750mL,65,7.29,1.4580000000000002,211.14359724058107,C,Quarterly,Low,"Simple control, bulk ordering"
3620,Powers Signature Release,750mL,52,31.99,6.398,90.15286937311016,C,Quarterly,Low,"Simple control, bulk ordering"
3622,Spud Potato Vodka,750mL,1,14.45,2.89,18.601633295108115,C,Quarterly,Low,"Simple control, bulk ordering"
3625,Absolut 80 Proof,750mL,3370,12.59,2.5180000000000002,1156.8767353432238,A,Weekly,High,"Tight control, frequent replenishment"
3626,Sauza Extra Gold Tequila,750mL,254,10.39,2.0780000000000003,349.61824361099923,B,Monthly,Medium,Moderate control
3627,Absolut 80 Proof,375mL,1087,9.37,1.8739999999999999,761.6053370574323,A,Weekly,High,"Tight control, frequent replenishment"
3628,Montanya Platino Rum,750mL,7,17.59,3.5180000000000002,44.60680343869935,C,Quarterly,Low,"Simple control, bulk ordering"
3629,Flag Hill White Rum,750mL,53,20.63,4.126,113.33742020707611,C,Quarterly,Low,"Simple control, bulk ordering"
3630,Stolichnaya Razberi,1.75L,1969,19.83,3.9659999999999997,704.6062694563083,A,Weekly,High,"Tight control, frequent replenishment"
3636,Dr McGillicuddy's Mentholmnt,375mL,2594,5.03,1.006,1605.7798189782352,A,Weekly,High,"Tight control, frequent replenishment"
3637,Zhenka Vodka Plastic,750mL,3701,3.89,0.778,2181.070702370824,A,Weekly,High,"Tight control, frequent replenishment"
3639,Burnetts Peach Vodka,1.75L,401,7.14,1.428,529.9172812146929,B,Monthly,Medium,Moderate control
3640,Belvedere Cytrus Vodka,750mL,74,16.54,3.308,149.5660793492242,C,Quarterly,Low,"Simple control, bulk ordering"
3643,Caldwells Vodka,1.75L,738,7.71,1.542,691.8086598112828,B,Monthly,Medium,Moderate control
3646,Tarantula Azul Tequila,1.75L,6,15.38,3.0760000000000005,44.16542964302131,C,Quarterly,Low,"Simple control, bulk ordering"
3648,UV Ruby Red Grapefruit Vodka,750mL,124,6.05,1.21,320.12394293925473,C,Quarterly,Low,"Simple control, bulk ordering"
3650,Patron Silver Tequila,750mL,2829,33.81,6.7620000000000005,646.8132241526727,A,Weekly,High,"Tight control, frequent replenishment"
3651,Belvedere Vodka,50mL,353,2.93,0.5860000000000001,776.1372807038027,C,Quarterly,Low,"Simple control, bulk ordering"
3652,Ciroc Pineapple Vodka,1.75L,39,37.79,7.558,71.83380306859138,C,Quarterly,Low,"Simple control, bulk ordering"
3654,Patron Reposado Tequila,750mL,216,39.39,7.878,165.58419739826448,A,Weekly,High,"Tight control, frequent replenishment"
3656,Stolichnaya Vanil,1.75L,493,19.99,3.9979999999999998,351.1575940057597,A,Weekly,High,"Tight control, frequent replenishment"
3658,Patron Anejo Tequila,750mL,184,41.9,8.38,148.17908277753767,A,Weekly,High,"Tight control, frequent replenishment"
3662,Three Olives Blueberry Vodka,750mL,292,8.75,1.75,408.48150858654896,B,Monthly,Medium,Moderate control
3663,Tarantula Azul Tequila,750mL,407,10.76,2.152,434.8866450605774,B,Monthly,Medium,Moderate control
3667,Boru Original Irish Vodka,1.75L,513,13.13,2.6260000000000003,441.9888582302673,A,Weekly,High,"Tight control, frequent replenishment"
3668,Belvedere Polish Vodka,1.75L,961,34.12,6.824,375.2685634642233,A,Weekly,High,"Tight control, frequent replenishment"
3670,Kinky Vodka,750mL,56,12.02,2.404,152.62538829242766,C,Quarterly,Low,"Simple control, bulk ordering"
3671,Stolichnaya Razberi,50mL,8,1.54,0.30800000000000005,161.16459280507604,C,Quarterly,Low,"Simple control, bulk ordering"
3672,Shady Fruit Real Ruby Red Gr,750mL,189,8.26,1.6520000000000001,338.240712601273,C,Quarterly,Low,"Simple control, bulk ordering"
3677,Shady Fruit Valencia Orange,750mL,114,8.59,1.718,257.5970267147767,C,Quarterly,Low,"Simple control, bulk ordering"
3679,Chopin Vodka,750mL,567,14.49,2.898,442.3258684646914,A,Weekly,High,"Tight control, frequent replenishment"
3680,Stolichnaya Ohranj,1.75L,745,18.93,3.786,443.59621469354136,A,Weekly,High,"Tight control, frequent replenishment"
3681,OuterSpace Vodka,750mL,45,23.07,4.614,98.75690293727993,C,Quarterly,Low,"Simple control, bulk ordering"
3682,Belvedere Vodka,750mL,598,16.66,3.3320000000000003,423.64110838714197,A,Weekly,High,"Tight control, frequent replenishment"
3683,Stolichnaya Ohranj,750mL,409,13.17,2.6340000000000003,394.0522110413486,B,Monthly,Medium,Moderate control
3684,Fleischmanns Royal Vodka,1.75L,4730,7.68,1.536,1754.8296451032886,A,Weekly,High,"Tight control, frequent replenishment"
3687,Fleischmanns Royal Traveler,750mL,1720,3.84,0.768,1496.523749672331,A,Weekly,High,"Tight control, frequent replenishment"
3688,Bowman's Light Vodka,1.75L,53,3.56,0.7120000000000001,272.83365306939504,C,Quarterly,Low,"Simple control, bulk ordering"
3689,Stolichnaya Vanil,750mL,525,12.77,2.5540000000000003,453.38714806416516,A,Weekly,High,"Tight control, frequent replenishment"
3690,Tanqueray Ten Gin,750mL,229,22.39,4.478000000000001,226.13911933856352,B,Monthly,Medium,Moderate control
3693,Smirnoff Ruby Red Grapefruit,750mL,504,8.72,1.7440000000000002,537.5786693015947,B,Monthly,Medium,Moderate control
3694,Stolichnaya Razberi,750mL,1219,13.48,2.696,672.4219919898312,A,Weekly,High,"Tight control, frequent replenishment"
3695,Rain Organics Vodka,750mL,236,7.68,1.536,391.97682754639123,B,Monthly,Medium,Moderate control
3696,Gilbeys Vodka,1.75L,2928,7.6,1.52,1387.9177891624865,A,Weekly,High,"Tight control, frequent replenishment"
3697,Ciroc Pineapple Vodka,50mL,2,1.58,0.31600000000000006,79.555728417573,C,Quarterly,Low,"Simple control, bulk ordering"
3699,Chopin Vodka,1.75L,310,31.0,6.2,223.60679774997897,A,Weekly,High,"Tight control, frequent replenishment"
3701,UV Sangria Vodka,50mL,1089,0.79,0.15800000000000003,2625.3390377799087,C,Quarterly,Low,"Simple control, bulk ordering"
3702,Kinky Vodka,50mL,1554,0.71,0.142,3308.1206102303745,C,Quarterly,Low,"Simple control, bulk ordering"
3703,OuterSpace Vodka,50mL,1034,4.64,0.9279999999999999,1055.5681588277635,B,Monthly,Medium,Moderate control
3704,Ciroc Pineapple Vodka,750mL,400,18.37,3.6740000000000004,329.95933501778416,A,Weekly,High,"Tight control, frequent replenishment"
3705,Smirnoff Sours Watermelon,50mL,130,0.72,0.144,950.1461875826151,C,Quarterly,Low,"Simple control, bulk ordering"
3706,Pinnacle Citrus Vodka,1.75L,1202,13.07,2.6140000000000003,678.108896559366,A,Weekly,High,"Tight control, frequent replenishment"
3707,Smirnoff Ruby Red Grapefruit,50mL,257,0.74,0.148,1317.7581289775778,C,Quarterly,Low,"Simple control, bulk ordering"
3711,Three Olives Mango Vodka,750mL,8,11.36,2.272,59.33908290969267,C,Quarterly,Low,"Simple control, bulk ordering"
3716,Don Eduardo Anejo Tequila,750mL,27,21.42,4.284000000000001,79.38841860374447,C,Quarterly,Low,"Simple control, bulk ordering"
3719,Smirnoff Lime Vodka,750mL,7,7.36,1.4720000000000002,68.9596605459213,C,Quarterly,Low,"Simple control, bulk ordering"
3722,Finlandia Grapefruit Fusion,750mL,68,9.02,1.804,194.14946125026822,C,Quarterly,Low,"Simple control, bulk ordering"
3724,Absolut Citron,750mL,997,12.31,2.462,636.3609988656874,A,Weekly,High,"Tight control, frequent replenishment"
3725,Three Olives Pomegranate,750mL,475,9.35,1.87,503.9947372613783,B,Monthly,Medium,Moderate control
3726,Gilbeys Vodka Traveler,750mL,6348,3.78,0.756,2897.7276264040756,A,Weekly,High,"Tight control, frequent replenishment"
3727,Absolut Citron,50mL,1899,1.47,0.294,2541.492410665314,B,Monthly,Medium,Moderate control
3728,Absolut Citron,1.75L,1812,18.93,3.786,691.8131165803256,A,Weekly,High,"Tight control, frequent replenishment"
3729,Three Olives Whipped Cream,750mL,3,8.59,1.718,41.78775575273007,C,Quarterly,Low,"Simple control, bulk ordering"
3730,UV Ruby Red Grapefruit Vodka,50mL,1106,0.73,0.146,2752.334003305817,C,Quarterly,Low,"Simple control, bulk ordering"
3731,Absolut Apeach,750mL,265,13.38,2.676,314.6877827274318,B,Monthly,Medium,Moderate control
3732,Pinnacle Raspberry Vodka,1.75L,59,11.93,2.386,157.25004780801967,C,Quarterly,Low,"Simple control, bulk ordering"
3733,Patron Silver Tequila,1.75L,93,83.96,16.791999999999998,74.42010209612786,A,Weekly,High,"Tight control, frequent replenishment"
3736,Smirnoff Cherry Vodka,750mL,604,8.2,1.64,606.871224335797,B,Monthly,Medium,Moderate control
3737,Pinnacle Blueberry Vodka,1.75L,37,12.4,2.4800000000000004,122.14481093648503,C,Quarterly,Low,"Simple control, bulk ordering"
3738,Three Olives Chocolate Vodka,750mL,383,9.29,1.8579999999999999,454.0216181079541,B,Monthly,Medium,Moderate control
3740,Kru Peach Mango Vodka,750mL,25,5.26,1.052,154.15660399455186,C,Quarterly,Low,"Simple control, bulk ordering"
3742,Spring 44 Vodka,750mL,3,21.7,4.34,26.291524102480945,C,Quarterly,Low,"Simple control, bulk ordering"
3743,Smirnoff Sorbet Pine/Coconut,750mL,391,8.02,1.604,493.726225792101,B,Monthly,Medium,Moderate control
3745,Taaka Vodka Traveler,750mL,1859,3.07,0.614,1740.0250849964602,A,Weekly,High,"Tight control, frequent replenishment"
3746,Gordons Vodka 80 Proof,1.75L,4413,8.52,1.704,1609.2820549531912,A,Weekly,High,"Tight control, frequent replenishment"
3747,Gordons Vodka Traveler,750mL,999,5.18,1.036,981.9805060619657,B,Monthly,Medium,Moderate control
3748,Smirnoff Light Peach Sorbet,750mL,5,7.02,1.404,59.67623950328608,C,Quarterly,Low,"Simple control, bulk ordering"
3750,Margaritaville Island Lime,750mL,1,11.59,2.318,20.770324619863196,C,Quarterly,Low,"Simple control, bulk ordering"
3752,Margaritaville Coconut,750mL,3,11.06,2.212,36.82714621051772,C,Quarterly,Low,"Simple control, bulk ordering"
3753,Margaritaville Tangerine Teq,750mL,1,11.15,2.23,21.176177494381335,C,Quarterly,Low,"Simple control, bulk ordering"
3754,Smirnoff Blueberry Vodka,750mL,692,8.79,1.758,627.3986962088387,B,Monthly,Medium,Moderate control
3755,Russian Standard Original,750mL,179,12.02,2.404,272.8721946424462,B,Monthly,Medium,Moderate control
3757,Ketel One 325 Commemorative,Liter,245,21.63,4.326,237.9796298154944,B,Monthly,Medium,Moderate control
3758,Margaritaville Gold Tequila,1.75L,150,14.59,2.918,226.72686644308556,B,Monthly,Medium,Moderate control
3760,Absolut Pears,750mL,382,12.49,2.498,391.0528581538514,B,Monthly,Medium,Moderate control
3761,Ciroc Apple Vodka,1.75L,347,34.28,6.856000000000001,224.97244742490145,A,Weekly,High,"Tight control, frequent replenishment"
3762,Patron Silver Tequila,50mL,1397,4.61,0.9220000000000002,1230.9282602080195,A,Weekly,High,"Tight control, frequent replenishment"
3763,Patron Anejo Tequila,375mL,218,20.28,4.056,231.83514512852724,B,Monthly,Medium,Moderate control
3764,Patron Reposado Tequila,375mL,106,20.76,4.152,159.7806781974618,B,Monthly,Medium,Moderate control
3765,Three Olives Citrus Vodka,750mL,12,9.37,1.8739999999999999,80.02134187046103,C,Quarterly,Low,"Simple control, bulk ordering"
3766,Three Olives Grape Vodka,750mL,929,9.35,1.87,704.8343378768286,A,Weekly,High,"Tight control, frequent replenishment"
3768,Jenkins Vodka,750mL,1854,3.62,0.7240000000000001,1600.2416944521171,A,Weekly,High,"Tight control, frequent replenishment"
3769,Jenkins Vodka,1.75L,4732,7.02,1.404,1835.8568490953674,A,Weekly,High,"Tight control, frequent replenishment"
3770,Miodula Honey Vodka,750mL,35,14.17,2.834,111.13071261273862,C,Quarterly,Low,"Simple control, bulk ordering"
3773,General John Stark Vodka,750mL,58,21.73,4.346,115.52318015950196,C,Quarterly,Low,"Simple control, bulk ordering"
3776,Jose Cuervo Especial Silver,1.75L,1643,18.56,3.7119999999999997,665.2958247898139,A,Weekly,High,"Tight control, frequent replenishment"
3777,Spring 44 Honey Vodka,750mL,2,21.7,4.34,21.466939537054593,C,Quarterly,Low,"Simple control, bulk ordering"
3778,Grey Goose Le Citron Vodka,1.75L,33,34.3,6.859999999999999,69.3577366039446,C,Quarterly,Low,"Simple control, bulk ordering"
3779,Three Olives Cherry Vodka,750mL,971,9.35,1.87,720.5909636530254,A,Weekly,High,"Tight control, frequent replenishment"
3780,Three Olives Raspberry Vodk,750mL,535,10.31,2.0620000000000003,509.3690587593032,B,Monthly,Medium,Moderate control
3781,Three Olives Vanilla Vodka,750mL,566,9.29,1.8579999999999999,551.931728512362,B,Monthly,Medium,Moderate control
3782,Grey Goose Le Citron Vodka,750mL,734,18.89,3.7780000000000005,440.7751005371938,A,Weekly,High,"Tight control, frequent replenishment"
3783,Ciroc Apple Vodka,50mL,3050,1.5,0.30000000000000004,3188.5210782848317,B,Monthly,Medium,Moderate control
3784,Margaritaville Gold Tequila,750mL,298,7.29,1.4580000000000002,452.0946524345816,B,Monthly,Medium,Moderate control
3785,Svedka Orange Cream Pop,750mL,123,6.98,1.3960000000000001,296.8314042036152,C,Quarterly,Low,"Simple control, bulk ordering"
3787,Jose Cuervo Especial Silver,750mL,1023,11.8,2.3600000000000003,658.3878615764315,A,Weekly,High,"Tight control, frequent replenishment"
3788,Patron Silver Tequila,375mL,414,19.99,3.9979999999999998,321.79461755589386,A,Weekly,High,"Tight control, frequent replenishment"
3790,Don Julio Blanco Tequila,750mL,224,35.65,7.13,177.24714324812493,A,Weekly,High,"Tight control, frequent replenishment"
3791,Jose Cuervo Especial Silver,375mL,401,6.56,1.312,552.8473965774272,B,Monthly,Medium,Moderate control
3792,Jose Cuervo La Familia Rsv,750mL,14,71.42,14.284,31.3068301511618,C,Quarterly,Low,"Simple control, bulk ordering"
3793,Pearl Vodka PET,1.75L,178,11.8,2.3600000000000003,274.6338085770929,B,Monthly,Medium,Moderate control
3794,Cabo Wabo Reposado Tequila,750mL,161,27.77,5.554,170.25896943382554,B,Monthly,Medium,Moderate control
3797,Skinnygirl Sweet'Arita,1.75L,106,12.77,2.5540000000000003,203.72413672440328,C,Quarterly,Low,"Simple control, bulk ordering"
3798,Ciroc Apple Vodka,750mL,1675,19.83,3.9659999999999997,649.8768260655125,A,Weekly,High,"Tight control, frequent replenishment"
3800,Don Julio Anejo Tequila,750mL,195,42.85,8.57,150.8436021139659,A,Weekly,High,"Tight control, frequent replenishment"
3802,Three Olives Vodka,1.75L,7915,13.43,2.686,1716.6132304261675,A,Weekly,High,"Tight control, frequent replenishment"
3804,Svedka Vodka,750mL,3308,7.63,1.526,1472.331092743045,A,Weekly,High,"Tight control, frequent replenishment"
3805,Cuervo Silver Rolling Stones,750mL,472,11.19,2.238,459.2413217466853,B,Monthly,Medium,Moderate control
3808,Three Olives Vodka,750mL,1124,9.55,1.9100000000000001,767.1255929720179,A,Weekly,High,"Tight control, frequent replenishment"
3809,Svedka Colada Vodka,750mL,7,7.19,1.4380000000000002,69.77013719712939,C,Quarterly,Low,"Simple control, bulk ordering"
3811,Absolut Spark Vodka,750mL,445,12.68,2.536,418.89519705992547,A,Weekly,High,"Tight control, frequent replenishment"
3815,Solid Granite Vodka,750mL,29,21.53,4.306,82.0657581880306,C,Quarterly,Low,"Simple control, bulk ordering"
3818,Cabo Wabo Blanco Tequila,750mL,441,21.73,4.346,318.54767068646083,A,Weekly,High,"Tight control, frequent replenishment"
3820,Smirnoff Citrus Vodka,1.75L,404,13.33,2.6660000000000004,389.2786719961906,A,Weekly,High,"Tight control, frequent replenishment"
3821,Smirnoff Vanilla Vodka,750mL,1051,8.2,1.64,800.5333587906161,A,Weekly,High,"Tight control, frequent replenishment"
3826,Skyy Vodka,1.75L,3371,15.74,3.148,1034.8133298813495,A,Weekly,High,"Tight control, frequent replenishment"
3827,Popov Vodka,1.75L,1283,9.28,1.8559999999999999,831.4274181936377,A,Weekly,High,"Tight control, frequent replenishment"
3830,Grey Goose L'Orange Vodka,750mL,633,18.45,3.69,414.1795690846598,A,Weekly,High,"Tight control, frequent replenishment"
3831,Grey Goose L'Orange Vodka,50mL,333,2.89,0.5780000000000001,759.0287000331729,C,Quarterly,Low,"Simple control, bulk ordering"
3834,Skyy Vodka,750mL,1133,10.23,2.0460000000000003,744.1528343426604,A,Weekly,High,"Tight control, frequent replenishment"
3835,Smirnoff Raspberry Vodka,750mL,1537,8.2,1.64,968.0883854025001,A,Weekly,High,"Tight control, frequent replenishment"
3836,Smirnoff Citrus Vodka,750mL,697,7.91,1.582,663.763167365781,A,Weekly,High,"Tight control, frequent replenishment"
3837,Skyy Vodka,50mL,14057,0.72,0.144,9880.184996018828,A,Weekly,High,"Tight control, frequent replenishment"
3840,Smirnoff Raspberry Vodka,1.75L,1670,14.39,2.878,761.7506627974874,A,Weekly,High,"Tight control, frequent replenishment"
3842,Barton Vodka,Liter,1360,4.39,0.878,1244.5782189369986,A,Weekly,High,"Tight control, frequent replenishment"
3847,Grey Goose Vodka,50mL,1612,2.81,0.562,1693.6137110141826,B,Monthly,Medium,Moderate control
3851,Grey Goose Vodka,375mL,1058,12.02,2.404,663.4002062184251,A,Weekly,High,"Tight control, frequent replenishment"
3857,Grey Goose Vodka,1.75L,1465,38.27,7.654000000000001,437.496500415284,A,Weekly,High,"Tight control, frequent replenishment"
3858,Grey Goose Vodka,750mL,9378,17.77,3.5540000000000003,1624.4127981091087,A,Weekly,High,"Tight control, frequent replenishment"
3859,Smirnoff 80 Proof,375mL,2090,6.81,1.362,1238.752629203384,A,Weekly,High,"Tight control, frequent replenishment"
3860,Jose Cuervo Cinge,750mL,24,9.22,1.8440000000000003,114.08411099613626,C,Quarterly,Low,"Simple control, bulk ordering"
3863,Evan Williams Honey Reserve,1.75L,318,15.5,3.1,320.2821336904235,B,Monthly,Medium,Moderate control
3868,Skol Vodka,Liter,238,4.77,0.954,499.4756160067526,C,Quarterly,Low,"Simple control, bulk ordering"
3870,Montelobos Mezcal,750mL,109,28.02,5.604,139.46466425848126,B,Monthly,Medium,Moderate control
3871,Smirnoff Watermelon Vodka,750mL,1037,8.2,1.64,795.1836726006966,A,Weekly,High,"Tight control, frequent replenishment"
3873,FAIR Quinoa Vodka,750mL,2,19.52,3.904,22.633936510629635,C,Quarterly,Low,"Simple control, bulk ordering"
3876,Smirnoff 80 Proof,1.75L,7674,13.95,2.79,1658.4744901289866,A,Weekly,High,"Tight control, frequent replenishment"
3877,Smirnoff Green Apple Vodka,750mL,865,8.65,1.7300000000000002,707.1067811865474,A,Weekly,High,"Tight control, frequent replenishment"
3878,Smirnoff 80 Proof,750mL,4376,7.96,1.592,1657.9335688117799,A,Weekly,High,"Tight control, frequent replenishment"
3879,Smirnoff 80 Proof Traveler,750mL,2668,7.91,1.582,1298.6426834261156,A,Weekly,High,"Tight control, frequent replenishment"
3882,Smirnoff Strawberry Vodka,750mL,761,8.79,1.758,657.934852977276,A,Weekly,High,"Tight control, frequent replenishment"
3883,Hornitos Lime Shot Tequila,750mL,300,15.43,3.0860000000000003,311.79034782695845,B,Monthly,Medium,Moderate control
3884,Bracero Blanco Tequila,750mL,33,25.92,5.184000000000001,79.78559231302816,C,Quarterly,Low,"Simple control, bulk ordering"
3887,Wolfschmidt Vodka 80 Proof,1.75L,632,8.65,1.7300000000000002,604.4153531100484,A,Weekly,High,"Tight control, frequent replenishment"
3888,Paul Masson Peach Brandy,50mL,26,0.76,0.15200000000000002,413.5850959342555,C,Quarterly,Low,"Simple control, bulk ordering"
3889,Wolfschmidt Vodka Plastic,750mL,399,3.7,0.7400000000000001,734.2950287106601,C,Quarterly,Low,"Simple control, bulk ordering"
3890,Absolut Peppar,750mL,372,12.59,2.5180000000000002,384.3647989211837,B,Monthly,Medium,Moderate control
3892,Zhenka Vodka 80 Proof,750mL,36,2.18,0.43600000000000005,287.3478855663454,C,Quarterly,Low,"Simple control, bulk ordering"
3893,Zhenka 80 Proof,1.75L,8240,7.93,1.586,2279.355232829558,A,Weekly,High,"Tight control, frequent replenishment"
3894,Zhenka Vodka 100 Proof,1.75L,1343,9.08,1.816,859.9636300064792,A,Weekly,High,"Tight control, frequent replenishment"
3896,Zhenka Vodka,375mL,5025,2.63,0.526,3090.830299314975,A,Weekly,High,"Tight control, frequent replenishment"
3899,Platinum 7X Distilled Vodka,375mL,3636,2.2,0.44000000000000006,2874.6541293930236,A,Weekly,High,"Tight control, frequent replenishment"
3900,Bracero Reposado Tequila,750mL,20,29.76,5.952000000000001,57.96736197002103,C,Quarterly,Low,"Simple control, bulk ordering"
3903,Skinnygirl Wh Cherry Vodka,750mL,59,11.59,2.318,159.53989063571285,C,Quarterly,Low,"Simple control, bulk ordering"
3909,White Mountain Vodka,750mL,43,19.37,3.8740000000000006,105.35482246398186,C,Quarterly,Low,"Simple control, bulk ordering"
3910,Hornitos Plata Tequila,375mL,495,8.84,1.768,529.1288837000026,B,Monthly,Medium,Moderate control
3913,Svedka Vodka,1.75L,4335,14.28,2.856,1232.013450761453,A,Weekly,High,"Tight control, frequent replenishment"
3915,Sauza Silver Tequila,750mL,420,9.48,1.8960000000000001,470.65803652096724,B,Monthly,Medium,Moderate control
3917,Smirnoff Peppermint Twist,50mL,587,0.79,0.15800000000000003,1927.4827816138127,C,Quarterly,Low,"Simple control, bulk ordering"
3918,Cabo Wabo Anejo Tequila,750mL,98,33.07,6.614000000000001,121.72532494261762,B,Monthly,Medium,Moderate control
3919,Hornitos Reposado Tequila,375mL,444,8.45,1.69,512.5640384294671,B,Monthly,Medium,Moderate control
3921,Espolon Reposado Tequila,750mL,203,17.9,3.58,238.12582937288667,B,Monthly,Medium,Moderate control
3923,Don Julio 1942 Anejo Tequila,750mL,71,106.34,21.268,57.7784448810447,A,Weekly,High,"Tight control, frequent replenishment"
3924,Espolon Blanco Tequila,750mL,449,17.38,3.476,359.4043147347322,A,Weekly,High,"Tight control, frequent replenishment"
3925,Don Julio Reposado Tequila,750mL,82,37.87,7.574,104.05052499015163,B,Monthly,Medium,Moderate control
3928,Barcraft Watermelon Fresca V,750mL,147,9.52,1.904,277.85946511310567,C,Quarterly,Low,"Simple control, bulk ordering"
3929,Los Amantes Mezcal,750mL,44,31.15,6.23,84.03927844185293,C,Quarterly,Low,"Simple control, bulk ordering"
3930,Deep Eddy Vodka,750mL,90,12.11,2.422,192.76766435138447,C,Quarterly,Low,"Simple control, bulk ordering"
3936,Stolichnaya,Liter,385,15.21,3.0420000000000003,355.7547929618361,A,Weekly,High,"Tight control, frequent replenishment"
3938,Stolichnaya,750mL,1137,12.49,2.498,674.6585294095406,A,Weekly,High,"Tight control, frequent replenishment"
3939,Boggy Meadow Switchel Vodka,750mL,61,22.55,4.510000000000001,116.29917837780518,C,Quarterly,Low,"Simple control, bulk ordering"
3940,Pearl Cucumber Vodka,750mL,206,6.15,1.2300000000000002,409.24280665241747,C,Quarterly,Low,"Simple control, bulk ordering"
3941,Tres Generaciones Reposado,750mL,77,29.36,5.872,114.51235312870647,B,Monthly,Medium,Moderate control
3943,Skyy Barcraft White Sangria,750mL,93,9.59,1.9180000000000001,220.19992811539004,C,Quarterly,Low,"Simple control, bulk ordering"
3944,Gran Centenario Anejo,750mL,62,31.99,6.398,98.44048095215024,C,Quarterly,Low,"Simple control, bulk ordering"
3945,Sauza Conmemorativo,750mL,327,13.84,2.7680000000000002,343.7089439486395,B,Monthly,Medium,Moderate control
3947,Herradura Anejo Tequila,750mL,80,34.84,6.968000000000001,107.14969088698138,B,Monthly,Medium,Moderate control
3951,Hornitos Reposado Tequila,50mL,1256,1.83,0.36600000000000005,1852.483195354559,B,Monthly,Medium,Moderate control
3952,Belvedere Mango Passion,750mL,63,16.42,3.2840000000000007,138.50603613664285,C,Quarterly,Low,"Simple control, bulk ordering"
3955,Wyborowa Vodka,1.75L,1,13.59,2.718,19.181177921614534,C,Quarterly,Low,"Simple control, bulk ordering"
3959,Hornitos Black Barrel,750mL,186,18.24,3.6479999999999997,225.80266186487518,B,Monthly,Medium,Moderate control
3960,Tortilla Gold Tequila Liquer,1.75L,1570,9.52,1.904,908.0637818637924,A,Weekly,High,"Tight control, frequent replenishment"
3961,Grey Goose La Poire Vodka,750mL,426,18.17,3.6340000000000003,342.3831144026648,A,Weekly,High,"Tight control, frequent replenishment"
3962,Vikingfjord Vodka,1.75L,25,11.93,2.386,102.36106237904286,C,Quarterly,Low,"Simple control, bulk ordering"
3967,Deep Eddy Ruby Red,750mL,679,11.76,2.352,537.2992426855599,A,Weekly,High,"Tight control, frequent replenishment"
3969,Jose Cuervo Tradicional,750mL,285,14.67,2.934,311.66811565337963,B,Monthly,Medium,Moderate control
3970,El Toro Gold,750mL,622,6.78,1.356,677.275471943843,B,Monthly,Medium,Moderate control
3973,Ciroc Ten,Liter,9,181.09,36.218,15.763731264189808,C,Quarterly,Low,"Simple control, bulk ordering"
3978,Square One Bergamot Organic,750mL,23,19.69,3.9380000000000006,76.42334844075403,C,Quarterly,Low,"Simple control, bulk ordering"
3980,Hornitos Reposado Tequila,1.75L,816,31.99,6.398,357.12722691649276,A,Weekly,High,"Tight control, frequent replenishment"
3981,Three Olives Berry Vodka,750mL,456,9.37,1.8739999999999999,493.28468036263763,B,Monthly,Medium,Moderate control
3982,Hornitos Reposado Tequila,750mL,1657,14.38,2.8760000000000003,759.0437582787432,A,Weekly,High,"Tight control, frequent replenishment"
3984,Sauza Tres Generacions Anejo,750mL,89,32.3,6.46,117.3758483815207,B,Monthly,Medium,Moderate control
3987,Smirnoff Peppermint Twist,750mL,651,8.65,1.7300000000000002,613.4334340698117,B,Monthly,Medium,Moderate control
3989,Deep Eddy Lemon Vodka,750mL,330,11.93,2.386,371.89620810924544,B,Monthly,Medium,Moderate control
3997,Hornitos Plata Tequila,750mL,1702,14.05,2.8100000000000005,778.2634195296191,A,Weekly,High,"Tight control, frequent replenishment"
3998,Monte Alban Mezcal,750mL,88,13.63,2.7260000000000004,179.67117597068312,C,Quarterly,Low,"Simple control, bulk ordering"
3999,Hornitos Anejo Tequila,750mL,295,15.93,3.186,304.2903097250923,B,Monthly,Medium,Moderate control
4007,Averna Amaro,750mL,21,21.42,4.284000000000001,70.01400420140048,C,Quarterly,Low,"Simple control, bulk ordering"
4010,Armorik Single Malt Whiskey,750mL,2,45.11,9.022,14.888933371941462,C,Quarterly,Low,"Simple control, bulk ordering"
4012,Tall Ship White Island Rum,750mL,27,21.09,4.218,80.00711205939974,C,Quarterly,Low,"Simple control, bulk ordering"
4018,Papa's Pilar Dark Rum,750mL,68,26.46,5.292000000000001,113.35600680226746,B,Monthly,Medium,Moderate control
4025,Bacardi Oakheart Spiced Rum,50mL,585,1.37,0.274,1461.1764083608675,C,Quarterly,Low,"Simple control, bulk ordering"
4028,Bacardi Artic Grape Rum,750mL,2,7.99,1.598,35.37745688386125,C,Quarterly,Low,"Simple control, bulk ordering"
4029,Tall Ship Cedar Island Spice,750mL,33,20.43,4.086,89.86856122483887,C,Quarterly,Low,"Simple control, bulk ordering"
4034,Pura Vida Silver Tequila,750mL,46,26.66,5.332000000000001,92.88248914191145,C,Quarterly,Low,"Simple control, bulk ordering"
4040,Clement Select Barrel Rhum,750mL,67,17.98,3.596,136.4983997184407,C,Quarterly,Low,"Simple control, bulk ordering"
4041,Gran Patron Piedra,750mL,1,285.71,57.141999999999996,4.183331507774343,C,Quarterly,Low,"Simple control, bulk ordering"
4042,Bacardi Dragon Berry,50mL,730,0.72,0.144,2251.542681017716,C,Quarterly,Low,"Simple control, bulk ordering"
4043,Calico Jack Cherry Rum,1.75L,12,12.14,2.4280000000000004,70.30177361895178,C,Quarterly,Low,"Simple control, bulk ordering"
4044,Calico Jack Mango Rum,1.75L,281,9.62,1.924,382.16474987876114,B,Monthly,Medium,Moderate control
4050,Bacardi Oakheart Spiced Rum,750mL,372,8.72,1.7440000000000002,461.84710921860056,B,Monthly,Medium,Moderate control
4052,Goslings Family Rsv Rum,750mL,3,46.42,9.284,17.976000085134334,C,Quarterly,Low,"Simple control, bulk ordering"
4054,Patron XO Cafe Liqueur,375mL,147,9.41,1.8820000000000001,279.47879226181595,C,Quarterly,Low,"Simple control, bulk ordering"
4060,Sauza Cucumber Chili Tequila,750mL,59,9.35,1.87,177.62545464836236,C,Quarterly,Low,"Simple control, bulk ordering"
4062,Goslings Dark'N Stormy RTD,250mL 4 Pk,274,5.83,1.1660000000000001,484.7591398526375,C,Quarterly,Low,"Simple control, bulk ordering"
4064,Calico Jack Pin/Coc Rum,1.75L,423,9.41,1.8820000000000001,474.0895407698583,B,Monthly,Medium,Moderate control
4065,Pink Pigeon Rum,750mL,14,20.89,4.178,57.8868343511023,C,Quarterly,Low,"Simple control, bulk ordering"
4066,Bacardi Oakheart Spiced Rum,1.75L,1672,12.85,2.5700000000000003,806.5876626799771,A,Weekly,High,"Tight control, frequent replenishment"
4073,Calico Jack Pin/Coc Rum,750mL,88,5.9,1.1800000000000002,273.08656354064857,C,Quarterly,Low,"Simple control, bulk ordering"
4075,Bacardi Pineapple Fusion,1.75L,201,15.87,3.174,251.64862832152664,B,Monthly,Medium,Moderate control
4077,Blue Chair Bay Coc Spced Rum,750mL,3,10.29,2.058,38.18017741606063,C,Quarterly,Low,"Simple control, bulk ordering"
4089,Capt Morgan White,1.75L,619,14.59,2.918,460.5774603519323,A,Weekly,High,"Tight control, frequent replenishment"
4091,Mount Gay Black Barrel Rum,750mL,115,21.7,4.34,162.7811286744706,B,Monthly,Medium,Moderate control
4103,Capt Morgan White,750mL,579,11.19,2.238,508.63851282538815,A,Weekly,High,"Tight control, frequent replenishment"
4104,Flipflop Spiced Rum,750mL,18,7.08,1.4160000000000001,112.74690420042432,C,Quarterly,Low,"Simple control, bulk ordering"
4105,Patron XO Cafe Variety 3 Pak,50mL 3 Pk,564,5.07,1.014,745.7969011409737,B,Monthly,Medium,Moderate control
4113,Capt Morgan White,50mL,3110,0.74,0.148,4584.049903034816,B,Monthly,Medium,Moderate control
4121,Tall Ship Appledore Rum,750mL,37,22.21,4.442,91.26653970485752,C,Quarterly,Low,"Simple control, bulk ordering"
4130,Kraken Black Spiced Rum,375mL,749,6.81,1.362,741.5703463333332,B,Monthly,Medium,Moderate control
4131,Sea Hagg Blueberry Rum,750mL,24,21.87,4.3740000000000006,74.07407407407408,C,Quarterly,Low,"Simple control, bulk ordering"
4135,Smirnoff Blueberry Vodka,50mL,12477,0.78,0.15600000000000003,8943.196812704573,A,Weekly,High,"Tight control, frequent replenishment"
4138,Sea Hagg Amber Rum,750mL,16,22.21,4.442,60.01650680937103,C,Quarterly,Low,"Simple control, bulk ordering"
4140,Baroca White Rum,Liter,295,4.75,0.9500000000000001,557.2488813712179,C,Quarterly,Low,"Simple control, bulk ordering"
4141,Wild Turkey American Honey,50mL,112,0.71,0.142,888.1060715737717,C,Quarterly,Low,"Simple control, bulk ordering"
4145,Don Q Cristal Rum,1.75L,556,12.68,2.536,468.2338114747822,A,Weekly,High,"Tight control, frequent replenishment"
4147,Kirk and Sweeney 18 Yr Rum,750mL,72,28.77,5.7540000000000004,111.86167534434941,B,Monthly,Medium,Moderate control
4148,Fattoria de Limone,750mL,21,12.3,2.4600000000000004,92.39364353597956,C,Quarterly,Low,"Simple control, bulk ordering"
4149,Sailor Jerry Spiced Navy Rum,50mL,4133,1.16,0.23199999999999998,4220.7410691031255,B,Monthly,Medium,Moderate control
4150,Shellback Spiced Rum,750mL,138,8.63,1.7260000000000002,282.76076470744204,C,Quarterly,Low,"Simple control, bulk ordering"
4152,Jenkins Rum,750mL,1531,3.75,0.75,1428.7523694935148,A,Weekly,High,"Tight control, frequent replenishment"
4153,Jenkins Rum,1.75L,1772,9.59,1.9180000000000001,961.1862674150947,A,Weekly,High,"Tight control, frequent replenishment"
4157,Smirnoff Green Apple Vodka,50mL,12102,0.72,0.144,9167.424211122046,A,Weekly,High,"Tight control, frequent replenishment"
4160,Bacardi Gran Reserva Maestro,750mL,47,15.5,3.1,123.13119150962783,C,Quarterly,Low,"Simple control, bulk ordering"
4173,Capt Morgan Spiced Rum 100,50mL,7,0.79,0.15800000000000003,210.48467276349226,C,Quarterly,Low,"Simple control, bulk ordering"
4174,Kraken Black Spiced Rum,1.75L,896,21.59,4.3180000000000005,455.5254919655727,A,Weekly,High,"Tight control, frequent replenishment"
4176,Blackheart Spiced Rum,750mL,451,8.02,1.604,530.2566075264281,B,Monthly,Medium,Moderate control
4178,Fabrizia Limoncello,375mL,525,7.46,1.492,593.1919382486727,B,Monthly,Medium,Moderate control
4179,Bacardi Dragon Berry Rum,1.75L,483,15.14,3.0280000000000005,399.3885683562883,A,Weekly,High,"Tight control, frequent replenishment"
4181,Calypso Spiced Rum,1.75L,1384,9.37,1.8739999999999999,859.3760611713639,A,Weekly,High,"Tight control, frequent replenishment"
4187,Kraken Black Spiced Rum,750mL,624,12.85,2.5700000000000003,492.74897911637873,A,Weekly,High,"Tight control, frequent replenishment"
4190,Boca Loca Cachaca,750mL,65,19.52,3.904,129.0332909133702,C,Quarterly,Low,"Simple control, bulk ordering"
4194,Calico Jack Coconut Rum,1.75L,877,9.48,1.8960000000000001,680.1123014738329,A,Weekly,High,"Tight control, frequent replenishment"
4195,Calico Jack Spiced Rum No 94,750mL,661,8.65,1.7300000000000002,618.1269488183566,B,Monthly,Medium,Moderate control
4196,Bacardi Dragon Berry Rum,750mL,626,7.46,1.492,647.7430397745757,A,Weekly,High,"Tight control, frequent replenishment"
4197,Sailor Jerry Spiced Rum Trav,750mL,298,13.07,2.6140000000000003,337.6411263781149,B,Monthly,Medium,Moderate control
4198,Sailor Jerry Spiced Navy Rum,1.75L,1706,17.51,3.5020000000000007,697.9614601722501,A,Weekly,High,"Tight control, frequent replenishment"
4199,Sauza Blanco Tequila,1.75L,559,16.92,3.3840000000000003,406.4346507072302,A,Weekly,High,"Tight control, frequent replenishment"
4200,Bacardi Grand Melon,750mL,206,7.68,1.536,366.21657981764474,B,Monthly,Medium,Moderate control
4201,Calico Jack Silver Rum,1.75L,837,9.55,1.9100000000000001,661.9817937737851,A,Weekly,High,"Tight control, frequent replenishment"
4204,Bacardi Coco Rum,750mL,271,7.74,1.548,418.40721729339725,B,Monthly,Medium,Moderate control
4211,Cruzan Passion Fruit Rum,750mL,264,7.8,1.56,411.37667560372114,B,Monthly,Medium,Moderate control
4214,Bacardi O Orange Rum,750mL,4,7.57,1.5140000000000002,51.40046620434271,C,Quarterly,Low,"Simple control, bulk ordering"
4215,Kingfish Silver Rum,750mL,6,19.4,3.88,39.32418788198073,C,Quarterly,Low,"Simple control, bulk ordering"
4218,Sailor Jerry Spiced Navy Rum,750mL,1236,12.31,2.462,708.5413673258765,A,Weekly,High,"Tight control, frequent replenishment"
4219,Commander Quincy's Rum Toddy,750mL,49,10.68,2.136,151.45981284277042,C,Quarterly,Low,"Simple control, bulk ordering"
4221,Bacardi Gold Rum Traveler,1.75L,1745,12.94,2.588,821.136920585906,A,Weekly,High,"Tight control, frequent replenishment"
4222,Bacardi Gold Rum,750mL,959,7.99,1.598,774.6774531671597,A,Weekly,High,"Tight control, frequent replenishment"
4223,Bacardi Gold Rum,1.75L,569,14.92,2.984,436.6733860823219,A,Weekly,High,"Tight control, frequent replenishment"
4224,Goslings Black Seal Rum 80,750mL,674,11.44,2.288,542.7526320345389,A,Weekly,High,"Tight control, frequent replenishment"
4225,Goslings Black Seal Bermuda,1.75L,1463,18.37,3.6740000000000004,631.0337493465553,A,Weekly,High,"Tight control, frequent replenishment"
4226,Bacardi Superior Rum Trav,750mL,1396,7.68,1.536,953.3384323872958,A,Weekly,High,"Tight control, frequent replenishment"
4227,Bacardi Superior Rum Trav,1.75L,10209,14.17,2.834,1897.98020637644,A,Weekly,High,"Tight control, frequent replenishment"
4228,Bacardi 8,750mL,143,14.7,2.94,220.54354622684593,B,Monthly,Medium,Moderate control
4229,Bacardi Black,1.75L,383,14.7,2.94,360.9322773645181,A,Weekly,High,"Tight control, frequent replenishment"
4230,Pumpkin Face Rum,750mL,23,25.92,5.184000000000001,66.6087711571211,C,Quarterly,Low,"Simple control, bulk ordering"
4232,Castillo Silver Label Rum,Liter,293,6.48,1.2960000000000003,475.47896579510245,C,Quarterly,Low,"Simple control, bulk ordering"
4233,Castillo Silver Label Rum,1.75L,1033,7.87,1.574,810.1170950862307,A,Weekly,High,"Tight control, frequent replenishment"
4234,Bacardi Pineapple Fusion,750mL,364,7.99,1.598,477.26798647472896,B,Monthly,Medium,Moderate control
4239,Pampero Ron Anejo Aniversari,750mL,152,15.14,3.0280000000000005,224.04943783560756,B,Monthly,Medium,Moderate control
4241,Capt Morgan Spiced Rum,50mL,4303,1.47,0.294,3825.709662502986,A,Weekly,High,"Tight control, frequent replenishment"
4243,Bacardi Superior Rum,1.75L,2839,14.49,2.898,989.7682212594243,A,Weekly,High,"Tight control, frequent replenishment"
4245,Bacardi Superior Rum,750mL,2386,7.93,1.586,1226.5454003695572,A,Weekly,High,"Tight control, frequent replenishment"
4246,Bacardi Superior Rum,375mL,1820,4.22,0.844,1468.4679445821769,A,Weekly,High,"Tight control, frequent replenishment"
4247,Bacardi Limon Rum,750mL,622,7.99,1.598,623.888247751232,A,Weekly,High,"Tight control, frequent replenishment"
4248,Spiced Root Marley Rum,750mL,2,10.86,2.172,30.344856451720222,C,Quarterly,Low,"Simple control, bulk ordering"
4249,Capt Morgan White Coconut,750mL,304,10.39,2.0780000000000003,382.4846584579918,B,Monthly,Medium,Moderate control
4250,Zaya Grand Reserva Rum,750mL,114,27.77,5.554,143.26809557336406,B,Monthly,Medium,Moderate control
4252,Bacardi Limon Rum,50mL,2036,0.77,0.15400000000000003,3636.038946543232,C,Quarterly,Low,"Simple control, bulk ordering"
4258,Bacardi Mango Fusion,750mL,397,7.35,1.47,519.680697362221,B,Monthly,Medium,Moderate control
4259,Castillo Spiced Rum,1.75L,45,7.74,1.548,170.49858486761838,C,Quarterly,Low,"Simple control, bulk ordering"
4260,Capt Morgan Original Barrel,1.75L,1,16.66,3.3320000000000003,17.323973216880926,C,Quarterly,Low,"Simple control, bulk ordering"
4261,Capt Morgan Spiced Rum,1.75L,20226,16.17,3.2340000000000004,2500.8347400481184,A,Weekly,High,"Tight control, frequent replenishment"
4262,Capt Morgan Spiced Rum,750mL,5503,11.19,2.238,1568.0854146822016,A,Weekly,High,"Tight control, frequent replenishment"
4263,Capt Morgan Silver Spicd Rum,750mL,163,13.27,2.654,247.8239888811383,B,Monthly,Medium,Moderate control
4264,Capt Morgan Spiced Rum Trav,750mL,1754,11.53,2.306,872.137866358192,A,Weekly,High,"Tight control, frequent replenishment"
4265,Capt Morgan Spiced Rum,375mL,1982,8.26,1.6520000000000001,1095.3345923732138,A,Weekly,High,"Tight control, frequent replenishment"
4267,Bacardi Limon Rum,1.75L,720,15.62,3.124,480.0768184369166,A,Weekly,High,"Tight control, frequent replenishment"
4268,Capt Morgan Private Stock,750mL,526,18.25,3.6500000000000004,379.61768799819623,A,Weekly,High,"Tight control, frequent replenishment"
4269,Calico Jack Spiced Rum,1.75L,2162,9.22,1.8440000000000003,1082.7978541992813,A,Weekly,High,"Tight control, frequent replenishment"
4270,Brugal Anejo Rum,750mL,278,12.97,2.5940000000000003,327.3688946969638,B,Monthly,Medium,Moderate control
4272,Smith & Cross Jamacian Rum,750mL,55,20.43,4.086,116.01981365714086,C,Quarterly,Low,"Simple control, bulk ordering"
4274,Dictador 12 Yr Rum,750mL,43,22.21,4.442,98.38863846145074,C,Quarterly,Low,"Simple control, bulk ordering"
4278,Capt Morgan Parrot Bay Cocnt,750mL,434,9.52,1.904,477.4318553161155,B,Monthly,Medium,Moderate control
4280,Capt Morgan Parrot Bay Coco,1.75L,210,18.74,3.7479999999999998,236.70632142816865,B,Monthly,Medium,Moderate control
4282,Capt Morgan White Pineapple,750mL,306,9.69,1.938,397.3597071195132,B,Monthly,Medium,Moderate control
4283,Hochstadter's Slow and Low,750mL,235,13.84,2.7680000000000002,291.37406187002273,B,Monthly,Medium,Moderate control
4287,Dictador 20 Yr Rum,750mL,18,44.44,8.888,45.002250168764064,C,Quarterly,Low,"Simple control, bulk ordering"
4289,Silver Root Marley Rum,750mL,3,10.78,2.156,37.30235484764953,C,Quarterly,Low,"Simple control, bulk ordering"
4290,Bacardi Tangerine Rum,750mL,194,7.87,1.574,351.07386538742617,C,Quarterly,Low,"Simple control, bulk ordering"
4291,Ronrico Gold,1.75L,936,10.39,2.0780000000000003,671.1431358200883,A,Weekly,High,"Tight control, frequent replenishment"
4294,Goslings Black Seal 151,750mL,457,11.71,2.342,441.73789230670826,B,Monthly,Medium,Moderate control
4296,Ronrico Silver Rum,1.75L,1462,9.29,1.8579999999999999,887.0555786248286,A,Weekly,High,"Tight control, frequent replenishment"
4297,Ronrico Silver Traveler,750mL,600,5.42,1.084,743.9795259651643,B,Monthly,Medium,Moderate control
4299,Capt Morgan White Grapefruit,750mL,173,9.77,1.954,297.55055994166224,B,Monthly,Medium,Moderate control
4300,BenRiach Barrel 94,750mL,14,134.32,26.864,22.82856845752994,B,Monthly,Medium,Moderate control
4302,Flora de Cana Black 5 YO Rum,750mL,123,11.15,2.23,234.8551695676417,C,Quarterly,Low,"Simple control, bulk ordering"
4303,Calico Jack Spiced Rum,750mL,582,5.83,1.1660000000000001,706.5000828498856,B,Monthly,Medium,Moderate control
4304,Bacardi Mango Fusion,50mL,1058,0.79,0.15800000000000003,2587.7021721298547,C,Quarterly,Low,"Simple control, bulk ordering"
4308,Mount Gay Eclipse Silver Rum,1.75L,1,19.11,3.822,16.175386202065653,C,Quarterly,Low,"Simple control, bulk ordering"
4309,Paul Masson Gr Amber Brandy,750mL,398,7.08,1.4160000000000001,530.1636033600228,B,Monthly,Medium,Moderate control
4313,Sauza Blue Silver Tequila,1.75L,247,19.42,3.8840000000000003,252.1789696817372,B,Monthly,Medium,Moderate control
4315,Rumson's Spiced Rum,750mL,66,23.07,4.614,119.60054885905087,C,Quarterly,Low,"Simple control, bulk ordering"
4317,Pyrat XO Reserve Rum,750mL,99,23.73,4.746,144.42877587984043,B,Monthly,Medium,Moderate control
4319,Bacardi Limon Traveler,750mL,2,7.29,1.4580000000000002,37.03703703703704,C,Quarterly,Low,"Simple control, bulk ordering"
4320,D'Usse VSOP Cognac,750mL,103,36.02,7.204000000000001,119.57262411411193,B,Monthly,Medium,Moderate control
4322,Cruzan Raspberry Flavord Rum,750mL,10,8.2,1.64,78.08688094430303,C,Quarterly,Low,"Simple control, bulk ordering"
4326,Rumson's Coffee Rum,750mL,39,22.38,4.476,93.3441842281699,C,Quarterly,Low,"Simple control, bulk ordering"
4327,Capt Morgan Spiced Rum 100,750mL,372,14.81,2.962,354.38794705171625,B,Monthly,Medium,Moderate control
4330,Capt Morgan Spiced Rum 100,1.75L,1182,20.79,4.158,533.1709709570507,A,Weekly,High,"Tight control, frequent replenishment"
4331,Bacardi Dragon Berry Trav,750mL,11,7.14,1.428,87.76719906943025,C,Quarterly,Low,"Simple control, bulk ordering"
4334,Casa Noble Blanco Crystal,750mL,75,25.54,5.1080000000000005,121.17281225876101,B,Monthly,Medium,Moderate control
4337,Rumson's Grand Rsv Rum,750mL,26,34.91,6.981999999999999,61.02344924516429,C,Quarterly,Low,"Simple control, bulk ordering"
4340,Cruzan Black Strap Rum,750mL,10,9.55,1.9100000000000001,72.35746052924216,C,Quarterly,Low,"Simple control, bulk ordering"
4343,Cruzan Blueberry Lemonade,750mL,406,6.47,1.294,560.1390862825525,B,Monthly,Medium,Moderate control
4345,Capt Morgan Tattoo Rum,750mL,236,15.62,3.124,274.8530045964996,B,Monthly,Medium,Moderate control
4346,Mr Boston Dark Rum,1.75L,630,8.39,1.6780000000000002,612.7372688742388,A,Weekly,High,"Tight control, frequent replenishment"
4349,Sauza Blue Silver,750mL,577,12.11,2.422,488.0910421227739,A,Weekly,High,"Tight control, frequent replenishment"
4351,Capt Morgan Black Spiced Rum,750mL,165,15.5,3.1,230.7071876895319,B,Monthly,Medium,Moderate control
4353,AnestasiA Vodka,750mL,32,26.8,5.36,77.26674092862558,C,Quarterly,Low,"Simple control, bulk ordering"
4354,Casa Noble Anejo,750mL,2,44.44,8.888,15.000750056254688,C,Quarterly,Low,"Simple control, bulk ordering"
4355,Sea Hagg Spiced Rum,750mL,35,19.91,3.982,93.75261590189372,C,Quarterly,Low,"Simple control, bulk ordering"
4357,Bacardi Oakheart Spiced Trav,750mL,6,7.46,1.492,63.414885643511376,C,Quarterly,Low,"Simple control, bulk ordering"
4358,Mr Boston Light Rum,750mL,405,4.26,0.852,689.4578396653825,B,Monthly,Medium,Moderate control
4359,Mr Boston Light Rum,1.75L,1151,7.71,1.542,863.9636587447687,A,Weekly,High,"Tight control, frequent replenishment"
4362,Ron Virgin Heavy Bodied Rum,Liter,544,6.05,1.21,670.5123241667554,B,Monthly,Medium,Moderate control
4363,Capt Morgan Black Spiced Rum,1.75L,140,23.73,4.746,171.75134664318156,B,Monthly,Medium,Moderate control
4368,Capt Morgan Private Stock,1.75L,772,23.91,4.782,401.7943859307317,A,Weekly,High,"Tight control, frequent replenishment"
4370,Ron Virgin White,1.75L,690,7.96,1.592,658.3441998127846,A,Weekly,High,"Tight control, frequent replenishment"
4379,Bacardi Coconut,50mL,1320,0.73,0.146,3006.8415140161546,C,Quarterly,Low,"Simple control, bulk ordering"
4380,Ron Virgin Heavy Bodied Rum,1.75L,1241,10.84,2.168,756.5824305188045,A,Weekly,High,"Tight control, frequent replenishment"
4382,Admiral Nelson Spiced Rum,1.75L,363,10.44,2.088,416.95392396839685,B,Monthly,Medium,Moderate control
4385,Parrot Bay 90 Coconut Capt,1.75L,404,16.54,3.308,349.46841648901176,A,Weekly,High,"Tight control, frequent replenishment"
4386,Casa Noble Reposado,750mL,64,34.34,6.868000000000001,96.5327867447905,B,Monthly,Medium,Moderate control
4389,Amaro Montenegro Liqueur,750mL,71,16.54,3.308,146.50296826274354,C,Quarterly,Low,"Simple control, bulk ordering"
4390,Ron Zacapa 23 Yr Old Rum,750mL,200,33.33,6.666,173.21374166049875,A,Weekly,High,"Tight control, frequent replenishment"
4391,Matusalem Gran Reserva Rum,750mL,41,18.1,3.6200000000000006,106.4235258334769,C,Quarterly,Low,"Simple control, bulk ordering"
4398,Capt Morgan ParrotBay Pineap,750mL,21,6.51,1.302,127.0001270001905,C,Quarterly,Low,"Simple control, bulk ordering"
4399,Screech Honey Rum,750mL,17,10.15,2.0300000000000002,91.51166175112985,C,Quarterly,Low,"Simple control, bulk ordering"
4401,Papa Pilar Double Barrel Rum,750mL,49,29.19,5.838000000000001,91.6148752752665,C,Quarterly,Low,"Simple control, bulk ordering"
4404,Bacardi Gold Rum,375mL,586,4.32,0.8640000000000001,823.5537266874218,B,Monthly,Medium,Moderate control
4408,Screech Spiced Rum,750mL,21,10.23,2.0460000000000003,101.31105378372257,C,Quarterly,Low,"Simple control, bulk ordering"
4410,Cruzan Mango Flavored Rum,750mL,636,7.93,1.586,633.2525777589345,B,Monthly,Medium,Moderate control
4411,Fabrizia's Italian Margarita,750mL,219,7.24,1.4480000000000002,388.8998507619306,C,Quarterly,Low,"Simple control, bulk ordering"
4412,Pusser's British Navy Rum,750mL,255,13.63,2.7260000000000004,305.84907013928023,B,Monthly,Medium,Moderate control
4413,Casamigos Blanco,50mL,1427,1.44,0.288,2225.9517315321805,B,Monthly,Medium,Moderate control
4414,Cruzan Pineapple Rum,750mL,287,7.93,1.586,425.3920378620393,B,Monthly,Medium,Moderate control
4415,Cruzan Banana Flavored Rum,750mL,6,8.72,1.7440000000000002,58.65464152543313,C,Quarterly,Low,"Simple control, bulk ordering"
4416,Cruzan Coconut Flavored Rum,750mL,569,7.68,1.536,608.6400482496475,B,Monthly,Medium,Moderate control
4421,Cruzan Vanilla Flavored Rum,750mL,42,8.2,1.64,160.0304849007244,C,Quarterly,Low,"Simple control, bulk ordering"
4422,Jenkins Spiced Rum,1.75L,620,8.57,1.7140000000000002,601.437406961369,B,Monthly,Medium,Moderate control
4424,Barbarossa Spiced Rum,1.75L,63,8.39,1.6780000000000002,193.7645376913591,C,Quarterly,Low,"Simple control, bulk ordering"
4427,Rhum Barbancourt 3 Star,750mL,3,10.58,2.116,37.65327842541038,C,Quarterly,Low,"Simple control, bulk ordering"
4429,Capt Morgan Silver Spicd Rum,1.75L,955,17.31,3.4619999999999997,525.2162493751895,A,Weekly,High,"Tight control, frequent replenishment"
4431,Screech Rum,750mL,142,11.1,2.22,252.91098031513766,C,Quarterly,Low,"Simple control, bulk ordering"
4437,Mount Gay Eclipse,1.75L,615,23.48,4.696000000000001,361.88744285304915,A,Weekly,High,"Tight control, frequent replenishment"
4438,Cruzan Black Cherry Rum,750mL,668,7.35,1.47,674.1081283499577,B,Monthly,Medium,Moderate control
4447,Patron XO Cafe Dark Cocoa,750mL,109,20.63,4.126,162.53565178093876,B,Monthly,Medium,Moderate control
4450,Leblon Natural Cane Cachaca,750mL,77,18.51,3.7020000000000004,144.22055263099134,C,Quarterly,Low,"Simple control, bulk ordering"
4453,Pitu Brazilian Rum Cachaca,750mL,88,10.76,2.152,202.2181824380542,C,Quarterly,Low,"Simple control, bulk ordering"
4460,Cruzan Strawberry Rum,750mL,1,8.45,1.69,24.325212770525994,C,Quarterly,Low,"Simple control, bulk ordering"
4478,Myers Original Dark Rum,750mL,916,13.53,2.706,581.8135624354684,A,Weekly,High,"Tight control, frequent replenishment"
4480,Appleton Special Gold Rum,750mL,205,9.92,1.984,321.44457205438357,B,Monthly,Medium,Moderate control
4483,Casamigos Reposado,50mL,1165,1.93,0.386,1737.27796135964,B,Monthly,Medium,Moderate control
4488,Zhenka Tropical Dark Rum,1.75L,1385,8.02,1.604,929.2288922351631,A,Weekly,High,"Tight control, frequent replenishment"
4491,Calvados Marquis De St Loup,750mL,59,19.04,3.808,124.47368187288265,C,Quarterly,Low,"Simple control, bulk ordering"
4494,Jenkins French Brandy,1.75L,620,9.55,1.9100000000000001,569.7432139507516,A,Weekly,High,"Tight control, frequent replenishment"
4498,Calvados Boulard Grnd Brandy,750mL,61,28.56,5.712,103.34056177843952,C,Quarterly,Low,"Simple control, bulk ordering"
4502,E & J XO Brandy,1.75L,569,16.17,3.2340000000000004,419.4557241408598,A,Weekly,High,"Tight control, frequent replenishment"
4513,Chauffe-Coeur Calvados VSOP,750mL,92,35.15,7.03,114.39742558951151,B,Monthly,Medium,Moderate control
4518,Remy Martin VS Cognac,1.75L,12,35.11,7.022,41.33902319935954,C,Quarterly,Low,"Simple control, bulk ordering"
4521,Appleton Estate Reserve Rum,750mL,120,16.66,3.3320000000000003,189.77461833002042,B,Monthly,Medium,Moderate control
4522,Lairds Apple Jack,750mL,317,10.06,2.012,396.9315708887249,B,Monthly,Medium,Moderate control
4524,Smoky Quartz Granite Cst Rum,750mL,23,21.99,4.398,72.31631794302545,C,Quarterly,Low,"Simple control, bulk ordering"
4527,Camus Grand VSOP Elegance,750mL,32,26.92,5.384,77.09433444916996,C,Quarterly,Low,"Simple control, bulk ordering"
4528,Remy Martin XO Cognac,750mL,67,106.86,21.372,55.99056095418953,A,Weekly,High,"Tight control, frequent replenishment"
4545,Capel Premium Pisco,750mL,25,10.21,2.0420000000000003,110.64763494314401,C,Quarterly,Low,"Simple control, bulk ordering"
4550,E & J XO Brandy,750mL,465,9.92,1.984,484.12291827592713,B,Monthly,Medium,Moderate control
4556,Austin Cocktails Vodkarita,750mL,11,11.71,2.342,68.53349770316372,C,Quarterly,Low,"Simple control, bulk ordering"
4563,Christian Bros Brandy,1.75L,977,12.14,2.4280000000000004,634.3412310137861,A,Weekly,High,"Tight control, frequent replenishment"
4565,Christian Bros VS Brandy,750mL,385,6.71,1.342,535.616696809985,B,Monthly,Medium,Moderate control
4574,Remy Martin VS Cognac,750mL,5,25.19,5.038,31.50329069057792,C,Quarterly,Low,"Simple control, bulk ordering"
4575,Brugal XV Rum,750mL,31,19.37,3.8740000000000006,89.45426233022613,C,Quarterly,Low,"Simple control, bulk ordering"
4576,Coronet VSQ,1.75L,1,10.23,2.0460000000000003,22.10788441426909,C,Quarterly,Low,"Simple control, bulk ordering"
4580,Casamigos Reposado Tequila,375mL,86,22.38,4.476,138.61307137765579,B,Monthly,Medium,Moderate control
4583,Perc Coffee Liqueur,750mL,53,17.29,3.458,123.801367054945,C,Quarterly,Low,"Simple control, bulk ordering"
4605,Camus Elegance XO,750mL,6,99.23,19.846000000000004,17.387579619448893,C,Quarterly,Low,"Simple control, bulk ordering"
4624,Meukow 90,750mL,113,15.14,3.0280000000000005,193.1796106091061,B,Monthly,Medium,Moderate control
4625,Courvoisier XO Cognac,750mL,12,111.99,22.398,23.146535844873238,C,Quarterly,Low,"Simple control, bulk ordering"
4626,Meukow VS Cognac,750mL,320,11.19,2.238,378.1333202247118,B,Monthly,Medium,Moderate control
4627,Wiggly Bridge Gold Rum,750mL,19,36.43,7.2860000000000005,51.066044226148406,C,Quarterly,Low,"Simple control, bulk ordering"
4628,Martell Cordon Bleu,750mL,102,79.99,15.998,79.84858780605846,A,Weekly,High,"Tight control, frequent replenishment"
4629,Courvoisier C,750mL,24,26.98,5.396000000000001,66.69137175058552,C,Quarterly,Low,"Simple control, bulk ordering"
4634,Gold Crown Wh Rum,1.75L,749,8.52,1.704,662.9886806049774,A,Weekly,High,"Tight control, frequent replenishment"
4639,Jeffersons  Ocean Bourbon,750mL,124,58.82,11.764000000000001,102.66758221535304,A,Weekly,High,"Tight control, frequent replenishment"
4652,Hennessy XO Cognac,750mL,63,118.51,23.702,51.555829389165346,A,Weekly,High,"Tight control, frequent replenishment"
4662,Capt Morgan White PET,1.75L,429,15.38,3.0760000000000005,373.4525941160612,A,Weekly,High,"Tight control, frequent replenishment"
4664,Hennessy Black Cognac,750mL,180,27.77,5.554,180.0252052932351,B,Monthly,Medium,Moderate control
4670,Bacardi Dragon Berry Rum,375mL,828,2.87,0.5740000000000001,1201.0448412950257,B,Monthly,Medium,Moderate control
4673,Hennessy VS Cognac,1.75L,335,46.66,9.331999999999999,189.467636884217,A,Weekly,High,"Tight control, frequent replenishment"
4677,Courvoisier 12 Yr Cognac,750mL,74,34.61,6.922000000000001,103.39512495095322,B,Monthly,Medium,Moderate control
4678,Courvoisier VS Cognac,750mL,1197,16.78,3.3560000000000003,597.2224147117121,A,Weekly,High,"Tight control, frequent replenishment"
4679,Courvoisier VS Cognac,375mL,1049,8.63,1.7260000000000002,779.5919543552774,A,Weekly,High,"Tight control, frequent replenishment"
4682,Courvoisier VSOP Cognac,750mL,363,26.92,5.384,259.65744950741424,A,Weekly,High,"Tight control, frequent replenishment"
4683,Hennessy VS Cognac,50mL,977,2.96,0.592,1284.6547543359025,B,Monthly,Medium,Moderate control
4686,Courvoisier VS Cognac,1.75L,139,42.96,8.592,127.19213753618659,B,Monthly,Medium,Moderate control
4689,Hennessy Privilege VSOP,750mL,595,33.33,6.666,298.76232341543545,A,Weekly,High,"Tight control, frequent replenishment"
4696,Blue Chair Bay Banana Rum,750mL,131,13.17,2.6340000000000003,223.01175864753083,C,Quarterly,Low,"Simple control, bulk ordering"
4697,Courvoisier 21 Yr Cognac,750mL,3,187.96,37.592000000000006,8.933320416423078,C,Quarterly,Low,"Simple control, bulk ordering"
4698,Metaxa 5 Star,750mL,29,10.38,2.076,118.19124960682305,C,Quarterly,Low,"Simple control, bulk ordering"
4701,Fabrizia Limoncello,750mL,355,12.68,2.536,374.14466069868956,B,Monthly,Medium,Moderate control
4702,Metaxa Amphora,750mL,145,16.66,3.3320000000000003,208.60826197153628,B,Monthly,Medium,Moderate control
4703,Blue Chair Bay Coconut Rum,50mL,1020,0.77,0.15400000000000003,2573.592163373331,C,Quarterly,Low,"Simple control, bulk ordering"
4705,Blue Chair Bay Banana Rum,50mL,1219,0.76,0.15200000000000002,2831.9139891785667,C,Quarterly,Low,"Simple control, bulk ordering"
4722,Remy Martin VSOP Cognac,750mL,744,27.77,5.554,366.0020602432022,A,Weekly,High,"Tight control, frequent replenishment"
4723,Kinky Flame Whisky,50mL,801,0.77,0.15400000000000003,2280.6355915180093,C,Quarterly,Low,"Simple control, bulk ordering"
4724,Patron Citronge Lime Liqueur,750mL,134,16.79,3.358,199.7616208926423,B,Monthly,Medium,Moderate control
4732,Remy Martin VSOP Cognac,1.75L,60,69.76,13.952000000000002,65.57788282337522,B,Monthly,Medium,Moderate control
4734,Capt Morgan Cannon Blast,750mL,886,11.9,2.3800000000000003,610.1384331141787,A,Weekly,High,"Tight control, frequent replenishment"
4736,Capt Morgan Spiced Rum,100mL,1513,2.14,0.42800000000000005,1880.1719945185766,B,Monthly,Medium,Moderate control
4737,St Remy VSOP Authentic Brndy,750mL,560,7.91,1.582,594.9641173087296,B,Monthly,Medium,Moderate control
4748,Patron XO Cafe Incendio,750mL,58,16.66,3.3320000000000003,131.93544931182842,C,Quarterly,Low,"Simple control, bulk ordering"
4751,Capt Morgan Cannon Blast,50mL,385,0.72,0.144,1635.1180725290487,C,Quarterly,Low,"Simple control, bulk ordering"
4760,Kinky Flame Whisky,750mL,108,13.17,2.6340000000000003,202.49019211884809,C,Quarterly,Low,"Simple control, bulk ordering"
4762,Hartley Brandy VS,750mL,1140,5.03,1.006,1064.5190440892206,A,Weekly,High,"Tight control, frequent replenishment"
4764,Flor de Cana Gran Rsv Rum,750mL,195,14.81,2.962,256.58116847540714,B,Monthly,Medium,Moderate control
4767,El Jimador Reposado Tequila,1.75L,166,19.28,3.8560000000000003,207.48443925056242,B,Monthly,Medium,Moderate control
4779,Molletto Grappa di Barbera,750mL,83,21.59,4.3180000000000005,138.64292976252236,C,Quarterly,Low,"Simple control, bulk ordering"
4783,Mr Boston Apricot Brandy,1.75L,827,8.88,1.7760000000000002,682.3878319204945,A,Weekly,High,"Tight control, frequent replenishment"
4784,Presidente Solera Brandy,750mL,39,13.23,2.6460000000000004,121.40522651411392,C,Quarterly,Low,"Simple control, bulk ordering"
4787,Appleton Special Gold Rum,1.75L,247,15.03,3.0060000000000002,286.6513480565686,B,Monthly,Medium,Moderate control
4796,Caravella Limoncello,750mL,385,12.31,2.462,395.44522923630194,B,Monthly,Medium,Moderate control
4798,Sambuca Romana Liqueur,50mL,9059,1.54,0.30800000000000005,5423.314269184265,A,Weekly,High,"Tight control, frequent replenishment"
4804,Rhum Barbancourt RSV Special,750mL,336,12.14,2.4280000000000004,372.00201944501543,B,Monthly,Medium,Moderate control
4806,Leroux Blackberry Brandy,1.75L,671,11.71,2.342,535.263728224884,A,Weekly,High,"Tight control, frequent replenishment"
4815,Courvoisier Rose,750mL,2,13.5,2.7,27.216552697590867,C,Quarterly,Low,"Simple control, bulk ordering"
4817,Skyy Infusions TX Grapefruit,750mL,173,7.8,1.56,333.0126662717739,B,Monthly,Medium,Moderate control
4818,Skyy Infusions Pacific Blueb,750mL,116,7.51,1.502,277.9035075716734,C,Quarterly,Low,"Simple control, bulk ordering"
4824,Deep Eddy Sweet Tea Vodka,750mL,3,14.72,2.9440000000000004,31.92211990345307,C,Quarterly,Low,"Simple control, bulk ordering"
4829,Mr Boston Blackberry Brandy,1.75L,1224,9.59,1.9180000000000001,798.8521483685677,A,Weekly,High,"Tight control, frequent replenishment"
4833,Plantation Original Dark Rum,750mL,224,10.78,2.156,322.3291856101521,B,Monthly,Medium,Moderate control
4834,Ole Smoky Shine Nog,750mL,20,14.07,2.814,84.30492595427839,C,Quarterly,Low,"Simple control, bulk ordering"
4845,Arrow Cherry Brandy,750mL,74,6.39,1.278,240.630366736892,C,Quarterly,Low,"Simple control, bulk ordering"
4846,Cruzan Estate Diamond Dark,750mL,88,12.4,2.4800000000000004,188.37162994395396,C,Quarterly,Low,"Simple control, bulk ordering"
4857,Skyy Infusions Grapefuit,50mL,370,0.75,0.15000000000000002,1570.5625319186329,C,Quarterly,Low,"Simple control, bulk ordering"
4868,Skyy Infusions Blueberry,50mL,594,0.79,0.15800000000000003,1938.9413789194543,C,Quarterly,Low,"Simple control, bulk ordering"
4878,Allens Coffee Brandy,750mL,1030,4.92,0.984,1023.1070166310437,B,Monthly,Medium,Moderate control
4881,Bacardi Twin Pack 2/750mls,750mL 2 Pk,867,14.81,2.962,541.0246112514137,A,Weekly,High,"Tight control, frequent replenishment"
4882,Arrow Coffee Brandy,750mL,513,4.7,0.9400000000000001,738.7453423549036,B,Monthly,Medium,Moderate control
4889,Jenkins Coffee Brandy,1.75L,415,9.59,1.9180000000000001,465.15719925725654,B,Monthly,Medium,Moderate control
4892,DeKuyper Coffee Brandy,Liter,1,7.46,1.492,25.88901865392489,C,Quarterly,Low,"Simple control, bulk ordering"
4896,Hiram Walker Coffee Brandy,1.75L,530,14.05,2.8100000000000005,434.29494545081695,A,Weekly,High,"Tight control, frequent replenishment"
4897,Remy Martin VSOP Cognac,50mL,315,3.28,0.656,692.9523265198467,C,Quarterly,Low,"Simple control, bulk ordering"
4898,Mount Gay Extra Old Rum,750mL,84,29.84,5.968,118.63838764973454,B,Monthly,Medium,Moderate control
4899,Clement Mahina Coco Liqueur,750mL,32,14.28,2.856,105.85122480499264,C,Quarterly,Low,"Simple control, bulk ordering"
4902,Ron Virgin Bold Coconut Rum,750mL,22,8.65,1.7300000000000002,112.76862598161044,C,Quarterly,Low,"Simple control, bulk ordering"
4903,Bacardi Superior Rum,200mL,2860,2.87,0.5740000000000001,2232.1689893940697,A,Weekly,High,"Tight control, frequent replenishment"
4916,Mr Boston Coffee Brandy,1.75L,1511,7.87,1.574,979.7829285302893,A,Weekly,High,"Tight control, frequent replenishment"
4921,Twenty Grand Cognac,750mL,41,15.87,3.174,113.65497928520378,C,Quarterly,Low,"Simple control, bulk ordering"
4932,Arrow Ginger Brandy,750mL,1545,4.5,0.9,1310.2162671355698,A,Weekly,High,"Tight control, frequent replenishment"
4938,Kapali Coffee,750mL,517,7.02,1.404,606.8225591007789,B,Monthly,Medium,Moderate control
4939,Kapali Coffee,1.75L,692,11.59,2.318,546.3819344484504,A,Weekly,High,"Tight control, frequent replenishment"
4945,Jacquin Ginger Brandy,750mL,837,7.47,1.494,748.4924607872958,A,Weekly,High,"Tight control, frequent replenishment"
4948,Ron Virgin Black Spiced Rum,750mL,12,9.62,1.924,78.97471897389846,C,Quarterly,Low,"Simple control, bulk ordering"
4959,Bacardi Tangerine,50mL,1095,0.71,0.142,2776.916924510671,C,Quarterly,Low,"Simple control, bulk ordering"
4978,Jacquin Peach Brandy,750mL,32,7.24,1.4480000000000002,148.65882924943327,C,Quarterly,Low,"Simple control, bulk ordering"
4979,Patron Silver Tequila,Liter,88,57.14,11.428,87.75183769728679,B,Monthly,Medium,Moderate control
4989,Martell VS Cognac,750mL,193,16.66,3.3320000000000003,240.6723275902468,B,Monthly,Medium,Moderate control
5014,Penn Dutch Pumpkin Cr Liquer,750mL,104,3.96,0.792,362.3715376697393,C,Quarterly,Low,"Simple control, bulk ordering"
5015,Arrow Creme de Banana,750mL,172,5.88,1.176,382.43758105259553,C,Quarterly,Low,"Simple control, bulk ordering"
5027,99 Apples Schnapps Liqueur,750mL,296,7.51,1.502,443.92631434722,B,Monthly,Medium,Moderate control
5031,DeKuyper Peppermint Schnapp,1.75L,567,11.71,2.342,492.0373650180121,A,Weekly,High,"Tight control, frequent replenishment"
5033,Fireball Cinnamon Whisky,Liter,62,12.97,2.5940000000000003,154.600487441144,C,Quarterly,Low,"Simple control, bulk ordering"
5042,Tequila Rose Liqueur,750mL,411,10.68,2.136,438.65217466356944,B,Monthly,Medium,Moderate control
5054,Jagermeister Spice,50mL,893,1.42,0.284,1773.2360804988991,C,Quarterly,Low,"Simple control, bulk ordering"
5056,Hiram Walker Pumpkin Spice,750mL,30,5.55,1.11,164.39898730535728,C,Quarterly,Low,"Simple control, bulk ordering"
5058,Capt Morgan Long Isl Tea RTD,1.75L,470,11.93,2.386,443.8269902987948,A,Weekly,High,"Tight control, frequent replenishment"
5060,Dr McGillicuddy's Butterscth,750mL,858,9.35,1.87,677.365137434578,A,Weekly,High,"Tight control, frequent replenishment"
5062,Southern Comfort Lime,750mL,49,8.39,1.6780000000000002,170.88425987824587,C,Quarterly,Low,"Simple control, bulk ordering"
5065,Berentzen Apple Liqueur,750mL,28,11.42,2.2840000000000003,110.72124636128717,C,Quarterly,Low,"Simple control, bulk ordering"
5070,Russo Limoncello,750mL,70,17.85,3.5700000000000003,140.028008402801,C,Quarterly,Low,"Simple control, bulk ordering"
5075,Tuaca Italian Liqueur,750mL,188,15.03,3.0060000000000002,250.08315317043514,B,Monthly,Medium,Moderate control
5076,M Duffau Napoleon Armagnac,750mL,213,28.12,5.6240000000000006,194.61089310597436,A,Weekly,High,"Tight control, frequent replenishment"
5077,Malibu Red,750mL,86,12.69,2.5380000000000003,184.07864835055096,C,Quarterly,Low,"Simple control, bulk ordering"
5080,Hpnotiq Harmonie,750mL,3,12.02,2.404,35.32591305417994,C,Quarterly,Low,"Simple control, bulk ordering"
5083,DK Burst Blustery Pmnt Trav,750mL,4,8.26,1.6520000000000001,49.206783130512285,C,Quarterly,Low,"Simple control, bulk ordering"
5087,Dr McGillicuddy's Peach,750mL,143,9.35,1.87,276.5331593774861,C,Quarterly,Low,"Simple control, bulk ordering"
5090,El Charro Silver Tequila,750mL,261,10.23,2.0460000000000003,357.163803323758,B,Monthly,Medium,Moderate control
5094,Jagermeister Liqueur,100mL,464,2.68,0.536,930.4147686870865,C,Quarterly,Low,"Simple control, bulk ordering"
5096,DeKuyper Peachtree Schnapps,750mL,1312,7.99,1.598,906.1050065271502,A,Weekly,High,"Tight control, frequent replenishment"
5098,Agavero Orange Liqueur Agave,750mL,3,16.79,3.358,29.889612275460642,C,Quarterly,Low,"Simple control, bulk ordering"
5101,Dr McGillicuddy's Mentholmnt,750mL,1984,10.39,2.0780000000000003,977.12035918951,A,Weekly,High,"Tight control, frequent replenishment"
5103,Fireball Cinnamon Whisky,1.75L,2576,17.14,3.4280000000000004,866.8671042492066,A,Weekly,High,"Tight control, frequent replenishment"
5105,Dr McGillicuddy's Mentholmnt,1.75L,1199,14.81,2.962,636.2342792312219,A,Weekly,High,"Tight control, frequent replenishment"
5106,Capt Morgan Long Isl Tea RTD,750mL,133,9.52,1.904,264.29706993546216,C,Quarterly,Low,"Simple control, bulk ordering"
5107,St Remy XO Napoleon Brandy,750mL,170,10.14,2.028,289.52794334964653,B,Monthly,Medium,Moderate control
5109,Dr McGillicuddy's Menth Trav,750mL,1213,9.84,1.968,785.0871216736944,A,Weekly,High,"Tight control, frequent replenishment"
5111,Dr McGillicuddy's Mentholmnt,50mL,18411,0.72,0.144,11307.26167852618,A,Weekly,High,"Tight control, frequent replenishment"
5124,Cointreau Liqueur,1.75L,195,51.53,10.306000000000001,137.55368727652817,A,Weekly,High,"Tight control, frequent replenishment"
5125,DeKuyper Anisette,750mL,290,5.96,1.192,493.24293264478393,B,Monthly,Medium,Moderate control
5126,Marzadro Le Diciotto Lune,750mL,15,41.35,8.270000000000001,42.588552032300655,C,Quarterly,Low,"Simple control, bulk ordering"
5128,Carolans Irish Cream,750mL,247,8.98,1.7960000000000003,370.84746142268864,B,Monthly,Medium,Moderate control
5130,X Rated Fusion Liqueur,750mL,168,13.17,2.6340000000000003,252.54964103025418,B,Monthly,Medium,Moderate control
5134,Dr McGillicuddy's Cherry,750mL,429,10.39,2.0780000000000003,454.3660508675171,B,Monthly,Medium,Moderate control
5135,Ancho Reyes Chile Liqueur,750mL,60,17.26,3.4520000000000004,131.83788633569887,C,Quarterly,Low,"Simple control, bulk ordering"
5137,Irish Manor Irish Cream,750mL,419,6.61,1.322,562.9778185734752,B,Monthly,Medium,Moderate control
5138,Fireball Cinnamon Whisky,750mL,8418,11.1,2.22,1947.2780725648538,A,Weekly,High,"Tight control, frequent replenishment"
5142,Carolans Irish Cream,1.75L,377,17.45,3.49,328.66840833293236,A,Weekly,High,"Tight control, frequent replenishment"
5145,Malibu Island Spiced Rum,750mL,30,9.12,1.8239999999999998,128.24729401064428,C,Quarterly,Low,"Simple control, bulk ordering"
5146,Pama Pomegranate Liqueur,750mL,301,14.17,2.834,325.8992228557931,B,Monthly,Medium,Moderate control
5147,Pallini Limoncello Liqueur,375mL,162,9.44,1.888,292.9250497068537,C,Quarterly,Low,"Simple control, bulk ordering"
5148,St Brendans Irish Cream,1.75L,275,14.17,2.834,311.5060056104928,B,Monthly,Medium,Moderate control
5149,Hpnotiq Liqueur,1.75L,137,23.19,4.638000000000001,171.8679557731669,B,Monthly,Medium,Moderate control
5153,Fireball Cinn Whisky Trav,750mL,1261,10.44,2.088,777.1275333335798,A,Weekly,High,"Tight control, frequent replenishment"
5155,Arrow Brown Creme de Cacao,750mL,211,5.79,1.1580000000000001,426.8614624412045,C,Quarterly,Low,"Simple control, bulk ordering"
5160,Hpnotiq Liqueur,375mL,283,7.96,1.592,421.620468069895,B,Monthly,Medium,Moderate control
5165,Hpnotiq Liqueur,750mL,566,13.33,2.6660000000000004,460.7635790391231,A,Weekly,High,"Tight control, frequent replenishment"
5167,Banfi Grappa Castello,750mL,1,23.01,4.602,14.740991400388204,C,Quarterly,Low,"Simple control, bulk ordering"
5168,Kahlua French Vanilla,750mL,173,13.66,2.732,251.64175423482038,B,Monthly,Medium,Moderate control
5169,Kahlua Hazelnut,750mL,116,12.2,2.44,218.03894974650143,C,Quarterly,Low,"Simple control, bulk ordering"
5170,Dr McGillicuddy's Apple Pie,750mL,863,9.99,1.9980000000000002,657.2152858325283,A,Weekly,High,"Tight control, frequent replenishment"
5181,Leblon Cedilla Acai Liqueur,750mL,2,23.99,4.798,20.41666843894699,C,Quarterly,Low,"Simple control, bulk ordering"
5185,Irish Manor Irish Cream,1.75L,224,14.61,2.922,276.8751018775412,B,Monthly,Medium,Moderate control
5187,Arrow White Creme de Cacao,750mL,302,6.1,1.22,497.5349069226775,C,Quarterly,Low,"Simple control, bulk ordering"
5188,Cointreau Noir Liqueur,750mL,79,23.7,4.74,129.09944487358055,B,Monthly,Medium,Moderate control
5191,Fireball Cinnamon Whiskey,375mL,3678,7.93,1.586,1522.8399830985466,A,Weekly,High,"Tight control, frequent replenishment"
5192,Kahlua Mocha,750mL,155,13.56,2.712,239.06775677699298,B,Monthly,Medium,Moderate control
5194,Bacardi Party Mai Tai,1.75L,147,9.62,1.924,276.4115164086446,C,Quarterly,Low,"Simple control, bulk ordering"
5195,Jenkins Melon Liqueur,750mL,450,4.72,0.944,690.4309634237426,B,Monthly,Medium,Moderate control
5196,Delord Bas-Armagnac 25 Yr,750mL,20,59.25,11.850000000000001,41.08240150088805,C,Quarterly,Low,"Simple control, bulk ordering"
5197,Southern Comfort,375mL,2002,5.75,1.1500000000000001,1319.4201625022224,A,Weekly,High,"Tight control, frequent replenishment"
5202,Dr McGillicuddy's Vanilla,750mL,239,10.31,2.0620000000000003,340.4510045776686,B,Monthly,Medium,Moderate control
5212,Margaritaville Silver,1.75L,222,15.38,3.0760000000000005,268.6478205670923,B,Monthly,Medium,Moderate control
5215,TGI Fridays Long Island Iced,1.75L,300,9.41,1.8820000000000001,399.2554175168799,B,Monthly,Medium,Moderate control
5218,Chila Orchata Cinnamon Cream,750mL,400,10.68,2.136,432.7423224079155,B,Monthly,Medium,Moderate control
5219,Sambuca Romana Black,750mL,658,13.23,2.6460000000000004,498.6754943620637,A,Weekly,High,"Tight control, frequent replenishment"
5220,Basilica Sambuca,750mL,195,5.79,1.1580000000000001,410.35811480147396,C,Quarterly,Low,"Simple control, bulk ordering"
5221,RumChata Liqueur,375mL,782,8.59,1.718,674.6706176904805,A,Weekly,High,"Tight control, frequent replenishment"
5223,Paul Masson Red Berry Brandy,750mL,165,6.15,1.2300000000000002,366.25993701661474,C,Quarterly,Low,"Simple control, bulk ordering"
5228,DeKuyper Wh Cr de Menthe,750mL,431,7.02,1.404,554.0578101426394,B,Monthly,Medium,Moderate control
5230,Bacardi Party Drinks Bahama,1.75L,201,9.92,1.984,318.29307857848204,B,Monthly,Medium,Moderate control
5232,DeKuyper Buttershots Schnaps,1.75L,564,10.71,2.1420000000000003,513.1328503700104,A,Weekly,High,"Tight control, frequent replenishment"
5233,Cointreau Liqueur,375mL,655,14.5,2.9000000000000004,475.24948076301695,A,Weekly,High,"Tight control, frequent replenishment"
5242,Cointreau Liqueur,750mL,1388,22.05,4.41,561.0162466675482,A,Weekly,High,"Tight control, frequent replenishment"
5246,Bacardi Party Drinks Zombie,1.75L,180,9.77,1.954,303.5106765973773,B,Monthly,Medium,Moderate control
5250,DeKuyper Buttershots Trav,750mL,7,7.14,1.428,70.0140042014005,C,Quarterly,Low,"Simple control, bulk ordering"
5251,DeKuyper Buttershots Schnpps,50mL,4088,0.72,0.144,5328.122454381927,B,Monthly,Medium,Moderate control
5253,Kahlua Original Mudslide RTD,1.75L,226,11.84,2.368,308.9323375582252,B,Monthly,Medium,Moderate control
5254,DeKuyper Buttershots Schnpps,750mL,1187,7.35,1.47,898.600574892582,A,Weekly,High,"Tight control, frequent replenishment"
5255,TGI Fridays Ultimte Mudslide,1.75L,329,9.35,1.87,419.4470513390282,B,Monthly,Medium,Moderate control
5259,Blue Chair Bay Coconut Rum,750mL,188,13.38,2.676,265.0549199936779,B,Monthly,Medium,Moderate control
5268,Mr Boston Rock & Rye,750mL,167,6.56,1.312,356.77245600782254,C,Quarterly,Low,"Simple control, bulk ordering"
5270,Southern Comfort,50mL,2466,1.55,0.31000000000000005,2820.432362188006,B,Monthly,Medium,Moderate control
5273,Southern Comfort 100 Proof,375mL,11,6.34,1.268,93.14010341605442,C,Quarterly,Low,"Simple control, bulk ordering"
5276,DeKuyper Triple Sec,Liter,119,4.61,0.9220000000000002,359.2593006719601,C,Quarterly,Low,"Simple control, bulk ordering"
5277,Arrow Sloe Gin,750mL,131,6.05,1.21,329.0356558337065,C,Quarterly,Low,"Simple control, bulk ordering"
5285,Jacquin Triple Sec,750mL,671,6.24,1.2480000000000002,733.253200750093,B,Monthly,Medium,Moderate control
5286,Rosita Triple Sec,Liter,302,2.93,0.5860000000000001,717.8846437797259,C,Quarterly,Low,"Simple control, bulk ordering"
5292,Rumpleminze,750mL,944,13.13,2.6260000000000003,599.5682630496376,A,Weekly,High,"Tight control, frequent replenishment"
5296,Southern Comfort 100 Proof,1.75L,490,21.01,4.202000000000001,341.4837295590317,A,Weekly,High,"Tight control, frequent replenishment"
5297,Southern Comfort,750mL,1064,10.76,2.152,703.1527514143434,A,Weekly,High,"Tight control, frequent replenishment"
5298,Southern Comfort 100 Proof,750mL,402,12.77,2.5540000000000003,396.7368858791318,B,Monthly,Medium,Moderate control
5299,Southern Comfort,1.75L,2493,15.26,3.052,903.7927945415745,A,Weekly,High,"Tight control, frequent replenishment"
5308,Paul Masson Red Berry Brandy,50mL,1156,0.75,0.15000000000000002,2776.0883751542683,C,Quarterly,Low,"Simple control, bulk ordering"
5311,Amaretto DiSaronno,1.75L,1183,23.7,4.74,499.57788088718456,A,Weekly,High,"Tight control, frequent replenishment"
5312,Amaretto DiSaronno,750mL,1404,14.7,2.94,691.0506641398757,A,Weekly,High,"Tight control, frequent replenishment"
5315,B & B Liqueur Dom,750mL,932,19.22,3.844,492.39798459592737,A,Weekly,High,"Tight control, frequent replenishment"
5316,Amaretto DiSaronno,50mL,2408,1.83,0.36600000000000005,2565.0019439909975,B,Monthly,Medium,Moderate control
5317,B & B Liqueur Dom,50mL,388,2.46,0.492,888.0416016036984,C,Quarterly,Low,"Simple control, bulk ordering"
5318,Benedictine Liqueur Dom,750mL,160,18.65,3.73,207.11214923139912,B,Monthly,Medium,Moderate control
5322,Linie Aquavit,750mL,86,17.42,3.4840000000000004,157.11228772100438,C,Quarterly,Low,"Simple control, bulk ordering"
5325,Hornitos Spiced Honey Liquer,750mL,65,12.94,2.588,158.4800291174165,C,Quarterly,Low,"Simple control, bulk ordering"
5330,Kahlua White Russian RTD,1.75L,219,11.42,2.2840000000000003,309.65208429781717,B,Monthly,Medium,Moderate control
5333,Jenkins Amaretto,1.75L,351,8.65,1.7300000000000002,450.43331738494277,B,Monthly,Medium,Moderate control
5334,Kahlua Especial,750mL,205,17.82,3.564,239.8325266784599,B,Monthly,Medium,Moderate control
5335,Beniotome Sesame Shochu,750mL,31,22.21,4.442,83.53944194869034,C,Quarterly,Low,"Simple control, bulk ordering"
5337,Drambuie,750mL,969,20.6,4.12,484.96822035807827,A,Weekly,High,"Tight control, frequent replenishment"
5339,Drambuie,50mL,318,2.35,0.47000000000000003,822.5544022621549,C,Quarterly,Low,"Simple control, bulk ordering"
5342,Grand Marnier,750mL,2136,19.85,3.9700000000000006,733.5088714416664,A,Weekly,High,"Tight control, frequent replenishment"
5346,Green Chartreuse Liqueur,750mL,138,36.22,7.244,138.0226375689942,B,Monthly,Medium,Moderate control
5348,St Brendans Irish Cream,750mL,521,7.85,1.57,576.0617447443996,B,Monthly,Medium,Moderate control
5353,Grand Marnier,375mL,717,12.77,2.5540000000000003,529.8453550187314,A,Weekly,High,"Tight control, frequent replenishment"
5356,Kahlua,375mL,2008,7.14,1.428,1185.8172139862004,A,Weekly,High,"Tight control, frequent replenishment"
5358,Irish Mist Honey Liqueur,750mL,278,18.83,3.766,271.6953715719437,B,Monthly,Medium,Moderate control
5359,Distroya Spiced Liqueur,750mL,141,14.28,2.856,222.19304196837413,B,Monthly,Medium,Moderate control
5361,Grind Espresso Shot,50mL,153,0.79,0.15800000000000003,984.050014165818,C,Quarterly,Low,"Simple control, bulk ordering"
5363,Luxardo Angioletto Hazelnut,750mL,4,12.3,2.4600000000000004,40.32389192727559,C,Quarterly,Low,"Simple control, bulk ordering"
5364,Kahlua,1.75L,4691,23.07,4.614,1008.3096448191319,A,Weekly,High,"Tight control, frequent replenishment"
5365,Kahlua,750mL,3919,14.84,2.968,1149.0943345771975,A,Weekly,High,"Tight control, frequent replenishment"
5367,Sambuca di Amore,750mL,1266,5.83,1.1660000000000001,1041.9996608974798,A,Weekly,High,"Tight control, frequent replenishment"
5368,Midori Melon Liqueur,750mL,538,15.23,3.0460000000000003,420.2678694295488,A,Weekly,High,"Tight control, frequent replenishment"
5370,DiSaronno Rsva Ltd Edition,750mL,1,255.47,51.094,4.423999285648045,C,Quarterly,Low,"Simple control, bulk ordering"
5371,Dr McGillicudy's Buttersctch,50mL,102,0.79,0.15800000000000003,803.4734720282707,C,Quarterly,Low,"Simple control, bulk ordering"
5373,E&J Peach Brandy,750mL,224,7.47,1.494,387.21191303434375,C,Quarterly,Low,"Simple control, bulk ordering"
5375,Petrone Limoncello,750mL,214,14.72,2.9440000000000004,269.6112338002709,B,Monthly,Medium,Moderate control
5376,Bols Yogurt Liqueur,750mL,3,9.77,1.954,39.183059861926246,C,Quarterly,Low,"Simple control, bulk ordering"
5378,Galliano L'Autentico Liqueur,750mL,148,20.15,4.03,191.63654598438112,B,Monthly,Medium,Moderate control
5381,E&J Peach Brandy,50mL,1056,0.73,0.146,2689.400809163403,C,Quarterly,Low,"Simple control, bulk ordering"
5382,Ice 101 Peppermint Schnapps,750mL,1225,9.44,1.888,805.5027906610329,A,Weekly,High,"Tight control, frequent replenishment"
5384,Widow's Migaki Shochu,750mL,9,24.08,4.816,43.229281327817624,C,Quarterly,Low,"Simple control, bulk ordering"
5390,Dr McGillicuddy's Peach,50mL,1823,0.77,0.15400000000000003,3440.5904053900886,C,Quarterly,Low,"Simple control, bulk ordering"
5391,Kamora Coffee,1.75L,2902,12.02,2.404,1098.7059397748362,A,Weekly,High,"Tight control, frequent replenishment"
5392,Goldschlager Cinnamon Schnps,750mL,907,13.63,2.7260000000000004,576.8205413331675,A,Weekly,High,"Tight control, frequent replenishment"
5394,Goldschlager Cinnamon Schnap,375mL,673,8.72,1.7440000000000002,621.2040690568954,B,Monthly,Medium,Moderate control
5396,Tia Maria Coffee Liqueur,750mL,464,12.14,2.4280000000000004,437.1541937656018,A,Weekly,High,"Tight control, frequent replenishment"
5399,Goldschlager Cinnamon Schna,50mL,6544,1.45,0.29,4750.317593738267,A,Weekly,High,"Tight control, frequent replenishment"
5401,Jagermeister Liqueur,200mL,2129,4.64,0.9279999999999999,1514.6554177378955,A,Weekly,High,"Tight control, frequent replenishment"
5403,Amaretto di Amore,750mL,781,5.92,1.184,812.1750909615355,B,Monthly,Medium,Moderate control
5404,E & J Superior Rsv VSOP,375mL,1404,4.32,0.8640000000000001,1274.754878398196,B,Monthly,Medium,Moderate control
5408,Bols Maraschino Liqueur,750mL,2,8.84,1.768,33.633639699815625,C,Quarterly,Low,"Simple control, bulk ordering"
5410,Raspberry di Amore,750mL,578,6.15,1.2300000000000002,685.506162763685,B,Monthly,Medium,Moderate control
5414,Bols Amaretto Liqueur,750mL,60,6.15,1.2300000000000002,220.86305214969306,C,Quarterly,Low,"Simple control, bulk ordering"
5415,Amaretto di Amore,1.75L,494,8.45,1.69,540.6548735632485,B,Monthly,Medium,Moderate control
5417,Bols Triple Sec,Liter,118,5.83,1.1660000000000001,318.1205527883203,C,Quarterly,Low,"Simple control, bulk ordering"
5430,Grand Marnier Cuvee 1880,750mL,3,275.58,55.116,7.377713422537525,C,Quarterly,Low,"Simple control, bulk ordering"
5434,Southern Comfort Caramel,750mL,68,8.64,1.7280000000000002,198.37301190396803,C,Quarterly,Low,"Simple control, bulk ordering"
5438,Emmets Irish Cream,750mL,911,7.51,1.502,778.7969143631549,A,Weekly,High,"Tight control, frequent replenishment"
5440,Jagermeister Liqueur,1.75L,1212,25.92,5.184000000000001,483.5248662647003,A,Weekly,High,"Tight control, frequent replenishment"
5444,E & J Superior RSV VSOP,1.75L,781,14.49,2.898,519.1302382628207,A,Weekly,High,"Tight control, frequent replenishment"
5445,Jagermeister Liqueur,750mL,3962,11.76,2.352,1297.8920638958425,A,Weekly,High,"Tight control, frequent replenishment"
5447,Jagermeister Liqueur,375mL,1941,7.63,1.526,1127.808856954217,A,Weekly,High,"Tight control, frequent replenishment"
5457,After Shock Hot & Cool Cinmn,50mL,2247,1.54,0.30800000000000005,2701.0099121355597,B,Monthly,Medium,Moderate control
5458,After Shock Hot & Cool Cinmn,750mL,210,12.79,2.558,286.52292582114654,B,Monthly,Medium,Moderate control
5462,Barenjager Honey Liqueur,750mL,226,14.7,2.94,277.25574529542166,B,Monthly,Medium,Moderate control
5463,Aguardiente Cristal Liqueur,750mL,11,9.48,1.8960000000000001,76.16881096428564,C,Quarterly,Low,"Simple control, bulk ordering"
5468,Hine Rare VSOP,750mL,37,45.11,9.022,64.0397238723831,C,Quarterly,Low,"Simple control, bulk ordering"
5480,E & J Superior RSV VSOP,750mL,722,7.85,1.57,678.1390797358372,A,Weekly,High,"Tight control, frequent replenishment"
5487,Fire Water Hot Cinnamon,750mL,27,10.36,2.072,114.15291512216423,C,Quarterly,Low,"Simple control, bulk ordering"
5489,DeKuyper Hot Damn Cinnamon,750mL,561,7.57,1.5140000000000002,608.7212922387673,B,Monthly,Medium,Moderate control
5490,DeKuyper Hot Damn Cinnamon,50mL,1780,0.76,0.15200000000000002,3422.0646276465136,C,Quarterly,Low,"Simple control, bulk ordering"
5491,Rumpleminze,50mL,11027,1.46,0.292,6145.2175413191835,A,Weekly,High,"Tight control, frequent replenishment"
5492,Grand Marnier Cuvee du Cent,750mL,14,115.38,23.076,24.63109689607913,C,Quarterly,Low,"Simple control, bulk ordering"
5495,Ch Monet,750mL,54,11.67,2.334,152.10603796901813,C,Quarterly,Low,"Simple control, bulk ordering"
5502,RumChata Liqueur,50mL,557,0.77,0.15400000000000003,1901.8104839555167,C,Quarterly,Low,"Simple control, bulk ordering"
5505,Pallini Limoncello Liqueur,750mL,555,14.5,2.9000000000000004,437.46921073925597,A,Weekly,High,"Tight control, frequent replenishment"
5507,Arrow Blackberry Brandy,750mL,138,4.54,0.908,389.849174495247,C,Quarterly,Low,"Simple control, bulk ordering"
5515,Grand Marnier Flask,200mL,14,7.65,1.5300000000000002,95.6573405305919,C,Quarterly,Low,"Simple control, bulk ordering"
5517,Tippy Cow Shamrock Mint,750mL,25,11.59,2.318,103.85162309931599,C,Quarterly,Low,"Simple control, bulk ordering"
5525,Fernet-Branca Italian Liquer,750mL,210,18.24,3.6479999999999997,239.92871748434828,B,Monthly,Medium,Moderate control
5536,St Brendans Irish Cream,50mL,960,1.15,0.22999999999999998,2043.0156738209967,C,Quarterly,Low,"Simple control, bulk ordering"
5537,DeKuyper Pomegranate,750mL,5,7.19,1.4380000000000002,58.96652830514624,C,Quarterly,Low,"Simple control, bulk ordering"
5539,DeKuyper Hot Damn 100*,750mL,590,8.39,1.6780000000000002,592.9663214743823,B,Monthly,Medium,Moderate control
5549,Don Ramon Reposado Tequila,750mL,22,25.36,5.072,65.8599987259084,C,Quarterly,Low,"Simple control, bulk ordering"
5560,Bacardi Mojito Cocktail,1.75L,99,12.79,2.558,196.72852112552894,C,Quarterly,Low,"Simple control, bulk ordering"
5566,Grind Espresso Shot,750mL,276,11.44,2.288,347.31739177497377,B,Monthly,Medium,Moderate control
5587,Jose Cuervo Golden Margarita,1.75L,709,13.17,2.6340000000000003,518.818235442324,A,Weekly,High,"Tight control, frequent replenishment"
5597,DeKuyper Watermelon Pucker,750mL,456,7.63,1.526,546.644716071999,B,Monthly,Medium,Moderate control
5603,Gran Gala Liqueur,50mL,72,0.79,0.15800000000000003,675.0527405556143,C,Quarterly,Low,"Simple control, bulk ordering"
5606,Montezuma Blue Tequila Liqu,1.75L,266,7.19,1.4380000000000002,430.0920107270511,B,Monthly,Medium,Moderate control
5610,West Indies Blue Mtn Coffee,750mL,3,25.57,5.114000000000001,24.220341680384845,C,Quarterly,Low,"Simple control, bulk ordering"
5616,Emmets Irish Cream,1.75L,814,15.38,3.0760000000000005,514.4214117011898,A,Weekly,High,"Tight control, frequent replenishment"
5626,Baja Luna Black Raspberry,750mL,593,7.35,1.47,635.1388513893775,B,Monthly,Medium,Moderate control
5627,Flag Hill Sugar Maple Liquer,375mL,129,13.38,2.676,219.55928134994846,C,Quarterly,Low,"Simple control, bulk ordering"
5628,Baja Rosa Strawberry Liqueur,750mL,353,7.24,1.4480000000000002,493.74541049688787,B,Monthly,Medium,Moderate control
5629,RumChata Liqueur,3/100mL,543,7.02,1.404,621.8939915710207,B,Monthly,Medium,Moderate control
5630,Cabin Fever Maple Liqueur,750mL,448,14.17,2.834,397.5933244641229,A,Weekly,High,"Tight control, frequent replenishment"
5633,Flag Hill Cranberry Liqueur,375mL,96,11.62,2.324,203.2439162702308,C,Quarterly,Low,"Simple control, bulk ordering"
5635,VeeV Acai Spirit,750mL,1,16.53,3.3060000000000005,17.391961901349124,C,Quarterly,Low,"Simple control, bulk ordering"
5641,Flag Hill Raspberry Liqueur,375mL,71,11.1,2.22,178.83506921737128,C,Quarterly,Low,"Simple control, bulk ordering"
5643,Flag Hill Blueberry Liqueur,375mL,63,10.71,2.1420000000000003,171.49858514250883,C,Quarterly,Low,"Simple control, bulk ordering"
5645,Pallini Raspicello Liqueur,750mL,6,18.79,3.758,39.95740147886315,C,Quarterly,Low,"Simple control, bulk ordering"
5653,Kahlua Cinnamon Spice,750mL,14,14.05,2.8100000000000005,70.58474626783006,C,Quarterly,Low,"Simple control, bulk ordering"
5654,Merry Irish Cream Liqueur,750mL,3,9.52,1.904,39.694209301872235,C,Quarterly,Low,"Simple control, bulk ordering"
5655,Jose Cuervo Lite Wh Peach,1.75L,160,8.79,1.758,301.6828039857515,C,Quarterly,Low,"Simple control, bulk ordering"
5656,Cabin Fever Maple Liqueur,50mL,1653,1.16,0.23199999999999998,2669.269563007828,C,Quarterly,Low,"Simple control, bulk ordering"
5658,OR-G Liqueur,750mL,3,13.38,2.676,33.48247650912125,C,Quarterly,Low,"Simple control, bulk ordering"
5661,Dr McGillicuddy's Root Beer,750mL,1378,10.31,2.0620000000000003,817.4859143585213,A,Weekly,High,"Tight control, frequent replenishment"
5662,Skinnygirl W Peach Margarita,750mL,176,7.19,1.4380000000000002,349.8459824047273,C,Quarterly,Low,"Simple control, bulk ordering"
5667,Skinnygirl Spicy Lime RTD,750mL,155,7.4,1.4800000000000002,323.61973013048777,C,Quarterly,Low,"Simple control, bulk ordering"
5668,Dr McGillicuddy's Grape,750mL,433,9.69,1.938,472.6798203755892,B,Monthly,Medium,Moderate control
5669,Fabrizia Blood Orange,750mL,151,13.38,2.676,237.54474049517654,B,Monthly,Medium,Moderate control
5676,Kinky Liqueur,50mL,3009,1.42,0.284,3255.0069773404807,B,Monthly,Medium,Moderate control
5678,Skinnygirl Pina Colada,750mL,86,6.93,1.3860000000000001,249.09649144269784,C,Quarterly,Low,"Simple control, bulk ordering"
5680,Barenjager Honey Liqueur,50mL,632,1.46,0.292,1471.1844077626147,C,Quarterly,Low,"Simple control, bulk ordering"
5681,Josiah Bartlett Apple Brandy,750mL,43,23.8,4.760000000000001,95.04532311154584,C,Quarterly,Low,"Simple control, bulk ordering"
5683,Dr McGillicuddy's Apple Pie,50mL,128,0.39,0.07800000000000001,1281.025230440697,C,Quarterly,Low,"Simple control, bulk ordering"
5685,P & J Cold Soaked Peaches,750mL,18,13.56,2.712,81.46881698903526,C,Quarterly,Low,"Simple control, bulk ordering"
5688,P & J Cold Soaked Peaches,375mL,20,7.8,1.56,113.22770341445957,C,Quarterly,Low,"Simple control, bulk ordering"
5689,Villa Massa Limoncello,750mL,88,14.84,2.968,172.1905795545492,C,Quarterly,Low,"Simple control, bulk ordering"
5691,P & J Cold Soaked Pineapples,375mL,11,7.87,1.574,83.59763254856887,C,Quarterly,Low,"Simple control, bulk ordering"
5693,P & J Cold Soaked Berries,375mL,12,7.51,1.502,89.38315018289433,C,Quarterly,Low,"Simple control, bulk ordering"
5694,Ice Box Mudslide,1.75L,522,7.74,1.548,580.6972553108732,B,Monthly,Medium,Moderate control
5697,Metcalfe's Maple Liqueur,750mL,137,15.14,3.0280000000000005,212.70727710437458,B,Monthly,Medium,Moderate control
5698,P & J Cold Soaked Pineapples,750mL,28,14.61,2.922,97.8901310396628,C,Quarterly,Low,"Simple control, bulk ordering"
5702,Art In The Age Root Liqueur,750mL,99,21.89,4.378,150.37641213512566,B,Monthly,Medium,Moderate control
5705,Bauchant Orange Liqueur,750mL,141,15.99,3.1980000000000004,209.97632315377425,B,Monthly,Medium,Moderate control
5706,Gr Marnier Raspberry Peach,750mL,272,20.6,4.12,256.94244000501,B,Monthly,Medium,Moderate control
5707,Art in the Age Rhubarb Tea,750mL,41,21.42,4.284000000000001,97.8289060789934,C,Quarterly,Low,"Simple control, bulk ordering"
5708,Dr McGillicuddy's Root Beer,50mL,2129,0.38,0.07600000000000001,5292.745780286149,C,Quarterly,Low,"Simple control, bulk ordering"
5713,DeKuyper Sour Apple Pucker,1.75L,630,11.19,2.238,530.5669990515559,A,Weekly,High,"Tight control, frequent replenishment"
5714,Jose Cuervo Lime Margarita,200mL 4 Pk,408,7.14,1.428,534.5224838248488,B,Monthly,Medium,Moderate control
5725,DeKuyper Sour Apple Pucker,750mL,847,7.4,1.4800000000000002,756.5033359459145,A,Weekly,High,"Tight control, frequent replenishment"
5731,Malibu Passion Fruit Rum,750mL,337,9.02,1.804,432.2118639552606,B,Monthly,Medium,Moderate control
5734,Malibu Rum,1.75L,2918,15.82,3.164,960.3386465490315,A,Weekly,High,"Tight control, frequent replenishment"
5735,Malibu Rum,750mL,2877,9.29,1.8579999999999999,1244.3629622887524,A,Weekly,High,"Tight control, frequent replenishment"
5737,Blue Chair Bay CocSpc Cream,750mL,31,13.38,2.676,107.6311033557053,C,Quarterly,Low,"Simple control, bulk ordering"
5739,Malibu Rum,50mL,1990,1.53,0.30600000000000005,2550.150578663191,B,Monthly,Medium,Moderate control
5740,Sweet Revenge,750mL,163,14.05,2.8100000000000005,240.84666789831743,B,Monthly,Medium,Moderate control
5741,Merry Wh Chocolate Liqueur,750mL,225,9.77,1.954,339.3352523843451,B,Monthly,Medium,Moderate control
5742,I'm Bananas Over You,750mL,6,3.93,0.786,87.37040566610379,C,Quarterly,Low,"Simple control, bulk ordering"
5747,Malibu Pineapple Rum,750mL,360,8.88,1.7760000000000002,450.22516889074814,B,Monthly,Medium,Moderate control
5750,Malibu Rum Traveler,750mL,685,8.69,1.738,627.7986821190578,A,Weekly,High,"Tight control, frequent replenishment"
5758,1800 Ultimate Margarita RTD,1.75L,356,13.33,2.6660000000000004,365.4221987589649,B,Monthly,Medium,Moderate control
5759,Malibu Tropical Banana Rum,750mL,184,9.44,1.888,312.1820416337943,B,Monthly,Medium,Moderate control
5760,Grand Marnier Rasp-Peach,50mL,199,1.51,0.30200000000000005,811.7514381576378,C,Quarterly,Low,"Simple control, bulk ordering"
5765,Jose Cuervo Lime Margarita,1.75L,1083,10.36,2.072,722.9684624403735,A,Weekly,High,"Tight control, frequent replenishment"
5767,Jose Cuervo Strawberry Marg,1.75L,330,10.36,2.072,399.0819580818071,B,Monthly,Medium,Moderate control
5771,Art In The Age Snap,750mL,106,22.38,4.476,153.8891120336401,B,Monthly,Medium,Moderate control
5773,Kahlua Midnight,750mL,193,15.26,3.052,251.47012047975446,B,Monthly,Medium,Moderate control
5776,Malibu Black,1.75L,179,16.29,3.258,234.39642064994342,B,Monthly,Medium,Moderate control
5780,Malibu Black,750mL,220,10.44,2.088,324.5981895734009,B,Monthly,Medium,Moderate control
5789,Tomahawk Maple Cream Liqueur,750mL,11,12.58,2.516,66.1212452839587,C,Quarterly,Low,"Simple control, bulk ordering"
5805,Jose Cuervo Light Margaritas,1.75L,407,11.1,2.22,428.1744192888376,B,Monthly,Medium,Moderate control
5808,Los Amantes Reposado Mezcal,750mL,39,38.12,7.624,71.5221991675805,C,Quarterly,Low,"Simple control, bulk ordering"
5810,Cuervo Watermelon Margaritas,1.75L,304,10.6,2.12,378.6769420166672,B,Monthly,Medium,Moderate control
5815,Godiva Dark Chocolate,750mL,275,15.71,3.1420000000000003,295.84433431519955,B,Monthly,Medium,Moderate control
5817,GranGala Triple Orange,1.75L,219,22.89,4.578,218.7178173293162,B,Monthly,Medium,Moderate control
5818,Tomahawk Maple Cream Liqueur,50mL,15,0.78,0.15600000000000003,310.0868364730211,C,Quarterly,Low,"Simple control, bulk ordering"
5822,Ryans Irish Cream,375mL,167,6.24,1.2480000000000002,365.8060996813784,C,Quarterly,Low,"Simple control, bulk ordering"
5826,DeKuyper Razzmatazz,750mL,466,6.86,1.372,582.795114746679,B,Monthly,Medium,Moderate control
5828,Ryans Irish Cream,750mL,697,6.61,1.322,726.1070633684299,B,Monthly,Medium,Moderate control
5831,DiSaronno Amaretto,200mL,134,5.34,1.068,354.2148568228152,C,Quarterly,Low,"Simple control, bulk ordering"
5833,Patron Roca Silver Tequila,750mL,61,50.77,10.154000000000002,77.50796562341041,B,Monthly,Medium,Moderate control
5836,Bauers Obstler Echt,Liter,139,19.08,3.816,190.85485720807878,B,Monthly,Medium,Moderate control
5838,Agave Loco Pepper Cured Teq,750mL,36,17.85,3.5700000000000003,100.41928905068676,C,Quarterly,Low,"Simple control, bulk ordering"
5847,Godiva Chocolate Liqueur,750mL,675,17.31,3.4619999999999997,441.5586070570978,A,Weekly,High,"Tight control, frequent replenishment"
5849,GranGala Triple Orange,750mL,952,12.4,2.4800000000000004,619.5732141901677,A,Weekly,High,"Tight control, frequent replenishment"
5855,Kahlua Salted Caramel,750mL,8,14.61,2.922,52.324475985260484,C,Quarterly,Low,"Simple control, bulk ordering"
5872,Godiva Chocolate Liqueur,50mL,1448,2.32,0.46399999999999997,1766.547382657033,B,Monthly,Medium,Moderate control
5875,Malibu Light Bl Hawaiian RTD,1.75L,174,12.22,2.4440000000000004,266.82346726651383,B,Monthly,Medium,Moderate control
5877,Ryans Irish Cream,50mL,2871,0.62,0.124,4811.779900042355,B,Monthly,Medium,Moderate control
5890,Godiva Wh Chocolate Liqueur,750mL,469,16.66,3.3320000000000003,375.1750291810589,A,Weekly,High,"Tight control, frequent replenishment"
5891,Ryans Irish Cream,1.75L,1632,11.84,2.368,830.1741920760903,A,Weekly,High,"Tight control, frequent replenishment"
5897,99 Bananas,750mL,335,7.46,1.492,473.8468435045186,B,Monthly,Medium,Moderate control
5911,Faretti Biscotti Liqueur,750mL,21,19.08,3.816,74.18318309487704,C,Quarterly,Low,"Simple control, bulk ordering"
5912,Yeni Raki,750mL,14,10.89,2.1780000000000004,80.17428215347243,C,Quarterly,Low,"Simple control, bulk ordering"
5921,RumChata Liqueur,750mL,1092,14.81,2.962,607.1818654165731,A,Weekly,High,"Tight control, frequent replenishment"
5925,Pimms Blackberry & Elderflwr,750mL,47,14.05,2.8100000000000005,129.3289551789808,C,Quarterly,Low,"Simple control, bulk ordering"
5929,RumChata Liqueur,1.75L,69,34.88,6.976000000000001,99.45378346685237,B,Monthly,Medium,Moderate control
5952,Jagermeister Liqueur,50mL,4446,1.42,0.284,3956.6310893820755,A,Weekly,High,"Tight control, frequent replenishment"
5953,Barrow's Intense Ginger,375mL,24,15.87,3.174,86.95652173913044,C,Quarterly,Low,"Simple control, bulk ordering"
5954,Fireball Cinnamon Whisky,200mL,96,2.96,0.592,402.6936331284146,C,Quarterly,Low,"Simple control, bulk ordering"
5959,Lucano Amaro,750mL,49,11.9,2.3800000000000003,143.48601079588784,C,Quarterly,Low,"Simple control, bulk ordering"
5962,Vermont Ice Maple Creme,750mL,147,17.26,3.4520000000000004,206.35893309955932,B,Monthly,Medium,Moderate control
5977,Absinthe Ordinaire,750mL,186,16.42,3.2840000000000007,237.9879115447104,B,Monthly,Medium,Moderate control
5983,Flag Hill Spiced Rum,750mL,57,21.42,4.284000000000001,115.34869799374216,C,Quarterly,Low,"Simple control, bulk ordering"
5990,H by Hine Cognac,750mL,43,39.36,7.872,73.90803998201913,C,Quarterly,Low,"Simple control, bulk ordering"
6015,Jackson Morgan Salted Carmel,750mL,139,16.42,3.2840000000000007,205.73388437854854,B,Monthly,Medium,Moderate control
6021,Jackson Morgan Pepmint Mocha,750mL,58,16.54,3.308,132.41318937582142,C,Quarterly,Low,"Simple control, bulk ordering"
6040,Triibe Celtic,750mL,5,8.39,1.6780000000000002,54.58697448178539,C,Quarterly,Low,"Simple control, bulk ordering"
6042,Maurice's Mentholated Mint,750mL,74,7.51,1.502,221.96315717361,C,Quarterly,Low,"Simple control, bulk ordering"
6063,Avion Espresso,750mL,1,20.3,4.0600000000000005,15.69412051435861,C,Quarterly,Low,"Simple control, bulk ordering"
6066,Sauza Sparkling Margarita,750mL,2,5.38,1.076,43.11306135592268,C,Quarterly,Low,"Simple control, bulk ordering"
6081,Kinky Blue Liqueur,50mL,2153,1.46,0.292,2715.3798392182402,B,Monthly,Medium,Moderate control
6090,8000 Generations Shochu,750mL,2,22.72,4.544,20.979533957417228,C,Quarterly,Low,"Simple control, bulk ordering"
6096,Kinky Blue Liqueur,750mL,358,12.77,2.5540000000000003,374.3958850980962,B,Monthly,Medium,Moderate control
6102,Midnight Moon Peach,750mL,91,14.38,2.8760000000000003,177.87964551710428,C,Quarterly,Low,"Simple control, bulk ordering"
6105,Midnight Moon,750mL,204,14.84,2.968,262.17008532403923,B,Monthly,Medium,Moderate control
6115,Midnight Moon Raspberry,750mL,72,14.07,2.814,159.95735039241836,C,Quarterly,Low,"Simple control, bulk ordering"
6116,Sogno di Sorrento Lemoncell,750mL,67,18.65,3.73,134.02412651435435,C,Quarterly,Low,"Simple control, bulk ordering"
6126,Sogno di Sorrento Crema Lem,750mL,159,18.11,3.622,209.51944700854222,B,Monthly,Medium,Moderate control
6127,The Club Strawbry Margarita,200mL,6,1.47,0.294,142.85714285714286,C,Quarterly,Low,"Simple control, bulk ordering"
6129,The Club Mudslide,200mL,11,1.45,0.29,194.75891374404054,C,Quarterly,Low,"Simple control, bulk ordering"
6136,Casoni Limoncello di Sorento,750mL,3,17.16,3.4320000000000004,29.56561979945413,C,Quarterly,Low,"Simple control, bulk ordering"
6140,R M Woodbridge Wh Znfdl Cal,750mL,18,3.44,0.6880000000000001,161.7491598051576,C,Quarterly,Low,"Simple control, bulk ordering"
6145,Marcus James Cab Svgn Mendza,1.5L,136,5.19,1.038,361.96849946509104,C,Quarterly,Low,"Simple control, bulk ordering"
6150,Midnight Moon Blackberry,750mL,180,13.56,2.712,257.62701996477233,B,Monthly,Medium,Moderate control
6156,Cinnabon Cinnamon Liqueur,750mL,21,16.79,3.358,79.08048086501228,C,Quarterly,Low,"Simple control, bulk ordering"
6157,Kinky Blue Liqueur,375mL,398,6.01,1.202,575.4257629375368,B,Monthly,Medium,Moderate control
6159,Lepanto Solera Gran Reserva,750mL,3,31.81,6.362,21.71519806721543,C,Quarterly,Low,"Simple control, bulk ordering"
6162,Jadot Pouilly Fuisse,750mL,528,14.19,2.838,431.3310928137536,A,Weekly,High,"Tight control, frequent replenishment"
6168,Kinky Pink Liqueur,375mL,431,5.92,1.184,603.3409237489782,B,Monthly,Medium,Moderate control
6173,Gallo Fairbanks Red Port,1.5L,433,5.51,1.102,626.8348746461027,B,Monthly,Medium,Moderate control
6174,Columbia Crest Grand Merlot,750mL,1559,5.8,1.16,1159.2952674971891,A,Weekly,High,"Tight control, frequent replenishment"
6183,Clos du Bois Svgn Bl N Cst,750mL,258,5.99,1.1980000000000002,464.06780921820854,B,Monthly,Medium,Moderate control
6186,Rene Junot White,1.5L,77,7.84,1.568,221.60131510697957,C,Quarterly,Low,"Simple control, bulk ordering"
6193,Midnight Moon Moonshine,750mL,159,13.23,2.6460000000000004,245.13405097588094,B,Monthly,Medium,Moderate control
6195,Korbel Brut,1.5L,63,19.04,3.808,128.62393885688164,C,Quarterly,Low,"Simple control, bulk ordering"
6206,Midnight Moon Apple Pie,375mL,306,8.02,1.604,436.7757632145708,B,Monthly,Medium,Moderate control
6213,Taylor Red Port,1.5L,1182,5.51,1.102,1035.6617600871025,A,Weekly,High,"Tight control, frequent replenishment"
6214,Taylor Red Port,3L,162,9.08,1.816,298.67549021998735,C,Quarterly,Low,"Simple control, bulk ordering"
6216,Taylor Tawny Port,1.5L,598,5.4,1.08,744.1126955668097,B,Monthly,Medium,Moderate control
6224,La Belle Orange Liqueur,750mL,203,12.22,2.4440000000000004,288.20228393406563,B,Monthly,Medium,Moderate control
6225,St Germain Liqueur,50mL,393,2.98,0.596,812.0320025432263,C,Quarterly,Low,"Simple control, bulk ordering"
6226,Marcus James Chard,1.5L,421,5.15,1.03,639.326101514454,B,Monthly,Medium,Moderate control
6227,Bastille 1789 French Whiskey,750mL,70,18.39,3.6780000000000004,137.95681445153804,C,Quarterly,Low,"Simple control, bulk ordering"
6231,Mumm Brut Prestige,750mL,522,10.27,2.054,504.12128183255135,A,Weekly,High,"Tight control, frequent replenishment"
6234,C Y Toro Front Cab/Merlot,1.5L,1582,4.54,0.908,1319.9586163583608,A,Weekly,High,"Tight control, frequent replenishment"
6236,Duboeuf Beaujolais,750mL,168,6.49,1.298,359.76366150815807,C,Quarterly,Low,"Simple control, bulk ordering"
6240,Riunite Raspberry,1.5L,91,5.36,1.072,291.3555554670144,C,Quarterly,Low,"Simple control, bulk ordering"
6241,Sutter Home Chard,750mL,140,4.05,0.81,415.73970964154904,C,Quarterly,Low,"Simple control, bulk ordering"
6245,Blossom Hill Chard,1.5L,63,7.58,1.516,203.85467429566086,C,Quarterly,Low,"Simple control, bulk ordering"
6249,Rodney Strong Chard,750mL,1543,7.84,1.568,991.9960294522249,A,Weekly,High,"Tight control, frequent replenishment"
6254,Tsilili Tsipouro,750mL,24,16.41,3.282,85.51382496180256,C,Quarterly,Low,"Simple control, bulk ordering"
6256,Sutter Home Chard,1.5L,2685,5.2,1.04,1606.7765150234084,A,Weekly,High,"Tight control, frequent replenishment"
6257,Carlo Rossi Blush Calif,4L,44,9.86,1.972,149.37326810762403,C,Quarterly,Low,"Simple control, bulk ordering"
6258,Livingston Chablis Blush Ca,3L,12,8.1,1.62,86.06629658238704,C,Quarterly,Low,"Simple control, bulk ordering"
6264,Cooks Extra Dry,750mL,1886,4.79,0.9580000000000001,1403.0982716533053,A,Weekly,High,"Tight control, frequent replenishment"
6265,Gallo Fairbanks Sherry,750mL,9,3.39,0.678,115.21430589638528,C,Quarterly,Low,"Simple control, bulk ordering"
6266,Gallo Fairbanks Sherry,1.5L,276,5.06,1.012,522.2329678670935,C,Quarterly,Low,"Simple control, bulk ordering"
6267,Kinky Gold Liqueur,750mL,176,12.3,2.4600000000000004,267.4784392192284,B,Monthly,Medium,Moderate control
6269,Sutter Home Cab Svgn,1.5L,1766,5.37,1.074,1282.3105310148485,A,Weekly,High,"Tight control, frequent replenishment"
6270,Shady Fruit Valencia Orange,50mL,1697,0.77,0.15400000000000003,3319.5602900806784,C,Quarterly,Low,"Simple control, bulk ordering"
6273,Vendange Wh Znfdl,1.5L,477,4.66,0.932,715.4037846610096,B,Monthly,Medium,Moderate control
6278,Sterling Svgn Bl,750mL,291,7.55,1.51,438.9934302333914,B,Monthly,Medium,Moderate control
6280,Penfolds Koonunga Hill Chard,750mL,60,6.89,1.3780000000000001,208.66567589347625,C,Quarterly,Low,"Simple control, bulk ordering"
6281,Franzia Sunset Blush Tap,5L,1426,8.96,1.7920000000000003,892.0532094956154,A,Weekly,High,"Tight control, frequent replenishment"
6285,Gallo Twin Valley Wh Znfdl C,1.5L,586,6.62,1.324,665.2805327913768,B,Monthly,Medium,Moderate control
6288,Almaden Chablis B/B,5L,450,10.06,2.012,472.92499583957374,B,Monthly,Medium,Moderate control
6293,Fetzer Gewurz,750mL,552,5.91,1.1820000000000002,683.3776965501083,B,Monthly,Medium,Moderate control
6296,Taylor Sherry,1.5L,257,5.34,1.068,490.5473515572683,C,Quarterly,Low,"Simple control, bulk ordering"
6312,Gallo Twin Valley Svgn Bl Ca,1.5L,452,6.75,1.35,578.631847390735,B,Monthly,Medium,Moderate control
6314,Livingston Burgundy Calif,3L,166,7.74,1.548,327.467772641619,C,Quarterly,Low,"Simple control, bulk ordering"
6319,Santa Cristina Toscana,750mL,497,6.72,1.344,608.1049799719343,B,Monthly,Medium,Moderate control
6322,Rene Junot Red,1.5L,200,8.16,1.6320000000000001,350.0700210070024,C,Quarterly,Low,"Simple control, bulk ordering"
6329,R M Woodbridge Wh Znfdl Cal,1.5L,288,6.2,1.2400000000000002,481.9315973414993,B,Monthly,Medium,Moderate control
6343,Vendange Merlot,750mL,17,3.44,0.6880000000000001,157.1919283092532,C,Quarterly,Low,"Simple control, bulk ordering"
6344,Walnut Crest Chard Central,1.5L,70,6.62,1.324,229.93497044695286,C,Quarterly,Low,"Simple control, bulk ordering"
6349,Glen Ellen Chard RSV,1.5L,4854,4.63,0.926,2289.5197417686013,A,Weekly,High,"Tight control, frequent replenishment"
6351,Kendall Jackson Vntr RSV Cab,750mL,498,11.18,2.236,471.9312887738982,A,Weekly,High,"Tight control, frequent replenishment"
6356,Taylor Cream Sherry,1.5L,526,5.16,1.032,713.925712158219,B,Monthly,Medium,Moderate control
6357,Taylor Golden Sherry,3L,87,9.2,1.8399999999999999,217.44564538213262,C,Quarterly,Low,"Simple control, bulk ordering"
6358,Dom Ste Michelle Brut Cuvee,750mL,103,8.55,1.7100000000000002,245.425993180541,C,Quarterly,Low,"Simple control, bulk ordering"
6360,Taylor Nys Cream Sherry,3L,207,9.26,1.852,334.32178857402454,B,Monthly,Medium,Moderate control
6361,Totts Extra Dry,750mL,170,5.4,1.08,396.74602380793607,C,Quarterly,Low,"Simple control, bulk ordering"
6362,Totts Brut Calif,750mL,202,5.29,1.058,436.9511139617778,C,Quarterly,Low,"Simple control, bulk ordering"
6365,Fetzer Svgn Bl Cal,750mL,12,7.43,1.486,89.8630631635187,C,Quarterly,Low,"Simple control, bulk ordering"
6366,Duboeuf Pouilly Fuisse,750mL,22,13.42,2.684,90.53574604251853,C,Quarterly,Low,"Simple control, bulk ordering"
6368,Santa Rita 120 Merlot,750mL,406,4.13,0.8260000000000001,701.0887416930995,C,Quarterly,Low,"Simple control, bulk ordering"
6375,Christian Bros Dry Sherry,750mL,163,3.76,0.752,465.5698864283816,C,Quarterly,Low,"Simple control, bulk ordering"
6378,Walnut Crest Merlot Rapel,1.5L,132,6.62,1.324,315.7497192340392,C,Quarterly,Low,"Simple control, bulk ordering"
6383,Gallo Twin Vly Cab Svgn Cal,750mL,31,3.33,0.666,215.7464867536585,C,Quarterly,Low,"Simple control, bulk ordering"
6385,Fetzer Sundial Chard,1.5L,718,6.88,1.3760000000000001,722.3588620494631,A,Weekly,High,"Tight control, frequent replenishment"
6389,Carlo Rossi Blush Calif,1.5L,1,4.72,0.944,32.547227745205966,C,Quarterly,Low,"Simple control, bulk ordering"
6394,Taylor Dry Sherry,3L,23,9.14,1.8280000000000003,112.16976817654118,C,Quarterly,Low,"Simple control, bulk ordering"
6395,Taylor Dry Sherry,750mL,6,3.28,0.656,95.63650695950074,C,Quarterly,Low,"Simple control, bulk ordering"
6396,Taylor Dry Sherry,1.5L,753,5.12,1.024,857.5264208757652,B,Monthly,Medium,Moderate control
6398,BV Coastal Estate Cab Svgn,750mL,239,5.91,1.1820000000000002,449.6661668288204,B,Monthly,Medium,Moderate control
6402,Avion Silver Tequila,750mL,134,29.62,5.924,150.39897423759845,B,Monthly,Medium,Moderate control
6411,Avion Reposado Tequila,750mL,6,34.07,6.814,29.673895338713756,C,Quarterly,Low,"Simple control, bulk ordering"
6416,La Fee NV Absinthe,750mL,15,14.7,2.94,71.42857142857143,C,Quarterly,Low,"Simple control, bulk ordering"
6420,R M Woodbridge Chard Cal,750mL,1141,3.18,0.6360000000000001,1339.4122431994954,A,Weekly,High,"Tight control, frequent replenishment"
6426,Schmitt Sohne Liebfraumilch,1.5L,30,9.08,1.816,128.52946661581637,C,Quarterly,Low,"Simple control, bulk ordering"
6429,C Y Toro Frontera Svgn Bl,1.5L,522,5.8,1.16,670.820393249937,B,Monthly,Medium,Moderate control
6431,Boones Sangria,750mL,12,2.06,0.41200000000000003,170.66403719657228,C,Quarterly,Low,"Simple control, bulk ordering"
6432,Shady Fruit Real Ruby Red Gr,50mL,1864,0.64,0.128,3816.084380618437,C,Quarterly,Low,"Simple control, bulk ordering"
6433,Avion Anejo Tequila,750mL,66,39.05,7.81,91.92771195538434,B,Monthly,Medium,Moderate control
6438,Beringer Classic Chenin Blan,750mL,304,3.22,0.6440000000000001,687.0587234298054,C,Quarterly,Low,"Simple control, bulk ordering"
6446,Franzia Tap Wh Grenache Cal,5L,35,9.8,1.9600000000000002,133.6306209562122,C,Quarterly,Low,"Simple control, bulk ordering"
6448,Dubonnet Rouge,750mL,417,6.03,1.2060000000000002,588.0230814165435,B,Monthly,Medium,Moderate control
6451,Columbia Crest G E Cab Svgn,750mL,2880,6.03,1.2060000000000002,1545.3348185725115,A,Weekly,High,"Tight control, frequent replenishment"
6455,Folonari Pinot Grigio Venez,1.5L,783,6.09,1.218,801.7837257372731,A,Weekly,High,"Tight control, frequent replenishment"
6456,Sutter Home Clsc Svgn Bl,187mL 4 Pk,14,4.02,0.8039999999999999,131.95808169029695,C,Quarterly,Low,"Simple control, bulk ordering"
6457,Fetzer Valley Oaks Cab Svgn,750mL,1,7.09,1.4180000000000001,26.555952586407233,C,Quarterly,Low,"Simple control, bulk ordering"
6459,Freixenet Cordon Negro Extr,750mL,754,7.53,1.5060000000000002,707.5761518198376,A,Weekly,High,"Tight control, frequent replenishment"
6460,Columbia Crest Two Vns Chard,750mL,192,4.76,0.952,449.08871313907184,C,Quarterly,Low,"Simple control, bulk ordering"
6461,Blood Orange Liqueur,750mL,119,11.41,2.282,228.35770025073313,C,Quarterly,Low,"Simple control, bulk ordering"
6472,Richards Wild Irish Rose Red,750mL,97,2.71,0.542,423.0446662799292,C,Quarterly,Low,"Simple control, bulk ordering"
6477,Avion Tequila 3/50ml Sampler,50mL 3 Pk,32,7.8,1.56,143.22297480788657,C,Quarterly,Low,"Simple control, bulk ordering"
6478,C Y Toro Frontera Merlot,1.5L,454,4.72,0.944,693.4927565518118,B,Monthly,Medium,Moderate control
6479,Clos du Bois Chard,750mL,4223,5.95,1.1900000000000002,1883.8098353598004,A,Weekly,High,"Tight control, frequent replenishment"
6481,Korbel Natural,750mL,93,10.13,2.0260000000000002,214.25045542668735,C,Quarterly,Low,"Simple control, bulk ordering"
6483,Fetzer Wh Znfdl Cal,750mL,28,5.88,1.176,154.30334996209191,C,Quarterly,Low,"Simple control, bulk ordering"
6495,Exotico Blanco Tequila,750mL,124,11.02,2.204,237.19473647765494,C,Quarterly,Low,"Simple control, bulk ordering"
6498,Franzia Chablis Old World C,5L,1079,9.73,1.9460000000000002,744.6278997908742,A,Weekly,High,"Tight control, frequent replenishment"
6499,Kinky Liqueur,750mL,471,12.68,2.536,430.958875126703,A,Weekly,High,"Tight control, frequent replenishment"
6505,Lucano Limencello,750mL,76,7.96,1.592,218.49186132974538,C,Quarterly,Low,"Simple control, bulk ordering"
6520,LeCompte Calvados 5 Yr Old,750mL,6,39.99,7.998000000000001,27.389551783238833,C,Quarterly,Low,"Simple control, bulk ordering"
6523,Franzia Burgundy Tap Red,5L,648,10.06,2.012,567.5099950074884,A,Weekly,High,"Tight control, frequent replenishment"
6524,Rosemount Diamond Shiraz,750mL,822,4.57,0.9140000000000001,948.33725269957,A,Weekly,High,"Tight control, frequent replenishment"
6525,Du Peyrat Organic Cognac,750mL,13,29.4,5.88,47.020042043170236,C,Quarterly,Low,"Simple control, bulk ordering"
6526,Peter Lehmann Shiraz,750mL,1503,5.29,1.058,1191.8913184237215,A,Weekly,High,"Tight control, frequent replenishment"
6529,W Hill Cab Svgn Napa,750mL,160,23.17,4.634,185.81551638282144,B,Monthly,Medium,Moderate control
6530,Meridian Santa Barbara Chard,750mL,167,5.33,1.066,395.8035027105921,C,Quarterly,Low,"Simple control, bulk ordering"
6532,LeCompte Calvados 12 Yr Old,750mL,5,51.09,10.218000000000002,22.120862334033287,C,Quarterly,Low,"Simple control, bulk ordering"
6535,Sandeman Tawny Port,750mL,294,7.14,1.428,453.74260648651506,B,Monthly,Medium,Moderate control
6542,Melini Borghi D'Elsa Chiant,750mL,1945,3.71,0.742,1619.0410126179893,A,Weekly,High,"Tight control, frequent replenishment"
6545,LeCompte Calvados 18 Yr Old,750mL,1,94.88,18.976,7.259348801738012,C,Quarterly,Low,"Simple control, bulk ordering"
6547,Walnut Crest Cab Svgn Rapel,1.5L,78,6.8,1.36,239.4847410096739,C,Quarterly,Low,"Simple control, bulk ordering"
6552,Harveys Bristol Cream Sherry,1.5L,293,13.99,2.798,323.6010745782399,B,Monthly,Medium,Moderate control
6553,Harveys Bristol Cream Sherry,750mL,429,7.74,1.548,526.4330754670876,B,Monthly,Medium,Moderate control
6563,Black Opal Cashmore Chard,750mL,107,4.54,0.908,343.28036601534603,C,Quarterly,Low,"Simple control, bulk ordering"
6565,Clos du Bois Cab Svgn N Cst,750mL,2788,5.99,1.1980000000000002,1525.5202456976403,A,Weekly,High,"Tight control, frequent replenishment"
6566,Geyser Peak Chard,750mL,248,5.84,1.168,460.79145730285376,C,Quarterly,Low,"Simple control, bulk ordering"
6567,Clos du Bois Merlot N Cst,750mL,459,6.12,1.2240000000000002,612.3724356957945,B,Monthly,Medium,Moderate control
6568,Gallo Twin Valley Wh Znfdl C,750mL,34,3.22,0.6440000000000001,229.77169333035914,C,Quarterly,Low,"Simple control, bulk ordering"
6569,W Hill Chard Napa,750mL,401,12.98,2.596,393.024697624703,A,Weekly,High,"Tight control, frequent replenishment"
6570,Kendall Jackson Chard Vt RSV,750mL,8274,6.77,1.354,2471.999770546805,A,Weekly,High,"Tight control, frequent replenishment"
6572,Ch Greysac,750mL,308,11.76,2.352,361.87343222787297,B,Monthly,Medium,Moderate control
6574,Franzia Tap Wh Znfdl Cal,5L,1517,9.99,1.9980000000000002,871.3548411865623,A,Weekly,High,"Tight control, frequent replenishment"
6575,Kendall Jackson RSV Svgn Bl,750mL,908,5.84,1.168,881.7013441488975,A,Weekly,High,"Tight control, frequent replenishment"
6579,J Lohr Riverstone Chard,750mL,7919,5.8,1.16,2612.800057013746,A,Weekly,High,"Tight control, frequent replenishment"
6581,Ch Ste Michelle Merlot Colum,750mL,352,7.86,1.572,473.2003540400337,B,Monthly,Medium,Moderate control
6584,Schmitt Sohne Spatlese Psprt,750mL,148,8.1,1.62,302.254900194121,C,Quarterly,Low,"Simple control, bulk ordering"
6585,Kijafa Cherry,750mL,151,5.15,1.03,382.8863300609893,C,Quarterly,Low,"Simple control, bulk ordering"
6586,Citra Montepulciano,1.5L,530,6.7,1.34,628.9057068112052,B,Monthly,Medium,Moderate control
6590,Almaden B/B Wh Znfdl Cal,5L,398,9.8,1.9600000000000002,450.6231513025001,B,Monthly,Medium,Moderate control
6592,Almaden Chard Cal,1.5L,16,6.03,1.2060000000000002,115.18245674418134,C,Quarterly,Low,"Simple control, bulk ordering"
6593,Souverain Chard N Cst,750mL,253,7.84,1.568,401.6864956857855,B,Monthly,Medium,Moderate control
6595,Bogle Merlot,750mL,1819,4.48,0.8960000000000001,1424.827683817039,A,Weekly,High,"Tight control, frequent replenishment"
6596,Kenwood Svgn Bl Sonoma,750mL,224,5.97,1.194,433.13357075762775,B,Monthly,Medium,Moderate control
6599,Estancia Cab Svgn Paso Roble,750mL,1095,5.78,1.1560000000000001,973.258359280841,A,Weekly,High,"Tight control, frequent replenishment"
6608,Patron Roca Anejo Tequila,750mL,48,62.96,12.592,61.74094339647442,B,Monthly,Medium,Moderate control
6624,Poli Sarpa Grappa,750mL,29,33.11,6.622,66.17659396375666,C,Quarterly,Low,"Simple control, bulk ordering"
6635,Gallo Twin Valley Hearty Bur,1.5L,93,6.66,1.332,264.23440317229665,C,Quarterly,Low,"Simple control, bulk ordering"
6638,M & R Asti,1.5L,89,16.23,3.2460000000000004,165.58490589351996,C,Quarterly,Low,"Simple control, bulk ordering"
6647,Estancia Chard,750mL,1258,4.99,0.9980000000000001,1122.7292826341388,A,Weekly,High,"Tight control, frequent replenishment"
6648,Marcus James Merlot Mendoza,1.5L,155,5.15,1.03,387.9245247380009,C,Quarterly,Low,"Simple control, bulk ordering"
6649,Wente Morning Fog Chard,750mL,615,7.87,1.574,625.0794104570895,A,Weekly,High,"Tight control, frequent replenishment"
6650,Simi Chard,750mL,8458,7.38,1.476,2393.8154280401477,A,Weekly,High,"Tight control, frequent replenishment"
6651,Rocca Delle Macie Chianti C,750mL,535,7.79,1.558,585.993993318525,B,Monthly,Medium,Moderate control
6654,Veuve Clicquot Brut Yellow,750mL,1177,27.2,5.44,465.1454547962895,A,Weekly,High,"Tight control, frequent replenishment"
6655,Carlo Rossi Paisano Calif,1.5L,414,4.79,0.9580000000000001,657.3814061504941,B,Monthly,Medium,Moderate control
6658,Ch de la Chaize Brouilly,750mL,131,11.03,2.206,243.6872986979232,C,Quarterly,Low,"Simple control, bulk ordering"
6659,Rosemount Diamond Chard,750mL,162,5.95,1.1900000000000002,368.9640277608545,C,Quarterly,Low,"Simple control, bulk ordering"
6660,Carlo Rossi Paisano Calif,4L,611,10.27,2.054,545.4065955141905,A,Weekly,High,"Tight control, frequent replenishment"
6670,Pinnacle Pineapple Vodka,750mL,291,7.24,1.4480000000000002,448.29326431336136,B,Monthly,Medium,Moderate control
6681,Cakebread Svgn Bl,750mL,269,15.89,3.1780000000000004,290.9371589525965,B,Monthly,Medium,Moderate control
6682,R M Woodbridge Chard Cal,1.5L,4431,6.03,1.2060000000000002,1916.8018554962405,A,Weekly,High,"Tight control, frequent replenishment"
6687,Hedges Red Columbia Vly,750mL,106,10.06,2.012,229.52972927330856,C,Quarterly,Low,"Simple control, bulk ordering"
6688,Ch St Jean Chard California,750mL,1189,5.81,1.162,1011.5511852319852,A,Weekly,High,"Tight control, frequent replenishment"
6692,Jaboulet Cotes du Rhone Par,750mL,1763,6.68,1.336,1148.7431298785268,A,Weekly,High,"Tight control, frequent replenishment"
6694,Lindemans Bin 65 Chard,750mL,511,5.19,1.038,701.6358534921,B,Monthly,Medium,Moderate control
6698,Clos du Bois Marlstone,750mL,28,29.33,5.866,69.08885358534668,C,Quarterly,Low,"Simple control, bulk ordering"
6721,Piccini Chianti,1.5L,135,10.95,2.19,248.28176658071038,C,Quarterly,Low,"Simple control, bulk ordering"
6724,Black Opal Cashmore Cab Svgn,750mL,91,4.63,0.926,313.48387235859786,C,Quarterly,Low,"Simple control, bulk ordering"
6725,Franzia Crisp White Tap,5L,1623,8.44,1.688,980.5574389066969,A,Weekly,High,"Tight control, frequent replenishment"
6727,Antinori Toscana Rd,750mL,346,10.36,2.072,408.6421625192596,B,Monthly,Medium,Moderate control
6734,Gallo Twin Valley Cab Svgn C,1.5L,189,6.49,1.298,381.58698701538043,C,Quarterly,Low,"Simple control, bulk ordering"
6735,Gallo Twin Valley Chard Cal,1.5L,370,6.53,1.306,532.2666719861367,B,Monthly,Medium,Moderate control
6742,Rodney Strong Chalk Hill Cha,750mL,214,12.49,2.498,292.6918769420537,B,Monthly,Medium,Moderate control
6743,Antinori Orvieto Clsc Campo,750mL,21,6.53,1.306,126.80549067585221,C,Quarterly,Low,"Simple control, bulk ordering"
6748,Turning Leaf RSV Chard Cal,750mL,459,3.89,0.778,768.0978408113942,B,Monthly,Medium,Moderate control
6754,Livingston Chablis Cal,1.5L,36,4.72,0.944,195.2833664712358,C,Quarterly,Low,"Simple control, bulk ordering"
6755,Peter Vella Chablis B/B,5L,209,10.34,2.068,317.9053786698709,B,Monthly,Medium,Moderate control
6762,Paul Masson Chablis,1.5L,54,4.51,0.902,244.67726152216656,C,Quarterly,Low,"Simple control, bulk ordering"
6764,El Jimador Silver Tequila,Liter,28,13.73,2.7460000000000004,100.9784614274279,C,Quarterly,Low,"Simple control, bulk ordering"
6768,Sutter Home Merlot Cal,750mL,61,3.86,0.772,281.0970366998748,C,Quarterly,Low,"Simple control, bulk ordering"
6774,Sorel Artisan Liqueur,750mL,3,19.99,3.9979999999999998,27.392976975746848,C,Quarterly,Low,"Simple control, bulk ordering"
6782,Peter Vella Delicious Blush,5L,158,9.65,1.9300000000000002,286.1211019377866,C,Quarterly,Low,"Simple control, bulk ordering"
6783,Hawk Crest Cab Svgn,750mL,68,8.38,1.6760000000000002,201.42689086308337,C,Quarterly,Low,"Simple control, bulk ordering"
6784,Hawk Crest Chard,750mL,2,7.53,1.5060000000000002,36.44202585395018,C,Quarterly,Low,"Simple control, bulk ordering"
6798,Livingston Chablis Blush Ca,1.5L,6,4.63,0.926,80.49522744528822,C,Quarterly,Low,"Simple control, bulk ordering"
6824,Kendall Jackson Pnt Nr Vtnr,750mL,628,10.27,2.054,552.9420295323634,A,Weekly,High,"Tight control, frequent replenishment"
6828,Santa Rita RSV Cab Svgn,750mL,559,6.62,1.324,649.7733743902294,B,Monthly,Medium,Moderate control
6854,Carlo Rossi Burgundy Calif,4L,638,9.86,1.972,568.7964589945211,A,Weekly,High,"Tight control, frequent replenishment"
6855,Midnight Moon Apple Pie,750mL,767,15.19,3.0380000000000003,502.46266470978196,A,Weekly,High,"Tight control, frequent replenishment"
6857,Sutter Home Wh Znfdl,1.5L,2570,5.37,1.074,1546.9077703298572,A,Weekly,High,"Tight control, frequent replenishment"
6859,C Y Toro Frontera Chard,1.5L,531,4.69,0.9380000000000002,752.3948969945596,B,Monthly,Medium,Moderate control
6861,Sutter Home Clsc Wh Znfdl,187mL 4 Pk,812,4.13,0.8260000000000001,991.4892069294689,B,Monthly,Medium,Moderate control
6862,Vecchia Romagna Nera Brandy,750mL,21,20.73,4.146,71.16967760310739,C,Quarterly,Low,"Simple control, bulk ordering"
6864,St Francis Chard,750mL,646,5.51,1.102,765.6414934887764,B,Monthly,Medium,Moderate control
6867,Rodney Strong Pnt Nr,750mL,722,12.74,2.548,532.3152239464995,A,Weekly,High,"Tight control, frequent replenishment"
6869,Benziger Chard,750mL,1407,6.8,1.36,1017.1326479517859,A,Weekly,High,"Tight control, frequent replenishment"
6872,Marquis de Chasse Red Gines,750mL,2,6.62,1.324,38.86610371682359,C,Quarterly,Low,"Simple control, bulk ordering"
6873,Guigal Cotes du Rhone Red,750mL,572,9.2,1.8399999999999999,557.5567820566721,A,Weekly,High,"Tight control, frequent replenishment"
6876,Sutter Home Clsc Chard,187mL 4 Pk,1514,3.97,0.794,1380.8696562516952,A,Weekly,High,"Tight control, frequent replenishment"
6877,Original Wondermint Schnapps,750mL,9,13.56,2.712,57.60715294819264,C,Quarterly,Low,"Simple control, bulk ordering"
6879,Maurice's Mentholated Mint,50mL,1972,0.74,0.148,3650.249898886969,C,Quarterly,Low,"Simple control, bulk ordering"
6881,Midnight Moon Cranberry,750mL,77,13.86,2.7720000000000002,166.66666666666666,C,Quarterly,Low,"Simple control, bulk ordering"
6891,Gallo Twin Vly Chard Cal,750mL,36,3.42,0.684,229.41573387056175,C,Quarterly,Low,"Simple control, bulk ordering"
6892,Vendange Cab Svgn,750mL,38,3.39,0.678,236.74289353667618,C,Quarterly,Low,"Simple control, bulk ordering"
6896,Sterling Merlot,750mL,274,10.1,2.02,368.2982003165854,B,Monthly,Medium,Moderate control
6916,St Germain Liqueur,200mL,6,11.1,2.22,51.98752449100363,C,Quarterly,Low,"Simple control, bulk ordering"
6918,Franzia Tap Cab Svgn,5L,1312,10.95,2.19,774.0069495753042,A,Weekly,High,"Tight control, frequent replenishment"
6919,Paul Masson Rose,1.5L,18,4.69,0.9380000000000002,138.52712896188302,C,Quarterly,Low,"Simple control, bulk ordering"
6929,Marie Brizard Orange Curacao,750mL,58,13.33,2.6660000000000004,147.49725034628588,C,Quarterly,Low,"Simple control, bulk ordering"
6932,Santa Rita 120 Chard,750mL,304,3.99,0.798,617.2133998483677,C,Quarterly,Low,"Simple control, bulk ordering"
6933,Ch Ste Michelle Svgn Bl,750mL,509,5.26,1.052,695.5863024690103,B,Monthly,Medium,Moderate control
6935,Fetzer Eagle Peak Merlot Cal,750mL,4,7.23,1.4460000000000002,52.595168303821694,C,Quarterly,Low,"Simple control, bulk ordering"
6937,Cavit Pinot Grigio,1.5L,3296,6.75,1.35,1562.5240738886173,A,Weekly,High,"Tight control, frequent replenishment"
6938,Vendange Chard,1.5L,1171,4.69,0.9380000000000002,1117.318599540196,A,Weekly,High,"Tight control, frequent replenishment"
6941,Bolla Pinot Grigio,750mL,3,6.2,1.2400000000000002,49.186937683796465,C,Quarterly,Low,"Simple control, bulk ordering"
6942,Southern Comfort Cherry,750mL,113,7.46,1.492,275.2040432398289,C,Quarterly,Low,"Simple control, bulk ordering"
6946,Rosemount Diamond Cab Svgn,750mL,327,4.79,0.9580000000000001,584.2397768983465,B,Monthly,Medium,Moderate control
6950,Solerno Blood Orange Liqueur,750mL,147,23.52,4.704,176.7766952966369,B,Monthly,Medium,Moderate control
6952,Marie Brizard Cassis d Dijon,750mL,7,12.85,2.5700000000000003,52.1894185497435,C,Quarterly,Low,"Simple control, bulk ordering"
6957,Torna Sorrento Limoncello,750mL,7,10.76,2.152,57.033219303220285,C,Quarterly,Low,"Simple control, bulk ordering"
6958,Vendange Svgn Bl,1.5L,510,5.33,1.066,691.6820187119084,B,Monthly,Medium,Moderate control
6960,Cooks Brut,750mL,1271,4.6,0.9199999999999999,1175.3815291769881,A,Weekly,High,"Tight control, frequent replenishment"
6967,Santa Margherita Pnt Grigio,750mL,2644,11.89,2.378,1054.4471085805794,A,Weekly,High,"Tight control, frequent replenishment"
6968,Peter Vella Burgundy B/B,5L,1,9.73,1.9460000000000002,22.6688026722639,C,Quarterly,Low,"Simple control, bulk ordering"
6974,Benziger Cab Svgn Sonoma,750mL,1078,9.08,1.816,770.4624162162371,A,Weekly,High,"Tight control, frequent replenishment"
6975,Jacobs Crk Chard,750mL,228,4.79,0.9580000000000001,487.84815735498637,C,Quarterly,Low,"Simple control, bulk ordering"
6976,Ruffino Chianti Clsc RSV Tan,750mL,674,12.74,2.548,514.3162384103983,A,Weekly,High,"Tight control, frequent replenishment"
6980,Midnight Moon Blueberry,750mL,195,13.96,2.7920000000000003,264.2771402841926,B,Monthly,Medium,Moderate control
6983,J Lohr Seven Oaks Cab Svgn,750mL,3689,8.27,1.654,1493.435859035939,A,Weekly,High,"Tight control, frequent replenishment"
6984,Kendall Jackson Vntrs RSV Me,750mL,323,10.96,2.192,383.86718353948953,B,Monthly,Medium,Moderate control
6987,Rosemount Shiraz/Cab Svgn,750mL,116,6.7,1.34,294.22298377099037,C,Quarterly,Low,"Simple control, bulk ordering"
6990,Marie Brizard Chocolat Royal,750mL,96,12.41,2.482,196.66846491663884,C,Quarterly,Low,"Simple control, bulk ordering"
6995,Carlo Rossi Spanada Sangria,1.5L,480,4.79,0.9580000000000001,707.8445036419488,B,Monthly,Medium,Moderate control
7017,The Pogues Irish Whiskey,750mL,55,25.59,5.118,103.6647737023549,C,Quarterly,Low,"Simple control, bulk ordering"
7127,Mezcal De Amor Amaras,750mL,25,30.82,6.164000000000001,63.685225264083456,C,Quarterly,Low,"Simple control, bulk ordering"
7159,Ruffino Chianti,750mL,819,4.72,0.944,931.4422933079171,B,Monthly,Medium,Moderate control
7193,Woodstock Killer Bee,750mL,42,8.91,1.782,153.52206215727944,C,Quarterly,Low,"Simple control, bulk ordering"
7198,New Amsterdam Pineapple Vdka,750mL,684,7.4,1.4800000000000002,679.8250967433918,B,Monthly,Medium,Moderate control
7202,Cocktail Time Key Lime Rtd,750mL,66,8.33,1.6660000000000001,199.03729886263883,C,Quarterly,Low,"Simple control, bulk ordering"
7205,Woodstock Hot Licks,750mL,26,8.91,1.782,120.79051255657977,C,Quarterly,Low,"Simple control, bulk ordering"
7211,Cocktail Time Strawberry Rtd,750mL,70,8.45,1.69,203.5193316203531,C,Quarterly,Low,"Simple control, bulk ordering"
7215,Lancers Rose,750mL,24,3.97,0.794,173.8582763399234,C,Quarterly,Low,"Simple control, bulk ordering"
7219,Herradura Reposado NHSLC,750mL,41,30.46,6.0920000000000005,82.03741759558137,C,Quarterly,Low,"Simple control, bulk ordering"
7221,M & R Sweet Vermouth,1.5L,1137,6.86,1.372,910.3390583547323,A,Weekly,High,"Tight control, frequent replenishment"
7222,Mateus Rose,750mL,2,4.9,0.9800000000000001,45.17539514526256,C,Quarterly,Low,"Simple control, bulk ordering"
7224,Jagermeister Spice,750mL,317,11.59,2.318,369.8051162250125,B,Monthly,Medium,Moderate control
7241,Glendalough Poitin Shry Cask,750mL,25,20.68,4.136,77.74630169639036,C,Quarterly,Low,"Simple control, bulk ordering"
7254,Cribari Marsala,750mL,1198,5.36,1.072,1057.136374094107,A,Weekly,High,"Tight control, frequent replenishment"
7261,Gallo X Dry Vermouth,750mL,427,3.61,0.722,769.0336419053925,C,Quarterly,Low,"Simple control, bulk ordering"
7262,Gallo Sweet Vermouth,750mL,624,3.59,0.718,932.2450214102995,B,Monthly,Medium,Moderate control
7265,Taylor Fladgate LBV Port,750mL,155,10.45,2.09,272.32825675246653,C,Quarterly,Low,"Simple control, bulk ordering"
7266,Fonseca Bin No 27,750mL,167,9.14,1.8280000000000003,302.2526657626243,C,Quarterly,Low,"Simple control, bulk ordering"
7269,Gallo Fairbanks Wh Port,1.5L,132,5.44,1.088,348.31527300961795,C,Quarterly,Low,"Simple control, bulk ordering"
7278,Mapple Jack Liquer,750mL,8,27.68,5.5360000000000005,38.014296063485276,C,Quarterly,Low,"Simple control, bulk ordering"
7279,Yago Sant'Gria Red,1.5L,406,4.63,0.926,662.151738203599,B,Monthly,Medium,Moderate control
7282,Colombo Marsala Sweet,750mL,353,6.12,1.2240000000000002,537.0276462254596,B,Monthly,Medium,Moderate control
7284,Colombo Marsala Dry,750mL,84,6.16,1.2320000000000002,261.11648393354676,C,Quarterly,Low,"Simple control, bulk ordering"
7293,Chi Chi's Skinny Margarita,1.75L,435,5.96,1.192,604.0967521068461,B,Monthly,Medium,Moderate control
7302,Marques de Caceres Rioja Re,750mL,866,6.42,1.284,821.2519885275384,A,Weekly,High,"Tight control, frequent replenishment"
7320,Malibu Rum Punch RTD,1.75L,131,13.17,2.6340000000000003,223.01175864753083,B,Monthly,Medium,Moderate control
7340,Viniq Shimmery Liqueur,750mL,300,14.72,2.9440000000000004,319.2211990345307,B,Monthly,Medium,Moderate control
7341,Smirnoff Watermelon,50mL,7895,0.75,0.15000000000000002,7254.883412800879,B,Monthly,Medium,Moderate control
7344,Viniq Shimmery Liqueur,375mL,66,7.74,1.548,206.4840403390264,C,Quarterly,Low,"Simple control, bulk ordering"
7345,M & R Asti,750mL,1898,6.75,1.35,1185.7174730625866,A,Weekly,High,"Tight control, frequent replenishment"
7353,1800 Ultimate Peach Margrita,1.75L,144,12.02,2.404,244.74510493440127,B,Monthly,Medium,Moderate control
7358,Viniq Ruby Shimmery Liqueur,750mL,157,14.17,2.834,235.36934743219285,B,Monthly,Medium,Moderate control
7361,Bolla Soave,1.5L,19,8.6,1.72,105.10238640443411,C,Quarterly,Low,"Simple control, bulk ordering"
7371,Placido Sangiovese Primever,1.5L,93,7.14,1.428,255.19806116067588,C,Quarterly,Low,"Simple control, bulk ordering"
7374,New Amsterdam Mango Vodka,750mL,613,6.86,1.372,668.4257647005028,B,Monthly,Medium,Moderate control
7375,Riunite Lambrusco,750mL,12,3.97,0.794,122.93636616536453,C,Quarterly,Low,"Simple control, bulk ordering"
7404,New Amsterdam Mango Vodka,50mL,448,0.77,0.15400000000000003,1705.6057308448833,C,Quarterly,Low,"Simple control, bulk ordering"
7413,Manischewitz Blackberry Kshr,1.5L,207,5.19,1.038,446.5668654500903,C,Quarterly,Low,"Simple control, bulk ordering"
7423,Manischewitz Concord Kosher,1.5L,320,5.47,1.094,540.8369166245146,B,Monthly,Medium,Moderate control
7433,New Amsterdam Orange,Liter,1,8.63,1.7260000000000002,24.070194759954795,C,Quarterly,Low,"Simple control, bulk ordering"
7439,New Amsterdam Red Berry Vdka,Liter,2,9.37,1.8739999999999999,32.66857601924006,C,Quarterly,Low,"Simple control, bulk ordering"
7458,New Amsterdam Citron Vodka,Liter,5,9.52,1.904,51.245003855674234,C,Quarterly,Low,"Simple control, bulk ordering"
7485,M D 20/20,750mL,199,2.85,0.5700000000000001,590.8661498322135,C,Quarterly,Low,"Simple control, bulk ordering"
7535,Gekkeikan Sake,750mL,1632,4.44,0.8880000000000001,1355.66877880913,A,Weekly,High,"Tight control, frequent replenishment"
7537,Avion Silver Tequila,1.75L,38,70.86,14.172,51.781690723787136,B,Monthly,Medium,Moderate control
7590,Stoli 80 VAP Lemonade Shaker,750mL,59,13.27,2.654,149.09928010492567,C,Quarterly,Low,"Simple control, bulk ordering"
7629,Barenjager Honey & Bourbon,750mL,73,15.26,3.052,154.65685179988006,C,Quarterly,Low,"Simple control, bulk ordering"
7680,Viniq Shimmery Glow,750mL,6,19.68,3.936,39.04344047215152,C,Quarterly,Low,"Simple control, bulk ordering"
7715,Andre Extra Dry,750mL,2624,3.01,0.602,2087.774888897499,A,Weekly,High,"Tight control, frequent replenishment"
7716,Andre Brut,750mL,1562,3.79,0.758,1435.5089744864483,A,Weekly,High,"Tight control, frequent replenishment"
7718,Andre Pink,750mL,625,3.68,0.7360000000000001,921.512225968107,B,Monthly,Medium,Moderate control
7725,Great Western Brut,750mL,272,6.07,1.2140000000000002,473.34207322681095,B,Monthly,Medium,Moderate control
7728,Great Western X Dry,750mL,313,6.07,1.2140000000000002,507.765074296621,B,Monthly,Medium,Moderate control
7740,J Roget Brut,750mL,345,4.1,0.82,648.6383486327903,C,Quarterly,Low,"Simple control, bulk ordering"
7750,Cynar Liqueur,Liter,5,22.21,4.442,33.55024724945816,C,Quarterly,Low,"Simple control, bulk ordering"
7780,Herradura Reposado Lot 598,750mL,30,34.58,6.916,65.8617301295846,C,Quarterly,Low,"Simple control, bulk ordering"
7788,Piehole Apple Pie,750mL,111,7.96,1.592,264.0523018086611,C,Quarterly,Low,"Simple control, bulk ordering"
7792,Herradura Reposado Lot 599,750mL,13,35.93,7.186,42.53320112435432,C,Quarterly,Low,"Simple control, bulk ordering"
7818,Andre Cold Duck,750mL,237,3.71,0.742,565.1610461507883,C,Quarterly,Low,"Simple control, bulk ordering"
7828,Bols Peach Schnapps,750mL,111,6.39,1.278,294.7108075620857,C,Quarterly,Low,"Simple control, bulk ordering"
7838,Piehole Pecan Pie,750mL,10,8.45,1.69,76.92307692307692,C,Quarterly,Low,"Simple control, bulk ordering"
7849,Tooters Apple-tini 15 Pk,375mL,88,7.8,1.56,237.50843439814176,C,Quarterly,Low,"Simple control, bulk ordering"
7851,Piehole Pecan Pie,50mL,143,0.79,0.15800000000000003,951.3481440246995,C,Quarterly,Low,"Simple control, bulk ordering"
7860,Sutter Home Wh Znfdl,750mL,430,4.07,0.8140000000000001,726.8118933090791,B,Monthly,Medium,Moderate control
7865,Moet & Chandon Imperial,750mL,1061,23.97,4.794,470.4448050089049,A,Weekly,High,"Tight control, frequent replenishment"
7867,Tooters Red-diculous 15 Pk,375mL,56,7.68,1.536,190.94065395649335,C,Quarterly,Low,"Simple control, bulk ordering"
7868,Mumm Cordon Rouge Brut,750mL,76,23.02,4.604,128.48106818792675,B,Monthly,Medium,Moderate control
7872,Piper Heidsieck Brut,750mL,91,25.5,5.1000000000000005,133.57820651177332,B,Monthly,Medium,Moderate control
7874,Sutter Home Cab Svgn,750mL,36,3.99,0.798,212.3976976214366,C,Quarterly,Low,"Simple control, bulk ordering"
7878,Allens Coffee Brandy,1.75L,2315,9.99,1.9980000000000002,1076.410079225691,A,Weekly,High,"Tight control, frequent replenishment"
7890,Barrow's Intense Ginger,750mL,28,22.21,4.442,79.39437578820517,C,Quarterly,Low,"Simple control, bulk ordering"
7891,DeLeon Platinum Tequila,750mL,35,35.96,7.192,69.76043544679436,C,Quarterly,Low,"Simple control, bulk ordering"
7902,Piehole Apple Pie,50mL,99,0.72,0.144,829.15619758885,C,Quarterly,Low,"Simple control, bulk ordering"
7909,DeLeon Reposado Tequila,750mL,23,42.96,8.592,51.738851478630124,C,Quarterly,Low,"Simple control, bulk ordering"
7917,Tooters Ala-Bama Slama 15 Pk,375mL,38,6.92,1.3840000000000001,165.70047495056835,C,Quarterly,Low,"Simple control, bulk ordering"
7931,Tooters Blu-D Kamikazi 15 Pk,375mL,29,6.47,1.294,149.70346784356562,C,Quarterly,Low,"Simple control, bulk ordering"
7969,Sandeman Founders RSV Port,750mL,299,9.03,1.806,406.8897233337256,B,Monthly,Medium,Moderate control
7974,Luxardo Sambuca Dei Cesari,750mL,1,19.37,3.8740000000000006,16.066459803402616,C,Quarterly,Low,"Simple control, bulk ordering"
7977,M & R X Dry Vermouth,1.5L,635,7.49,1.4980000000000002,651.0749045810066,B,Monthly,Medium,Moderate control
7978,M & R X Dry Vermouth,750mL,1016,3.95,0.79,1134.0528864947562,B,Monthly,Medium,Moderate control
7982,M & R Sweet Vermouth,750mL,1103,3.95,0.79,1181.6101436791957,A,Weekly,High,"Tight control, frequent replenishment"
7985,Noilly Prat Extra Dry Vermou,Liter,356,7.46,1.492,488.4730270171777,B,Monthly,Medium,Moderate control
7986,Sapling Vermont Maple Liquer,750mL,172,22.38,4.476,196.0284854644707,B,Monthly,Medium,Moderate control
7990,Noilly Prat Sweet Vermouth,Liter,261,7.68,1.536,412.2158111960287,B,Monthly,Medium,Moderate control
7991,Stock Italian X Dry Vermouth,1.5L,428,7.24,1.4480000000000002,543.672797275381,B,Monthly,Medium,Moderate control
7992,Patron Anejo Tequila,50mL,321,5.55,1.11,537.7631348365088,C,Quarterly,Low,"Simple control, bulk ordering"
7993,Stock Italian X Dry Vermouth,750mL,670,4.88,0.976,828.5381161033363,B,Monthly,Medium,Moderate control
7994,Stock Italian Sweet Vermouth,1.5L,505,7.93,1.586,564.2792722576487,B,Monthly,Medium,Moderate control
7995,Patron Reposado Tequila,50mL,224,4.95,0.9900000000000001,475.6707120084505,C,Quarterly,Low,"Simple control, bulk ordering"
7996,Stock Italian Sweet Vermouth,750mL,540,4.48,0.8960000000000001,776.3237542601485,B,Monthly,Medium,Moderate control
8000,The Glenlivet 12 Yr Single,1.75L,913,53.96,10.792000000000002,290.8602817231364,A,Weekly,High,"Tight control, frequent replenishment"
8008,Bols Peppermint Schnapps,Liter,12,7.14,1.428,91.66984970282114,C,Quarterly,Low,"Simple control, bulk ordering"
8010,Wild Turkey Forgiven,750mL,8,39.28,7.856000000000001,31.91128231363014,C,Quarterly,Low,"Simple control, bulk ordering"
8011,Pepe Lopez White,Liter,52,7.24,1.4480000000000002,189.5035678026795,C,Quarterly,Low,"Simple control, bulk ordering"
8016,La Vieille Ferme Wh Rhone,750mL,704,4.79,0.9580000000000001,857.2422648390038,B,Monthly,Medium,Moderate control
8017,Pepe Lopez Premium Tequila,750mL,12,7.85,1.57,87.4260378943872,C,Quarterly,Low,"Simple control, bulk ordering"
8018,La Vieille Ferme Red Ventoux,750mL,806,4.6,0.9199999999999999,935.9951690696588,B,Monthly,Medium,Moderate control
8021,Glenfiddich Special Rsv 12,750mL,298,31.49,6.298,217.52381121874006,A,Weekly,High,"Tight control, frequent replenishment"
8023,DeKuyper Triple Sec,750mL,3211,3.28,0.656,2212.4233485413074,A,Weekly,High,"Tight control, frequent replenishment"
8027,Absolut Mandrin,50mL,1238,1.55,0.31000000000000005,1998.3864458849728,C,Quarterly,Low,"Simple control, bulk ordering"
8028,S S Pierce Manhattan,1.75L,6,8.39,1.6780000000000002,59.79703453926547,C,Quarterly,Low,"Simple control, bulk ordering"
8032,Ballatore Gran Spumante,750mL,824,5.26,1.052,885.0254018824467,B,Monthly,Medium,Moderate control
8033,Jack Daniels No 7 Black,50mL,3802,2.3,0.45999999999999996,2874.929110657226,A,Weekly,High,"Tight control, frequent replenishment"
8036,Livingston Chablis Cal,3L,353,8.27,1.654,461.9761977149246,B,Monthly,Medium,Moderate control
8038,Livingston Clrs Rhine Calif,3L,26,4.33,0.8660000000000001,173.27173655337361,C,Quarterly,Low,"Simple control, bulk ordering"
8040,Bols Blue Curacao,750mL,910,6.01,1.202,870.0985848861984,A,Weekly,High,"Tight control, frequent replenishment"
8043,Bols Triple Sec,750mL,35,4.47,0.894,197.86330671242894,C,Quarterly,Low,"Simple control, bulk ordering"
8050,Absolut Mandrin,750mL,308,12.77,2.5540000000000003,347.2681166919746,B,Monthly,Medium,Moderate control
8053,Seagrams 7 Crown,50mL,8503,0.75,0.15000000000000002,7529.054832226065,A,Weekly,High,"Tight control, frequent replenishment"
8057,Corazon de Agave Blanco,750mL,187,18.37,3.6740000000000004,225.60630220101203,B,Monthly,Medium,Moderate control
8059,Corazon de Agave Anejo,750mL,74,21.73,4.346,130.4881274430341,C,Quarterly,Low,"Simple control, bulk ordering"
8060,Salers Apertif Gentiane,750mL,1,14.28,2.856,18.712029714127993,C,Quarterly,Low,"Simple control, bulk ordering"
8063,Absolut Pears,50mL,60,1.59,0.31800000000000006,434.3722427630693,C,Quarterly,Low,"Simple control, bulk ordering"
8064,Canadian Club,50mL,8453,0.76,0.15200000000000002,7457.33478564984,A,Weekly,High,"Tight control, frequent replenishment"
8066,DeKuyper Triple Sec,1.75L,2159,7.13,1.4260000000000002,1230.4573318249581,A,Weekly,High,"Tight control, frequent replenishment"
8068,Absolut 80 Proof,1.75L,11189,18.24,3.6479999999999997,1751.3309475137182,A,Weekly,High,"Tight control, frequent replenishment"
8072,Taittinger Brut La Francais,750mL,171,24.99,4.998,184.96941767273225,B,Monthly,Medium,Moderate control
8075,Sheffield Tawny Port,1.5L,120,6.75,1.35,298.14239699997194,C,Quarterly,Low,"Simple control, bulk ordering"
8077,Sheffield Very Dry Sherry,1.5L,210,6.84,1.368,391.80195498468936,C,Quarterly,Low,"Simple control, bulk ordering"
8078,Glenfiddich Special Rsv 12Yr,375mL,425,14.59,2.918,381.638184550217,A,Weekly,High,"Tight control, frequent replenishment"
8079,Gallo Fairbanks Red Port,750mL,30,3.39,0.678,210.35158095583563,C,Quarterly,Low,"Simple control, bulk ordering"
8082,Baileys Irish Cream,1.75L,3099,21.73,4.346,844.4344197067395,A,Weekly,High,"Tight control, frequent replenishment"
8085,Wild Turkey,1.75L,299,25.59,5.118,241.7048992139485,A,Weekly,High,"Tight control, frequent replenishment"
8092,Johnnie Walker Red Label,50mL,2455,1.7,0.34,2687.1152255335305,B,Monthly,Medium,Moderate control
8096,Beefeater Gin,50mL,1167,1.54,0.30800000000000005,1946.5253758841775,C,Quarterly,Low,"Simple control, bulk ordering"
8097,Patron Citronge Orange,375mL,307,9.44,1.888,403.2442587358062,B,Monthly,Medium,Moderate control
8100,Jefferson's Manhattan RTD,750mL,27,28.77,5.7540000000000004,68.50100659163145,C,Quarterly,Low,"Simple control, bulk ordering"
8101,Tanqueray,50mL,2298,1.47,0.294,2795.7693986829895,B,Monthly,Medium,Moderate control
8102,Absolut Mandrin,1.75L,586,18.65,3.73,396.36417300350274,A,Weekly,High,"Tight control, frequent replenishment"
8103,Sauza Gold Tequila,50mL,5317,0.77,0.15400000000000003,5875.880702156403,B,Monthly,Medium,Moderate control
8107,Wild Turkey 101,1.75L,588,26.71,5.3420000000000005,331.76970085676794,A,Weekly,High,"Tight control, frequent replenishment"
8110,Tribuno Dry Vermouth,1.5L,394,6.56,1.312,548.0008011388127,B,Monthly,Medium,Moderate control
8111,Smirnoff 80 Proof,50mL,28544,0.77,0.15400000000000003,13614.354533015854,A,Weekly,High,"Tight control, frequent replenishment"
8112,Stolichnaya,1.75L,3629,19.52,3.904,964.1366221804399,A,Weekly,High,"Tight control, frequent replenishment"
8113,R Mondavi Chard Napa,750mL,226,11.1,2.22,319.0639462581158,B,Monthly,Medium,Moderate control
8114,Arrow Creme de Strawberry,750mL,19,6.39,1.278,121.93022453728219,C,Quarterly,Low,"Simple control, bulk ordering"
8118,Mr Boston Blackberry Brandy,750mL,741,4.54,0.908,903.3710727902378,B,Monthly,Medium,Moderate control
8119,Pinnacle Grape Vodka,750mL,2,10.39,2.0780000000000003,31.02360242788488,C,Quarterly,Low,"Simple control, bulk ordering"
8120,Tribuno Sweet Vermouth,1.5L,620,7.08,1.4160000000000001,661.7046979919613,B,Monthly,Medium,Moderate control
8123,Mouton Cadet Red Brdx,750mL,600,6.53,1.306,677.8038583868523,B,Monthly,Medium,Moderate control
8124,Mouton Cadet White Brdx,750mL,347,6.75,1.35,506.9882020688815,B,Monthly,Medium,Moderate control
8128,Espolon Anejo Tequila,750mL,80,21.73,4.346,135.67509442459877,B,Monthly,Medium,Moderate control
8130,Bacardi Superior Rum,50mL,3128,0.93,0.18600000000000003,4100.878479188973,B,Monthly,Medium,Moderate control
8131,Lillet White French Aperiti,750mL,339,10.38,2.076,404.09751012331327,B,Monthly,Medium,Moderate control
8135,Choco Lat Liqueur,750mL,415,8.45,1.69,495.54225872019714,B,Monthly,Medium,Moderate control
8143,Perrier Jouet Grand Brut,750mL,309,23.02,4.604,259.0666935253912,A,Weekly,High,"Tight control, frequent replenishment"
8144,Corralejo Reposado Tequila,750mL,273,22.38,4.476,246.96549780193516,A,Weekly,High,"Tight control, frequent replenishment"
8149,Sebastiani Cab Svgn Sonoma,750mL,105,11.25,2.25,216.02468994692867,C,Quarterly,Low,"Simple control, bulk ordering"
8151,St Elder Elderflower Liqueur,50mL,67,0.71,0.142,686.8995457237492,C,Quarterly,Low,"Simple control, bulk ordering"
8152,Skinnygirl Mojito RTD,750mL,107,7.24,1.4480000000000002,271.8363986376905,C,Quarterly,Low,"Simple control, bulk ordering"
8154,Cazadores Reposado Tequila,750mL,181,16.05,3.2100000000000004,237.45798119855007,B,Monthly,Medium,Moderate control
8155,Black Velvet Plastic,375mL,1925,3.28,0.656,1713.023998521969,A,Weekly,High,"Tight control, frequent replenishment"
8159,Jose Cuervo Especial,1.75L,4264,19.69,3.9380000000000006,1040.5686611891886,A,Weekly,High,"Tight control, frequent replenishment"
8166,Mount Gay Eclipse,750mL,568,15.14,3.0280000000000005,433.10802664888143,A,Weekly,High,"Tight control, frequent replenishment"
8170,Courvoisier VS Cognac,50mL,1054,2.17,0.434,1558.3874449479592,B,Monthly,Medium,Moderate control
8171,Leroux Blackberry Brandy,50mL,3412,0.71,0.142,4901.8536304223235,B,Monthly,Medium,Moderate control
8172,DK Burst Blustery Peppermint,50mL,3909,0.71,0.142,5246.729363525863,B,Monthly,Medium,Moderate control
8173,Amarula Cream Liqueur,750mL,275,14.28,2.856,310.30390813871884,B,Monthly,Medium,Moderate control
8178,Bulleit Bourbon,750mL,2488,18.51,3.7020000000000004,819.7982384769026,A,Weekly,High,"Tight control, frequent replenishment"
8184,Kahlua,50mL,4295,1.55,0.31000000000000005,3722.2088482079316,A,Weekly,High,"Tight control, frequent replenishment"
8187,Wild Turkey,750mL,507,13.17,2.6340000000000003,438.72874959083754,A,Weekly,High,"Tight control, frequent replenishment"
8189,Camarena Silver Tequila,1.75L,295,25.59,5.118,240.08270035341548,A,Weekly,High,"Tight control, frequent replenishment"
8191,Savory & James Deluxe Cream,1.5L,180,14.45,2.89,249.5670992423109,B,Monthly,Medium,Moderate control
8200,Chambord Liqueur de France,50mL,937,2.18,0.43600000000000005,1465.974955040958,B,Monthly,Medium,Moderate control
8202,Sambuca Romana,750mL,2083,13.33,2.6660000000000004,883.9232602904624,A,Weekly,High,"Tight control, frequent replenishment"
8203,Grand Marnier,50mL,3610,1.51,0.30200000000000005,3457.403994922485,A,Weekly,High,"Tight control, frequent replenishment"
8205,Frangelico Hazelnut Liqueur,50mL,1179,1.53,0.30600000000000005,1962.8910251133625,C,Quarterly,Low,"Simple control, bulk ordering"
8207,Richards Wild Irish White,750mL,24,3.09,0.618,197.06585563285861,C,Quarterly,Low,"Simple control, bulk ordering"
8212,Krupnik Spiced Honey Liqueur,375mL,51,16.66,3.3320000000000003,123.71791482634838,C,Quarterly,Low,"Simple control, bulk ordering"
8214,E & J Brandy VS,750mL,1145,7.4,1.4800000000000002,879.5729922232995,A,Weekly,High,"Tight control, frequent replenishment"
8218,Camarena Reposado Tequila,1.75L,271,23.87,4.774,238.2557760691878,A,Weekly,High,"Tight control, frequent replenishment"
8221,Grand Mayan Silver Agave,750mL,19,63.99,12.798000000000002,38.53059783910752,C,Quarterly,Low,"Simple control, bulk ordering"
8223,Dom Chandon Blanc de Noir C,750mL,336,10.36,2.072,402.6936331284146,B,Monthly,Medium,Moderate control
8228,Wild Turkey Diamond Annivsry,750mL,7,107.99,21.598,18.0028909820466,C,Quarterly,Low,"Simple control, bulk ordering"
8231,Folonari Valpolicella,1.5L,73,9.02,1.804,201.16071169352767,C,Quarterly,Low,"Simple control, bulk ordering"
8232,Riunite Lambrusco,1.5L,703,6.24,1.2480000000000002,750.5339979316607,B,Monthly,Medium,Moderate control
8233,Beaulieu Cab Svgn Rutherford,750mL,364,17.31,3.4619999999999997,324.2553572171132,A,Weekly,High,"Tight control, frequent replenishment"
8235,Riunite Bianco,1.5L,6,6.24,1.2480000000000002,69.33752452815364,C,Quarterly,Low,"Simple control, bulk ordering"
8236,Jim Beam,50mL,8257,1.07,0.21400000000000002,6211.611075198825,A,Weekly,High,"Tight control, frequent replenishment"
8237,Grand Mayan Ultra Aged Teq,750mL,37,74.62,14.924000000000001,49.791847615690926,B,Monthly,Medium,Moderate control
8242,Folonari Soave Dry White,1.5L,126,7.99,1.598,280.7998587978208,C,Quarterly,Low,"Simple control, bulk ordering"
8246,BV Coastal Estate Pnt Nr,750mL,170,6.12,1.2240000000000002,372.6779962499649,C,Quarterly,Low,"Simple control, bulk ordering"
8252,Gazdina Rakija Plum Brandy,750mL,182,16.01,3.2020000000000004,238.41030877023763,B,Monthly,Medium,Moderate control
8254,Mateus Rose,1.5L,31,9.53,1.906,127.53206703304421,C,Quarterly,Low,"Simple control, bulk ordering"
8258,Campari,750mL,533,21.05,4.21,355.81361049807657,A,Weekly,High,"Tight control, frequent replenishment"
8262,Metcalfe's Vermont Maple,750mL,230,15.82,3.164,269.61601200917573,B,Monthly,Medium,Moderate control
8264,Ch Ste Michelle Rsl,750mL,1318,5.37,1.074,1107.7852147129809,A,Weekly,High,"Tight control, frequent replenishment"
8265,Cockburns Fine Ruby Port,750mL,490,6.89,1.3780000000000001,596.3118382339874,B,Monthly,Medium,Moderate control
8267,Gazdina Rakija Pear Brandy,750mL,264,18.45,3.69,267.47843921922845,B,Monthly,Medium,Moderate control
8268,Paul Masson Chablis Carafe,Liter,1,3.03,0.606,40.622223185119374,C,Quarterly,Low,"Simple control, bulk ordering"
8272,Paul Masson Rose Carafe,Liter,92,2.92,0.584,396.9058409438471,C,Quarterly,Low,"Simple control, bulk ordering"
8273,El Mayor Reposado Tequila,750mL,164,17.05,3.41,219.30308169797507,B,Monthly,Medium,Moderate control
8274,Paul Masson Ruby Burgundy Ca,Liter,12,2.97,0.5940000000000001,142.13381090374028,C,Quarterly,Low,"Simple control, bulk ordering"
8275,El Mayor Anejo Tequila,750mL,118,20.71,4.142,168.78581938279754,B,Monthly,Medium,Moderate control
8280,Piper Sonoma Brut,750mL,200,8.9,1.7800000000000002,335.20076157699543,B,Monthly,Medium,Moderate control
8282,Berentzen Bushel & Barrel,50mL,34,0.71,0.142,489.32261312789325,C,Quarterly,Low,"Simple control, bulk ordering"
8283,Korbel X Dry,1.5L,25,18.79,3.758,81.56270422562056,C,Quarterly,Low,"Simple control, bulk ordering"
8288,Korbel Brut,750mL,1025,7.94,1.588,803.4089836205571,A,Weekly,High,"Tight control, frequent replenishment"
8289,E.H.Taylor Jr Single Barrel,750mL,36,43.79,8.758000000000001,64.1133957741914,C,Quarterly,Low,"Simple control, bulk ordering"
8295,E.H. Taylor Jr Small Batch,750mL,123,31.0,6.2,140.8499544814245,B,Monthly,Medium,Moderate control
8296,Knob Creek Smoked Maple,750mL,535,21.7,4.34,351.1009675305975,A,Weekly,High,"Tight control, frequent replenishment"
8298,Skinnygirl Grapefruit Marg,750mL,175,7.8,1.56,334.93206352854185,C,Quarterly,Low,"Simple control, bulk ordering"
8312,Bols Curacao Orange,750mL,1059,5.71,1.1420000000000001,962.9748129456843,A,Weekly,High,"Tight control, frequent replenishment"
8322,Chi Chi's Ruby Red Margarita,1.75L,152,6.24,1.2480000000000002,348.9912202260564,C,Quarterly,Low,"Simple control, bulk ordering"
8323,Jose Cuervo Gold w/Marg Mix,750mL,461,11.9,2.3800000000000003,440.11075764129714,B,Monthly,Medium,Moderate control
8327,Jose Cuervo Silver w/Marg Mx,750mL,12,10.94,2.188,74.05714479169687,C,Quarterly,Low,"Simple control, bulk ordering"
8329,R Mondavi Chard Pvt Sel,750mL,1305,4.68,0.9359999999999999,1180.775494846827,A,Weekly,High,"Tight control, frequent replenishment"
8337,Marcati Limoncello,750mL,37,12.4,2.4800000000000004,122.14481093648503,C,Quarterly,Low,"Simple control, bulk ordering"
8338,The Glenlivet 12 Yr Single,375mL,583,14.49,2.898,448.523380563771,A,Weekly,High,"Tight control, frequent replenishment"
8339,The Glenlivet 12 Yr Single,750mL,932,30.21,6.042000000000001,392.75126788383864,A,Weekly,High,"Tight control, frequent replenishment"
8342,Korbel X Dry,750mL,668,8.21,1.6420000000000003,637.8251720188701,A,Weekly,High,"Tight control, frequent replenishment"
8345,R M Woodbridge Cab Svgn Cal,750mL,960,3.37,0.674,1193.4539556319926,B,Monthly,Medium,Moderate control
8346,Marques de Riscal Rioja Red,750mL,414,9.93,1.986,456.5733396744827,B,Monthly,Medium,Moderate control
8351,Arrow Kirsch,750mL,147,8.26,1.6520000000000001,298.30026960674644,C,Quarterly,Low,"Simple control, bulk ordering"
8358,Bacardi 151 Proof,750mL,1087,14.49,2.898,612.4428678583939,A,Weekly,High,"Tight control, frequent replenishment"
8359,R M Woodbridge Svgn Bl Cal,750mL,268,3.2,0.6400000000000001,647.1089552772391,C,Quarterly,Low,"Simple control, bulk ordering"
8361,Carlo Rossi Chablis Calif,4L,415,10.06,2.012,454.16123287585447,B,Monthly,Medium,Moderate control
8366,Bolla Bardolino,750mL,72,5.84,1.168,248.28176658071038,C,Quarterly,Low,"Simple control, bulk ordering"
8367,Carlo Rossi Rhine Calif,4L,151,9.93,1.986,275.7394160780308,C,Quarterly,Low,"Simple control, bulk ordering"
8368,Bacardi Superior Rum,100mL,1203,1.51,0.30200000000000005,1995.8566352845264,C,Quarterly,Low,"Simple control, bulk ordering"
8369,Pernod Anise Liqueur,750mL,86,24.26,4.852,133.13395370460145,B,Monthly,Medium,Moderate control
8370,Chi Chi's Margarita,1.75L,716,5.71,1.1420000000000001,791.814515951023,B,Monthly,Medium,Moderate control
8379,Wild Turkey 101,375mL,392,7.63,1.526,506.83402997919757,B,Monthly,Medium,Moderate control
8386,Dry Sack Sherry,750mL,438,9.85,1.97,471.5241514288644,B,Monthly,Medium,Moderate control
8387,Wild Turkey 101,750mL,502,17.45,3.49,379.2618377154205,A,Weekly,High,"Tight control, frequent replenishment"
8393,Casamigos Reposado,750mL,116,34.81,6.962000000000001,129.08090009938826,B,Monthly,Medium,Moderate control
8395,Casamigos Anejo,750mL,102,37.31,7.462000000000001,116.91560020671577,B,Monthly,Medium,Moderate control
8398,Casamigos Blanco,750mL,133,33.33,6.666,141.25153167141215,B,Monthly,Medium,Moderate control
8401,Bols Blue Curacao,Liter,70,8.26,1.6520000000000001,205.84674239815456,C,Quarterly,Low,"Simple control, bulk ordering"
8402,Spud Pumpkin Spice Vodka,750mL,19,14.92,2.984,79.7953145566898,C,Quarterly,Low,"Simple control, bulk ordering"
8408,Wild Turkey American Honey,1.75L,233,22.21,4.442,229.02805421452086,A,Weekly,High,"Tight control, frequent replenishment"
8409,Christian Bros Cream Sherry,1.5L,83,5.38,1.076,277.7364694605328,C,Quarterly,Low,"Simple control, bulk ordering"
8412,Tequila Ocho Plata Fresno,750mL,15,35.71,7.142,45.82850674245921,C,Quarterly,Low,"Simple control, bulk ordering"
8413,St Elder Elderflower Liqueur,750mL,649,14.28,2.856,476.6979089093463,A,Weekly,High,"Tight control, frequent replenishment"
8420,Frangelico Hazelnut Liqueur,1.75L,123,31.0,6.2,140.8499544814245,B,Monthly,Medium,Moderate control
8421,Beringer Classic Wh Znfdl,750mL,1527,3.37,0.674,1505.183920660474,A,Weekly,High,"Tight control, frequent replenishment"
8422,Paul Masson Carafe Wh Znfdl,Liter,48,3.08,0.6160000000000001,279.14526311954126,C,Quarterly,Low,"Simple control, bulk ordering"
8423,Paul Masson Wh Znfdl,1.5L,226,4.69,0.9380000000000002,490.85452662810457,C,Quarterly,Low,"Simple control, bulk ordering"
8424,1800 Coconut Tequila,750mL,358,16.29,3.258,331.486597054859,A,Weekly,High,"Tight control, frequent replenishment"
8425,Studebaker Manhattan RTD,750mL,42,15.17,3.0340000000000003,117.65675247977488,C,Quarterly,Low,"Simple control, bulk ordering"
8434,1800 Select Silver Tequila,750mL,10,20.43,4.086,49.47101476629373,C,Quarterly,Low,"Simple control, bulk ordering"
8437,Maestro Dobel Diamond Tequla,750mL,24,26.31,5.2620000000000005,67.53520134531743,C,Quarterly,Low,"Simple control, bulk ordering"
8438,Capt Morgan White Grapefruit,50mL,407,0.72,0.144,1681.1867501526679,C,Quarterly,Low,"Simple control, bulk ordering"
8440,Bailey's Espresso Creme,750mL,510,14.72,2.9440000000000004,416.2135217075172,A,Weekly,High,"Tight control, frequent replenishment"
8441,Baileys Irish Cream,375mL,1537,8.92,1.784,928.1956071872963,A,Weekly,High,"Tight control, frequent replenishment"
8442,1800 Silver Tequila,375mL,360,9.32,1.864,439.4690514817857,B,Monthly,Medium,Moderate control
8443,Forbidden Secret Wh Choc Cr,750mL,98,14.7,2.94,182.57418583505537,C,Quarterly,Low,"Simple control, bulk ordering"
8444,Tres Agaves Blanco Tequila,750mL,79,17.38,3.476,150.7556722888818,C,Quarterly,Low,"Simple control, bulk ordering"
8446,Richards Wild Irish Rose Red,1.5L,141,4.64,0.9279999999999999,389.7943755012555,C,Quarterly,Low,"Simple control, bulk ordering"
8447,Studebaker Old Fashioned RTD,750mL,30,16.92,3.3840000000000003,94.15544714433868,C,Quarterly,Low,"Simple control, bulk ordering"
8448,Cruzan Aged Dark Rum,750mL,492,7.51,1.502,572.3314153541911,B,Monthly,Medium,Moderate control
8450,E & J Brandy VS,1.75L,809,13.86,2.7720000000000002,540.2286940241529,A,Weekly,High,"Tight control, frequent replenishment"
8451,Cruzan Aged Dark Rum,1.75L,1213,12.59,2.5180000000000002,694.0688243702268,A,Weekly,High,"Tight control, frequent replenishment"
8452,Cruzan Aged Light Rum,1.75L,342,12.68,2.536,367.2302331835409,B,Monthly,Medium,Moderate control
8454,Tres Agaves Anejo Tequila,750mL,49,24.8,4.960000000000001,99.39332099323634,C,Quarterly,Low,"Simple control, bulk ordering"
8455,R Mondavi Fume Bl Napa Vly,750mL,213,10.88,2.176,312.86743104990126,B,Monthly,Medium,Moderate control
8456,Harwood Canadian,1.75L,6,9.64,1.9280000000000002,55.78560024792013,C,Quarterly,Low,"Simple control, bulk ordering"
8458,Agave Underground Tequila,750mL,47,26.27,5.2540000000000004,94.58099853349748,C,Quarterly,Low,"Simple control, bulk ordering"
8462,Frangelico Hazelnut Liqueur,750mL,837,15.82,3.164,514.3331204446652,A,Weekly,High,"Tight control, frequent replenishment"
8464,Ch de Montfort Vouvray,750mL,164,10.66,2.132,277.35009811261455,B,Monthly,Medium,Moderate control
8467,Capt Morgan White Coconut,50mL,315,0.73,0.146,1468.8547397803986,C,Quarterly,Low,"Simple control, bulk ordering"
8469,1800 Reposado Gold Tequila,750mL,450,16.29,3.258,371.6470731235832,A,Weekly,High,"Tight control, frequent replenishment"
8470,1800 Reposado Gold Tequila,50mL,550,2.08,0.41600000000000004,1149.8327637597497,C,Quarterly,Low,"Simple control, bulk ordering"
8472,1800 Silver Tequila,750mL,739,14.99,2.998,496.48531207889056,A,Weekly,High,"Tight control, frequent replenishment"
8473,1800 Silver Tequila,1.75L,404,24.44,4.888000000000001,287.49154972282133,A,Weekly,High,"Tight control, frequent replenishment"
8474,1800 Reposado Gold Tequila,1.75L,346,24.62,4.924,265.0812606277309,A,Weekly,High,"Tight control, frequent replenishment"
8475,J Roget Extra Dry,187mL,1822,1.23,0.246,2721.4893101095677,B,Monthly,Medium,Moderate control
8476,1800 Reposado Gold Tequila,375mL,303,8.98,1.7960000000000003,410.74108698122853,B,Monthly,Medium,Moderate control
8480,Clan MacGregor,1.75L,1010,11.19,2.238,671.7855311193216,A,Weekly,High,"Tight control, frequent replenishment"
8482,Cabot Trail Cana Cream Maple,750mL,174,14.28,2.856,246.82862424747086,B,Monthly,Medium,Moderate control
8485,Gozio Amaretto,750mL,385,13.23,2.6460000000000004,381.4480901808862,B,Monthly,Medium,Moderate control
8491,Forbidden Secret Dark Mocha,750mL,146,14.92,2.984,221.19587234172965,B,Monthly,Medium,Moderate control
8495,Capt Morgan White Pineapple,50mL,54,0.71,0.142,616.6698388447785,C,Quarterly,Low,"Simple control, bulk ordering"
8496,Jadot Chardonnay,750mL,234,11.62,2.324,317.3144625735607,B,Monthly,Medium,Moderate control
8497,Kamora Coffee,750mL,766,7.51,1.502,714.1335200232323,B,Monthly,Medium,Moderate control
8498,R M Woodbridge Svgn Bl Cal,1.5L,1644,5.84,1.168,1186.3954848933565,A,Weekly,High,"Tight control, frequent replenishment"
8500,Stolichnaya Chocolat Kokonut,750mL,534,6.28,1.2560000000000002,652.0423572658373,B,Monthly,Medium,Moderate control
8501,Mother's Pumpkn Spice Liquer,750mL,24,4.88,0.976,156.812512046795,C,Quarterly,Low,"Simple control, bulk ordering"
8504,R M Woodbridge Cab Svgn Cal,1.5L,2801,5.84,1.168,1548.585302253694,A,Weekly,High,"Tight control, frequent replenishment"
8506,Myers Original Dark Rum,1.75L,904,21.42,4.284000000000001,459.36667318113655,A,Weekly,High,"Tight control, frequent replenishment"
8508,Celtic Honey Liqueur,750mL,2,16.05,3.2100000000000004,24.961028814965893,C,Quarterly,Low,"Simple control, bulk ordering"
8512,Baileys Irish Cream,750mL,6489,14.72,2.9440000000000004,1484.6359896416125,A,Weekly,High,"Tight control, frequent replenishment"
8513,Baileys Irish Cream Mini's 4,100mL 4 Pk,1947,6.56,1.312,1218.1928839223385,A,Weekly,High,"Tight control, frequent replenishment"
8515,Baileys Chocolate Cherry,750mL,424,14.61,2.922,380.9279350717158,A,Weekly,High,"Tight control, frequent replenishment"
8517,Baileys Salted Caramel,750mL,784,13.86,2.7720000000000002,531.8160234783104,A,Weekly,High,"Tight control, frequent replenishment"
8520,Brady's Irish Cream,1.75L,242,12.3,2.4600000000000004,313.6462716817105,B,Monthly,Medium,Moderate control
8523,Glen Ellen Chard RSV,750mL,360,3.22,0.6440000000000001,747.6671794188401,C,Quarterly,Low,"Simple control, bulk ordering"
8526,Chambord Royale de France,750mL,877,20.43,4.086,463.2875351075194,A,Weekly,High,"Tight control, frequent replenishment"
8527,Concannon Glen Ellen Wh Zin,750mL,3,1.32,0.264,106.60035817780522,C,Quarterly,Low,"Simple control, bulk ordering"
8534,M & R Asti,375mL,395,4.02,0.8039999999999999,700.923342697551,C,Quarterly,Low,"Simple control, bulk ordering"
8535,Arrow Peppermint Schnapps,375mL,16,3.7,0.7400000000000001,147.04292441876154,C,Quarterly,Low,"Simple control, bulk ordering"
8537,Dom Chandon Brut Cuvee,750mL,605,9.39,1.8780000000000001,567.583671987783,A,Weekly,High,"Tight control, frequent replenishment"
8543,Kringle Cream,750mL,73,14.81,2.962,156.98888429020053,C,Quarterly,Low,"Simple control, bulk ordering"
8550,S S Pierce Vodka,1.75L,210,9.39,1.8780000000000001,334.3966002548184,B,Monthly,Medium,Moderate control
8562,DeKuyper Peachtree Trav,1.75L,727,11.44,2.288,563.6885267989364,A,Weekly,High,"Tight control, frequent replenishment"
8563,Chi Chi's Chocolate Malt RTD,1.75L,4,8.72,1.7440000000000002,47.891314261057566,C,Quarterly,Low,"Simple control, bulk ordering"
8565,Skinnygirl Sprklng Margarita,750mL,46,7.87,1.574,170.9529312454095,C,Quarterly,Low,"Simple control, bulk ordering"
8567,Cribari Chianti,3L,144,6.75,1.35,326.5986323710904,C,Quarterly,Low,"Simple control, bulk ordering"
8576,E & J Brandy VS,375mL,1418,3.67,0.734,1389.9209002644093,B,Monthly,Medium,Moderate control
8579,Chi Chi's Orange Cream RTD,1.75L,176,6.01,1.202,382.6520991079849,C,Quarterly,Low,"Simple control, bulk ordering"
8580,Alize Coco Liqueur,750mL,3,12.59,2.5180000000000002,34.516977899349904,C,Quarterly,Low,"Simple control, bulk ordering"
8590,Arrow Peppermint Schnapps,750mL,1531,5.07,1.014,1228.7643927697677,A,Weekly,High,"Tight control, frequent replenishment"
8599,Jenkins Amaretto,750mL,830,4.44,0.8880000000000001,966.7909208741487,B,Monthly,Medium,Moderate control
8606,Baileys Espresso Creme,50mL,5369,0.73,0.146,6064.154731101419,B,Monthly,Medium,Moderate control
8609,Duboeuf Beaujolais Villages,750mL,585,7.63,1.526,619.1568274138294,B,Monthly,Medium,Moderate control
8612,Grand Marnier,1.75L,458,45.79,9.158,223.63121297063918,A,Weekly,High,"Tight control, frequent replenishment"
8616,Olmeca Altos Reposado,Liter,14,16.42,3.2840000000000007,65.29237159165943,C,Quarterly,Low,"Simple control, bulk ordering"
8617,Bacardi Black,750mL,168,7.19,1.4380000000000002,341.802470833887,C,Quarterly,Low,"Simple control, bulk ordering"
8618,Olmeca Altos Plata Blanco,Liter,8,17.31,3.4619999999999997,48.07081239217729,C,Quarterly,Low,"Simple control, bulk ordering"
8619,Canadian Club,375mL,1282,4.4,0.8800000000000001,1206.9872334942825,B,Monthly,Medium,Moderate control
8620,Sambuca Romana,375mL,834,8.75,1.75,690.3415303829174,A,Weekly,High,"Tight control, frequent replenishment"
8621,Sho Chiku Bai Takara Sake,750mL,628,4.59,0.918,827.1008768986095,B,Monthly,Medium,Moderate control
8622,Dom Perignon,750mL,190,87.09,17.418000000000003,104.44259584721688,A,Weekly,High,"Tight control, frequent replenishment"
8623,Casamigos Anejo Tequila,50mL,610,2.34,0.46799999999999997,1141.6736851740095,C,Quarterly,Low,"Simple control, bulk ordering"
8626,Ezra Brooks,1.75L,1205,11.67,2.334,718.5270089241991,A,Weekly,High,"Tight control, frequent replenishment"
8627,Jadot Beaujolais Villages,750mL,1207,5.47,1.094,1050.376445098051,A,Weekly,High,"Tight control, frequent replenishment"
8628,Jadot Macon Villages Blanc,750mL,1060,5.95,1.1900000000000002,943.7988676201134,A,Weekly,High,"Tight control, frequent replenishment"
8630,Fontana Candida Frascati,750mL,180,5.47,1.094,405.627687468386,C,Quarterly,Low,"Simple control, bulk ordering"
8632,Arak-Gantous & Abouraad,750mL,63,12.85,2.5700000000000003,156.5682556492305,C,Quarterly,Low,"Simple control, bulk ordering"
8634,Manischewitz Cream White Cnd,1.5L,12,6.1,1.22,99.17694073609294,C,Quarterly,Low,"Simple control, bulk ordering"
8637,Metaxa Ouzo,750mL,182,13.48,2.696,259.8218974559806,B,Monthly,Medium,Moderate control
8652,Grande Absente Absinthe,750mL,64,39.84,7.968000000000001,89.62214298964416,B,Monthly,Medium,Moderate control
8653,M & R Extra Dry Vermouth,375mL,1111,3.53,0.706,1254.4538217626205,B,Monthly,Medium,Moderate control
8654,M & R Sweet Vermouth,375mL,725,3.55,0.71,1010.5081694688967,B,Monthly,Medium,Moderate control
8655,Plomari Ouzo,750mL,176,12.3,2.4600000000000004,267.4784392192284,B,Monthly,Medium,Moderate control
8658,Absente 'Absinthe Refined',750mL,144,24.28,4.856000000000001,172.20347337908743,B,Monthly,Medium,Moderate control
8660,Drambuie Liqueur,375mL,305,9.69,1.938,396.70989522580885,B,Monthly,Medium,Moderate control
8664,Asbach Uralt German Brandy,750mL,104,14.59,2.918,188.78784361602803,C,Quarterly,Low,"Simple control, bulk ordering"
8670,Arrow Coffee Brandy,1.75L,1914,7.85,1.57,1104.1323653687436,A,Weekly,High,"Tight control, frequent replenishment"
8671,Appleton Est VX Jamaican Rum,750mL,232,14.49,2.898,282.9402949210188,B,Monthly,Medium,Moderate control
8673,Skinnygirl Margarita,750mL,588,7.87,1.574,611.204156535026,B,Monthly,Medium,Moderate control
8674,Riunite Moscato,1.5L,442,5.22,1.044,650.6701526192658,B,Monthly,Medium,Moderate control
8676,Barterhouse Bourbon,750mL,14,53.95,10.790000000000001,36.02079514724587,C,Quarterly,Low,"Simple control, bulk ordering"
8677,Wild Turkey Rare Breed,750mL,57,27.47,5.494,101.85752056580611,C,Quarterly,Low,"Simple control, bulk ordering"
8678,Banfi Chianti Clsc RSV,750mL,2842,9.32,1.864,1234.778567836348,A,Weekly,High,"Tight control, frequent replenishment"
8680,Crown Royal,1.75L,4047,28.88,5.776,837.0531015036275,A,Weekly,High,"Tight control, frequent replenishment"
8687,Paul Masson Ruby Burgundy,3L,63,6.62,1.324,218.13546610076267,C,Quarterly,Low,"Simple control, bulk ordering"
8688,Paul Masson Chablis,3L,79,6.62,1.324,244.26967416364252,C,Quarterly,Low,"Simple control, bulk ordering"
8689,Paul Masson Rose,3L,354,6.49,1.298,522.2329678670935,B,Monthly,Medium,Moderate control
8691,Jose Cuervo Especial,750mL,2008,11.9,2.3800000000000003,918.5300642829262,A,Weekly,High,"Tight control, frequent replenishment"
8693,Ezra Brooks,750mL,848,7.14,1.428,770.6085484952821,A,Weekly,High,"Tight control, frequent replenishment"
8694,Skinnygirl Cosmopolitan,750mL,377,7.99,1.598,485.7158633139786,B,Monthly,Medium,Moderate control
8696,Gekkeikan Plum Wine,750mL,259,7.48,1.4960000000000002,416.08694072992637,B,Monthly,Medium,Moderate control
8699,Livingston Rhine Calif,1.5L,6,4.63,0.926,80.49522744528822,C,Quarterly,Low,"Simple control, bulk ordering"
8700,Beringer Knights Vly Cab Svg,750mL,257,16.52,3.3040000000000003,278.8987336506949,B,Monthly,Medium,Moderate control
8701,Sheffield Cream Sherry,1.5L,446,6.7,1.34,576.9192498916311,B,Monthly,Medium,Moderate control
8704,Beringer Chard Napa Vly,750mL,85,8.66,1.7320000000000002,221.53151575144256,C,Quarterly,Low,"Simple control, bulk ordering"
8705,Livingston Clrs Red Rose,1.5L,6,4.76,0.952,79.38841860374447,C,Quarterly,Low,"Simple control, bulk ordering"
8708,Kamchatka Vodka,Liter,42,4.62,0.924,213.20071635561044,C,Quarterly,Low,"Simple control, bulk ordering"
8717,Sandeman Rainwater Madeira,750mL,20,10.06,2.012,99.70134328524719,C,Quarterly,Low,"Simple control, bulk ordering"
8720,Arrow Blue Curacao,750mL,36,5.96,1.192,173.78533390904767,C,Quarterly,Low,"Simple control, bulk ordering"
8725,Chambord Royale de France,375mL,317,11.84,2.368,365.88009407898,B,Monthly,Medium,Moderate control
8726,Baileys Irish Cream,50mL,5356,1.43,0.286,4327.5019037861475,A,Weekly,High,"Tight control, frequent replenishment"
8727,Monkey Shoulder Scotch,750mL,249,23.07,4.614,232.3062415368065,A,Weekly,High,"Tight control, frequent replenishment"
8728,Blue Nun Authentic White,1.5L,59,9.45,1.89,176.68313789643656,C,Quarterly,Low,"Simple control, bulk ordering"
8729,Smirnoff Light Strawberry,50mL,2,0.74,0.148,116.24763874381928,C,Quarterly,Low,"Simple control, bulk ordering"
8730,Ruffino Orvieto Clsc,750mL,746,5.5,1.1,823.5179525558736,B,Monthly,Medium,Moderate control
8737,Freixenet Cordon Negro Brut,750mL,552,7.14,1.428,621.7351701880307,B,Monthly,Medium,Moderate control
8741,J Drouhin Chablis,750mL,103,16.33,3.266,177.58673480082865,B,Monthly,Medium,Moderate control
8744,Jadot Bourgogne Pinot Noir,750mL,243,12.32,2.4640000000000004,314.0384210094839,B,Monthly,Medium,Moderate control
8746,Cavit Pinot Grigio,750mL,3538,4.02,0.8039999999999999,2097.736282862508,A,Weekly,High,"Tight control, frequent replenishment"
8749,Lugny Les Charmes Macon,750mL,160,9.8,1.9600000000000002,285.7142857142857,B,Monthly,Medium,Moderate control
8761,Jose Cuervo Especial,375mL,1432,7.08,1.4160000000000001,1005.6338473958842,A,Weekly,High,"Tight control, frequent replenishment"
8767,Metcalfe's Raspberry Liqueur,750mL,6,19.68,3.936,39.04344047215152,C,Quarterly,Low,"Simple control, bulk ordering"
8778,Bulleit Bourbon,1.75L,556,37.29,7.458,273.0399566247581,A,Weekly,High,"Tight control, frequent replenishment"
8780,Sandeman Fine Rich Madeira,750mL,213,10.13,2.0260000000000002,324.2426059638234,B,Monthly,Medium,Moderate control
8781,Rodney Strong Cab Svgn,750mL,1840,10.32,2.064,944.1784091034142,A,Weekly,High,"Tight control, frequent replenishment"
8787,Torresella Pinot Grigio Ven,750mL,57,6.7,1.34,206.24575979359145,C,Quarterly,Low,"Simple control, bulk ordering"
8788,Stolichnaya,50mL,1644,1.53,0.30600000000000005,2317.875971575667,B,Monthly,Medium,Moderate control
8790,Bolla Valpolicella,1.5L,704,8.55,1.7100000000000002,641.6353375810504,A,Weekly,High,"Tight control, frequent replenishment"
8801,Smirnoff Wh Peach Sorbet,50mL,76,0.78,0.15600000000000003,697.9824404521128,C,Quarterly,Low,"Simple control, bulk ordering"
8808,Salignac VS Cognac,750mL,267,13.95,2.79,309.35242803505326,B,Monthly,Medium,Moderate control
8815,Ch Ste Michelle Chard Colmbi,750mL,1713,6.07,1.2140000000000002,1187.8711593723174,A,Weekly,High,"Tight control, frequent replenishment"
8819,Leroux Blackberry Brandy,750mL,1060,5.1,1.02,1019.4192887494869,B,Monthly,Medium,Moderate control
8822,Absolut 80 Proof,50mL,5334,1.46,0.292,4274.00553201224,A,Weekly,High,"Tight control, frequent replenishment"
8823,Leroux Apricot Brandy,750mL,769,5.42,1.084,842.2645630061501,B,Monthly,Medium,Moderate control
8828,Lunazul Blanco Tequila,750mL,4,12.4,2.4800000000000004,40.16096644512494,C,Quarterly,Low,"Simple control, bulk ordering"
8837,Santa Rita 120 Cab Svgn,750mL,1038,4.13,0.8260000000000001,1121.0078481623784,B,Monthly,Medium,Moderate control
8838,Ch Ste Michelle Cab Svgn Col,750mL,1039,7.71,1.542,820.8533726576094,A,Weekly,High,"Tight control, frequent replenishment"
8840,Burnetts Gin,1.75L,827,7.96,1.592,720.7443109793134,A,Weekly,High,"Tight control, frequent replenishment"
8847,J Roget Extra Dry,750mL,550,3.97,0.794,832.2831333781752,B,Monthly,Medium,Moderate control
8848,Deep Eddy Lemon Vodka,50mL,81,0.77,0.15400000000000003,725.2406676228421,C,Quarterly,Low,"Simple control, bulk ordering"
8875,Freixenet Cordon Negro Brut,1.5L,37,15.33,3.0660000000000003,109.8537247204851,C,Quarterly,Low,"Simple control, bulk ordering"
8877,Latour Beaujolais Villages,750mL,93,9.08,1.816,226.29947800313943,C,Quarterly,Low,"Simple control, bulk ordering"
8892,R Mondavi Cab Svgn Napa,750mL,354,17.0,3.4000000000000004,322.6726623977053,A,Weekly,High,"Tight control, frequent replenishment"
8893,Yukon Jack,750mL,463,12.68,2.536,427.28325255968207,A,Weekly,High,"Tight control, frequent replenishment"
8895,Gloria Ferrer Brut,750mL,53,12.41,2.482,146.12921329509493,C,Quarterly,Low,"Simple control, bulk ordering"
8897,Moet & Chandon Brut Imprl Ro,750mL,150,33.55,6.71,149.5148637622428,A,Weekly,High,"Tight control, frequent replenishment"
8898,Yukon Jack,1.75L,433,18.83,3.766,339.0812615951367,A,Weekly,High,"Tight control, frequent replenishment"
8905,Livingston Cellars Red Rose,3L,354,7.84,1.568,475.14766770178824,B,Monthly,Medium,Moderate control
8907,Carlo Rossi Burgundy Calif,1.5L,201,4.63,0.926,465.89981217983,C,Quarterly,Low,"Simple control, bulk ordering"
8908,Carlo Rossi Rhine Calif,1.5L,18,4.57,0.9140000000000001,140.33408091749638,C,Quarterly,Low,"Simple control, bulk ordering"
8909,Carlo Rossi Chablis Calif,1.5L,30,4.51,0.902,182.37166310401938,C,Quarterly,Low,"Simple control, bulk ordering"
8910,Finlandia Vodka,50mL,9104,0.77,0.15400000000000003,7688.750426232023,A,Weekly,High,"Tight control, frequent replenishment"
8914,Egri Bikaver Bulls Blood Eg,750mL,4,7.55,1.51,51.46850126549788,C,Quarterly,Low,"Simple control, bulk ordering"
8918,Beat 3 Reserve,750mL,17,24.61,4.922000000000001,58.7697246579166,C,Quarterly,Low,"Simple control, bulk ordering"
8921,Sterling Cab Svgn,750mL,412,11.45,2.29,424.16112947258443,A,Weekly,High,"Tight control, frequent replenishment"
8922,Taylor Lake Country Red,3L,571,5.4,1.08,727.1201439265067,B,Monthly,Medium,Moderate control
8929,Sebastiani Chard Sonoma,750mL,275,5.8,1.16,486.89728436010137,B,Monthly,Medium,Moderate control
8943,Malibu Rum Sparkler RTD,750mL,59,7.74,1.548,195.22729084438802,C,Quarterly,Low,"Simple control, bulk ordering"
8958,Malibu Peach Sparkler RTD,750mL,66,7.99,1.598,203.22801734453898,C,Quarterly,Low,"Simple control, bulk ordering"
8961,Jose Cuervo Especial,50mL,7046,1.12,0.22400000000000003,5608.507568226786,A,Weekly,High,"Tight control, frequent replenishment"
8962,Pimms Cup No 1,750mL,114,13.84,2.7680000000000002,202.94080688285905,C,Quarterly,Low,"Simple control, bulk ordering"
8965,St George Absinthe Verte,750mL,31,39.85,7.970000000000001,62.36654509672942,C,Quarterly,Low,"Simple control, bulk ordering"
8970,Ice Box Manhattan,1.75L,480,7.99,1.598,548.0652053694622,B,Monthly,Medium,Moderate control
8976,Beat 3 White Kosher Whiskey,750mL,9,19.99,3.9979999999999998,47.44602789255799,C,Quarterly,Low,"Simple control, bulk ordering"
8978,Riunite Lambrusco,3L,332,10.78,2.156,392.41415401917214,B,Monthly,Medium,Moderate control
8985,J Roget Spumante,750mL,623,4.44,0.8880000000000001,837.6016813358104,B,Monthly,Medium,Moderate control
8986,Sauza Blue Silver VAP,750mL,4,12.02,2.404,40.79085082240021,C,Quarterly,Low,"Simple control, bulk ordering"
9028,Prairie Organic Gin,750mL,110,11.59,2.318,217.8410024067886,C,Quarterly,Low,"Simple control, bulk ordering"
9037,Prairie Organic Cucumber Vod,750mL,250,11.93,2.386,323.6941008323492,B,Monthly,Medium,Moderate control
9066,American Harvest Organic,1.75L,94,24.42,4.884,138.73182492319216,B,Monthly,Medium,Moderate control
9092,Junipero Gin,750mL,54,21.89,4.378,111.06034066701145,C,Quarterly,Low,"Simple control, bulk ordering"
9105,Loukatos Tsipouro Brandy,750mL,1,14.81,2.962,18.374159114365668,C,Quarterly,Low,"Simple control, bulk ordering"
9109,Deep Eddy Ruby Red Vodka,50mL,789,0.76,0.15200000000000002,2278.3304136328006,C,Quarterly,Low,"Simple control, bulk ordering"
9115,Caffo Limoncino Dell'l Sola,750mL,119,10.35,2.07,239.76639194289515,C,Quarterly,Low,"Simple control, bulk ordering"
9116,KAH Tequila 3/50mLs Pak,50mL 3 Pk,37,18.51,3.7020000000000004,99.97298392494261,C,Quarterly,Low,"Simple control, bulk ordering"
9118,Caffo Sambuca Secolare,750mL,177,10.35,2.07,292.4162211246353,B,Monthly,Medium,Moderate control
9129,Peychaud's Bitters,5.0 Oz,303,3.84,0.768,628.1172263200557,C,Quarterly,Low,"Simple control, bulk ordering"
9136,Caffo Amaretto Liqueur,750mL,149,10.81,2.1620000000000004,262.52174924215683,C,Quarterly,Low,"Simple control, bulk ordering"
9140,Caffo Vecchio Amaro del Capo,750mL,40,16.29,3.258,110.80374921908894,C,Quarterly,Low,"Simple control, bulk ordering"
9145,Smirnoff Kissed Caramel,50mL,6637,0.75,0.15000000000000002,6651.816794430425,B,Monthly,Medium,Moderate control
9147,Green Spot Irish Whiskey,750mL,13,36.22,7.244,42.3625852028535,C,Quarterly,Low,"Simple control, bulk ordering"
9191,Mojoshot Blue Lagoon RTD,50mL,114,0.73,0.146,883.6412834449391,C,Quarterly,Low,"Simple control, bulk ordering"
9256,Don Ramon Silver Tequila,750mL,87,22.05,4.41,140.45601146431073,B,Monthly,Medium,Moderate control
9304,Arak Razzouk,750mL,63,14.38,2.8760000000000003,148.00481140921792,C,Quarterly,Low,"Simple control, bulk ordering"
9358,KAH Reposado Tequila,750mL,53,41.98,8.395999999999999,79.4514302960233,B,Monthly,Medium,Moderate control
9360,KAH Blanco Tequila,750mL,51,35.99,7.198,84.17423283066668,B,Monthly,Medium,Moderate control
9361,KAH Anejo Tequila,750mL,18,48.5,9.700000000000001,43.077489517064286,C,Quarterly,Low,"Simple control, bulk ordering"
9388,Hennessy Privilege VSOP,375mL,190,17.14,3.4280000000000004,235.42706793694353,B,Monthly,Medium,Moderate control
9439,Cointreau VAP,750mL,38,21.47,4.294,94.07208683835974,C,Quarterly,Low,"Simple control, bulk ordering"
10021,Clayhouse Syrah Paso Robles,750mL,79,7.89,1.578,223.7484555391322,C,Quarterly,Low,"Simple control, bulk ordering"
10030,Pacifico Sur Pnt Nr Rsv,750mL,26,5.19,1.038,158.2661352179931,C,Quarterly,Low,"Simple control, bulk ordering"
10051,Joseph Phelps Cab Svgn Napa,750mL,75,38.7,7.740000000000001,98.43740386976971,B,Monthly,Medium,Moderate control
10057,Rocca delle Macie Sasyr Tscn,750mL,13,8.44,1.688,87.75774496275453,C,Quarterly,Low,"Simple control, bulk ordering"
10058,F Coppola Dmd Ivry Cab Svgn,750mL,1544,9.26,1.852,913.0680722353823,A,Weekly,High,"Tight control, frequent replenishment"
10062,Terroirs du Rhone,750mL,440,6.03,1.2060000000000002,604.0218989363657,B,Monthly,Medium,Moderate control
10121,Columbia Crest 08 Cab Svgn,750mL,14,23.64,4.728000000000001,54.41583326864975,C,Quarterly,Low,"Simple control, bulk ordering"
10122,Columbia Crest Walter Clore,750mL,6,15.86,3.172,43.491965601464145,C,Quarterly,Low,"Simple control, bulk ordering"
10124,Tormaresca Neprica Puglia,750mL,15,7.33,1.4660000000000002,101.15297129415976,C,Quarterly,Low,"Simple control, bulk ordering"
10164,Andre Bourgogne Pnt Nr RSV,750mL,54,10.45,2.09,160.73991593304595,C,Quarterly,Low,"Simple control, bulk ordering"
10175,Big House Birdman Pnt Grigio,750mL,73,5.19,1.038,265.19342560952094,C,Quarterly,Low,"Simple control, bulk ordering"
10205,R Mondavi Pnt Nr Napa Vly,750mL,55,16.99,3.3979999999999997,127.22417914790702,C,Quarterly,Low,"Simple control, bulk ordering"
10227,Due Torri Pnt Nr del Venezie,750mL,72,6.16,1.2320000000000002,241.74688920761406,C,Quarterly,Low,"Simple control, bulk ordering"
10235,Sheffield Marsala Silver Lne,1.5L,48,6.89,1.3780000000000001,186.63625434750082,C,Quarterly,Low,"Simple control, bulk ordering"
10236,Layer Cake Malbec Mendoza,750mL,882,7.81,1.562,751.4390803127388,A,Weekly,High,"Tight control, frequent replenishment"
10238,Layer Cake Primitivo Puglia,750mL,247,10.66,2.132,340.3728228525088,B,Monthly,Medium,Moderate control
10239,Cannonball Cab Svgn Cal,750mL,887,9.08,1.816,698.8820525296222,A,Weekly,High,"Tight control, frequent replenishment"
10242,Rosenblum RSV Znfdl Monte Rs,750mL,170,15.17,3.0340000000000003,236.71003653731088,B,Monthly,Medium,Moderate control
10254,Beringer Classic Chard,750mL,195,3.37,0.674,537.8824289920592,C,Quarterly,Low,"Simple control, bulk ordering"
10264,Fort Ross Pnt Nr Sonoma Cst,750mL,212,19.6,3.9200000000000004,232.5545799442815,B,Monthly,Medium,Moderate control
10266,Klinker Brick Old Vine Znfdl,750mL,1123,9.58,1.9160000000000001,765.5827259216636,A,Weekly,High,"Tight control, frequent replenishment"
10267,Klinker Brick Old Ghst Znfdl,750mL,32,24.65,4.93,80.5659494510761,C,Quarterly,Low,"Simple control, bulk ordering"
10274,Rebel Newmans Own Chard,750mL,4,6.49,1.298,55.51273816533689,C,Quarterly,Low,"Simple control, bulk ordering"
10283,M D 20/20 Orange Jubilee,750mL,392,2.57,0.514,873.2960061725275,C,Quarterly,Low,"Simple control, bulk ordering"
10296,Alamos Slcn Malbec Mendoza,750mL,399,9.73,1.9460000000000002,452.8089787349866,B,Monthly,Medium,Moderate control
10298,Alamos Torrontes,750mL,245,4.51,0.902,521.1704378388723,C,Quarterly,Low,"Simple control, bulk ordering"
10336,Poema Brut Cava Penedes,750mL,7,8.1,1.62,65.73421981221796,C,Quarterly,Low,"Simple control, bulk ordering"
10357,Gnarly Head Chard Cal,750mL,146,5.19,1.038,375.040139149165,C,Quarterly,Low,"Simple control, bulk ordering"
10359,Adelsheim Elizbth RSV Pnt Nr,750mL,5,29.03,5.806000000000001,29.345836018579345,C,Quarterly,Low,"Simple control, bulk ordering"
10370,Bouvier Marsannay Rose,750mL,3,16.99,3.3979999999999997,29.713166741538622,C,Quarterly,Low,"Simple control, bulk ordering"
10372,Hazlitt Red Cat Finger Lakes,750mL,172,5.33,1.066,401.685006289348,C,Quarterly,Low,"Simple control, bulk ordering"
10374,Hazlitt White Cat Fngr Lakes,750mL,11,5.19,1.038,102.94320038165199,C,Quarterly,Low,"Simple control, bulk ordering"
10380,Santa Cristina Pnt Grigio,750mL,3,7.09,1.4180000000000001,45.996259123047466,C,Quarterly,Low,"Simple control, bulk ordering"
10398,Spring Vly Frederick Rd,750mL,1,22.87,4.574000000000001,14.786041468221176,C,Quarterly,Low,"Simple control, bulk ordering"
10399,Spring Vly Uriah Walla Walla,750mL,1,21.33,4.266,15.31050707248751,C,Quarterly,Low,"Simple control, bulk ordering"
10400,Rodney Strong Symmetry,750mL,8,36.05,7.21,33.31020926996521,C,Quarterly,Low,"Simple control, bulk ordering"
10414,Le Cirque Rose,750mL,11,7.89,1.578,83.49161141199977,C,Quarterly,Low,"Simple control, bulk ordering"
10415,Le Pive Rose Gris,750mL,43,8.6,1.72,158.11388300841898,C,Quarterly,Low,"Simple control, bulk ordering"
10420,Barefoot Moscato Cal,750mL,1249,3.35,0.67,1365.349444090271,B,Monthly,Medium,Moderate control
10421,Barefoot Moscato Cal,1.5L,1570,5.9,1.1800000000000002,1153.4766900879579,A,Weekly,High,"Tight control, frequent replenishment"
10422,Mirassou Pnt Grigio Cal,750mL,146,6.07,1.2140000000000002,346.79041427536373,C,Quarterly,Low,"Simple control, bulk ordering"
10441,Charles Smith Boom Boom Syra,750mL,85,10.95,2.19,197.00960734981393,C,Quarterly,Low,"Simple control, bulk ordering"
10443,Charles Smith Kung Fu Girl R,750mL,431,6.5,1.3,575.7937664984413,B,Monthly,Medium,Moderate control
10451,Line 39 Cab Svgn Lake Cnty,750mL,1473,5.29,1.058,1179.9362387053834,A,Weekly,High,"Tight control, frequent replenishment"
10452,Line 39 Lk Cnty Petite Sirah,750mL,110,6.07,1.2140000000000002,301.01421094270006,C,Quarterly,Low,"Simple control, bulk ordering"
10453,Line 39 Svgn Bl Lake County,750mL,429,5.29,1.058,636.7747180816004,B,Monthly,Medium,Moderate control
10469,Easton Svgn Bl Sierra Foothl,750mL,33,10.32,2.064,126.4451347147183,C,Quarterly,Low,"Simple control, bulk ordering"
10470,Easton Amador Cnty Znfdl,750mL,38,11.4,2.2800000000000002,129.09944487358055,C,Quarterly,Low,"Simple control, bulk ordering"
10472,Clos du Bois Pnt Nr Cal,750mL,467,6.07,1.2140000000000002,620.2247559882561,B,Monthly,Medium,Moderate control
10531,Franciscan Est Svgn Bl Napa,750mL,50,9.86,1.972,159.23243882462052,C,Quarterly,Low,"Simple control, bulk ordering"
10576,Diseno Malbec Mendoza,750mL,89,6.49,1.298,261.8530622202934,C,Quarterly,Low,"Simple control, bulk ordering"
10579,High Note Malbec Mendoza,750mL,484,6.62,1.324,604.614680922244,B,Monthly,Medium,Moderate control
10581,Fat Bastard Pnt Nr,750mL,132,6.62,1.324,315.7497192340392,C,Quarterly,Low,"Simple control, bulk ordering"
10591,J Lohr Fogs Ranch Pnt Nr,750mL,30,18.61,3.722,89.77852024551572,C,Quarterly,Low,"Simple control, bulk ordering"
10596,Almaden Mt Rhine Calif B/B,5L,549,9.86,1.972,527.6339317395356,A,Weekly,High,"Tight control, frequent replenishment"
10603,Parducci Petite Sirah,750mL,194,7.58,1.516,357.72662429692133,C,Quarterly,Low,"Simple control, bulk ordering"
10606,Parducci Cab Svgn,750mL,95,7.58,1.516,250.32959803370244,C,Quarterly,Low,"Simple control, bulk ordering"
10609,Oyster Bay Chard Marlboro,750mL,283,7.84,1.568,424.8349019060828,B,Monthly,Medium,Moderate control
10618,14 Hands Rsl Wash,750mL,5,6.84,1.368,60.4563541758343,C,Quarterly,Low,"Simple control, bulk ordering"
10621,Righetti Campolieti Valpo,750mL,30,11.56,2.3120000000000003,113.91127488845343,C,Quarterly,Low,"Simple control, bulk ordering"
10623,Querceto La Corte Toscana,750mL,7,31.97,6.394,33.08740474607791,C,Quarterly,Low,"Simple control, bulk ordering"
10624,Querceto Il Querciolaia Tosc,750mL,9,37.74,7.548000000000001,34.53069416370981,C,Quarterly,Low,"Simple control, bulk ordering"
10625,Querceto Il Sole Alessandro,750mL,6,45.26,9.052,25.74561986265315,C,Quarterly,Low,"Simple control, bulk ordering"
10626,MezzaCorona Pnt Nr,1.5L,627,7.53,1.5060000000000002,645.2400029094458,B,Monthly,Medium,Moderate control
10642,Marques de Murrieta RSV Rioj,750mL,1,19.86,3.972,15.86702039938442,C,Quarterly,Low,"Simple control, bulk ordering"
10647,Fish Eye Cab Svgn,3L,59,11.4,2.2800000000000002,160.86389583264523,C,Quarterly,Low,"Simple control, bulk ordering"
10650,Gaia Notios Nemea Wh,750mL,27,10.59,2.118,112.90648942424723,C,Quarterly,Low,"Simple control, bulk ordering"
10666,Clayhouse Adobe Cntrl Cst Wh,750mL,59,7.74,1.548,195.22729084438802,C,Quarterly,Low,"Simple control, bulk ordering"
10676,W Hill RSV Cab Svgn,750mL,28,28.1,5.620000000000001,70.58474626783006,C,Quarterly,Low,"Simple control, bulk ordering"
10680,Segura Viudas Brut RSV,750mL,198,7.18,1.436,371.3260135737139,C,Quarterly,Low,"Simple control, bulk ordering"
10701,Yellow Tail Bubbles Rose,750mL,12,6.62,1.324,95.20212239630652,C,Quarterly,Low,"Simple control, bulk ordering"
10702,Kris Pnt Nr delle Venezie,750mL,123,8.05,1.6100000000000003,276.40100493296023,C,Quarterly,Low,"Simple control, bulk ordering"
10706,Brownstone Merlot Cal,750mL,24,6.12,1.2240000000000002,140.02800840280096,C,Quarterly,Low,"Simple control, bulk ordering"
10708,Howling Moon Pnt Nr N Cst,750mL,12,9.08,1.816,81.28917219051073,C,Quarterly,Low,"Simple control, bulk ordering"
10715,C Y Toro Privada Rsv Casa Di,750mL,93,9.14,1.8280000000000003,225.55547770554347,C,Quarterly,Low,"Simple control, bulk ordering"
10722,R M Woodbridge Chard,750mL,28,3.92,0.784,188.9822365046136,C,Quarterly,Low,"Simple control, bulk ordering"
10723,R M Woodbridge Chard,1.5L,1127,6.2,1.2400000000000002,953.3472440522054,A,Weekly,High,"Tight control, frequent replenishment"
10724,Canyon Rd Wh Znfdl,750mL,30,3.15,0.63,218.21789023599237,C,Quarterly,Low,"Simple control, bulk ordering"
10727,Starborough Svgn Bl Marlboro,750mL,1850,5.41,1.082,1307.5919366637652,A,Weekly,High,"Tight control, frequent replenishment"
10731,A Bichot Chard Bourgogne,750mL,19,9.99,1.9980000000000002,97.51671400077788,C,Quarterly,Low,"Simple control, bulk ordering"
10732,A Bichot Pnt Nr Bourgogne,750mL,39,9.8,1.9600000000000002,141.0601261295107,C,Quarterly,Low,"Simple control, bulk ordering"
10733,A Bichot Macon-Villages,750mL,7,8.16,1.6320000000000001,65.49210399944798,C,Quarterly,Low,"Simple control, bulk ordering"
10734,A Bichot Chablis Long Depaqt,750mL,52,11.72,2.3440000000000003,148.94395033467094,C,Quarterly,Low,"Simple control, bulk ordering"
10735,Ch Beauchene Rose,750mL,27,9.39,1.8780000000000001,119.90411504661472,C,Quarterly,Low,"Simple control, bulk ordering"
10750,Gattinara Travaglini,750mL,48,17.99,3.598,115.50214222366002,C,Quarterly,Low,"Simple control, bulk ordering"
10762,Pacifico Sur Svgn Bl,750mL,25,4.05,0.81,175.68209223157663,C,Quarterly,Low,"Simple control, bulk ordering"
10766,Moillard Ch d'Eau VDP Rose,750mL,5,9.58,1.9160000000000001,51.08427684025952,C,Quarterly,Low,"Simple control, bulk ordering"
10792,Perrier Jouet Fleur Rose,750mL,3,107.48,21.496000000000002,11.813587453858336,C,Quarterly,Low,"Simple control, bulk ordering"
10863,Sea Smoke Southing Pnt Nr,750mL,9,43.33,8.666,32.2264088328743,C,Quarterly,Low,"Simple control, bulk ordering"
10864,Sea Smoke Ten Snt Brb Pnt Nr,750mL,1,59.3,11.86,9.182430617242485,C,Quarterly,Low,"Simple control, bulk ordering"
10870,Bouza Tannat Las Violetas,750mL,17,10.45,2.09,90.18853193098349,C,Quarterly,Low,"Simple control, bulk ordering"
10874,Cantine Maschio Prosecco Brt,750mL,657,7.53,1.5060000000000002,660.496010646303,B,Monthly,Medium,Moderate control
10895,Schmitt Sohne Relax Mosel,1.5L,235,13.51,2.702,294.91119490339565,B,Monthly,Medium,Moderate control
10910,Marcarini Barolo Brunate,750mL,2,41.37,8.274,15.54738093389993,C,Quarterly,Low,"Simple control, bulk ordering"
10916,Piper Sonoma Bl de Bl Sonoma,750mL,45,9.39,1.8780000000000001,154.79554690575898,C,Quarterly,Low,"Simple control, bulk ordering"
10927,Barefoot Sparklng Pnt Grigio,750mL,214,6.57,1.314,403.5610135142082,C,Quarterly,Low,"Simple control, bulk ordering"
10931,Bridlewood Chard Monterey,750mL,77,8.27,1.654,215.7633169656159,C,Quarterly,Low,"Simple control, bulk ordering"
10932,Bridlewood Blend 175 C C,750mL,29,9.33,1.866,124.66460900113638,C,Quarterly,Low,"Simple control, bulk ordering"
10935,Grgich Hills Merlot Napa,750mL,12,27.92,5.5840000000000005,46.357277041155974,C,Quarterly,Low,"Simple control, bulk ordering"
10957,Seaglass Svgn Bl Snt Barbara,750mL,1233,6.12,1.2240000000000002,1003.6697371030325,A,Weekly,High,"Tight control, frequent replenishment"
10972,L Einaudi Dolcetto Dogliani,750mL,31,11.76,2.352,114.80536620229708,C,Quarterly,Low,"Simple control, bulk ordering"
11003,Klinker Brick Farrah Syrah,750mL,80,11.25,2.25,188.56180831641268,C,Quarterly,Low,"Simple control, bulk ordering"
11022,Hogue Cab Svgn Columbia,750mL,2,6.16,1.2320000000000002,40.29114820126901,C,Quarterly,Low,"Simple control, bulk ordering"
11029,M Molitor Spatlese Mosel,750mL,10,17.8,3.5600000000000005,52.999894000317994,C,Quarterly,Low,"Simple control, bulk ordering"
11037,Beringer Classic Cab Svgn,750mL,52,3.28,0.656,281.5462531857365,C,Quarterly,Low,"Simple control, bulk ordering"
11038,Beringer Classic Merlot,750mL,3,4.51,0.902,57.67098360815944,C,Quarterly,Low,"Simple control, bulk ordering"
11055,Ramey Cab Svgn Napa,750mL,14,37.49,7.498000000000001,43.21069980017209,C,Quarterly,Low,"Simple control, bulk ordering"
11067,Sterling Chard,750mL,206,8.24,1.6480000000000001,353.5533905932737,B,Monthly,Medium,Moderate control
11077,Nova 06 Marilyn Merlot Napa,750mL,3,19.99,3.9979999999999998,27.392976975746848,C,Quarterly,Low,"Simple control, bulk ordering"
11078,Chenin Bl K Forrester Stlnbh,750mL,12,11.48,2.2960000000000003,72.29440390678198,C,Quarterly,Low,"Simple control, bulk ordering"
11080,G Vigouroux Pigmentum Malbec,750mL,145,6.62,1.324,330.9329483659785,C,Quarterly,Low,"Simple control, bulk ordering"
11088,Gruet Blanc de Noir,375mL,1,6.84,1.368,27.036903521793757,C,Quarterly,Low,"Simple control, bulk ordering"
11089,Jaboulet Cts Rhone Parl Rose,750mL,235,6.86,1.372,413.86326103414785,C,Quarterly,Low,"Simple control, bulk ordering"
11141,C K Mondavi Chard,1.5L,1459,5.55,1.11,1146.4791382377675,A,Weekly,High,"Tight control, frequent replenishment"
11149,Napa Cellars Svgn Bl,750mL,2,11.76,2.352,29.160592175990217,C,Quarterly,Low,"Simple control, bulk ordering"
11152,Stemmari Pt Nr,750mL,247,5.26,1.052,484.55224127509183,C,Quarterly,Low,"Simple control, bulk ordering"
11153,Canyon Rd Chard,1.5L,89,5.99,1.1980000000000002,272.5628076980308,C,Quarterly,Low,"Simple control, bulk ordering"
11154,Canyon Rd Cab Svgn,1.5L,89,6.03,1.2060000000000002,271.65728091713316,C,Quarterly,Low,"Simple control, bulk ordering"
11156,Canyon Rd Wh Znfdl,1.5L,33,6.07,1.2140000000000002,164.87227346293523,C,Quarterly,Low,"Simple control, bulk ordering"
11164,Ame Neyers Cab Svgn Napa,750mL,2,52.97,10.594000000000001,13.739945609158966,C,Quarterly,Low,"Simple control, bulk ordering"
11174,Sutter Home Sweet Red,1.5L,6,6.66,1.332,67.11560552140243,C,Quarterly,Low,"Simple control, bulk ordering"
11187,Phillips Rapture Cab Svgn,750mL,21,37.66,7.532,52.802500785657216,C,Quarterly,Low,"Simple control, bulk ordering"
11196,Angelini Pnt Grigio Veneto,750mL,620,5.88,1.176,726.0928896179479,B,Monthly,Medium,Moderate control
11199,Carpene Malvolti Prosecco,750mL,55,9.8,1.9600000000000002,167.5148485651225,C,Quarterly,Low,"Simple control, bulk ordering"
11200,Palagetto Vernaccia Gimigano,750mL,55,9.26,1.852,172.32998633454596,C,Quarterly,Low,"Simple control, bulk ordering"
11207,Livon Pnt Grigio,750mL,20,10.34,2.068,98.34215720608248,C,Quarterly,Low,"Simple control, bulk ordering"
11209,Pezzi King Svgn Bl Dry Creek,750mL,31,8.78,1.756,132.8674472628312,C,Quarterly,Low,"Simple control, bulk ordering"
11213,Meiomi Pnt Nr,750mL,1589,12.66,2.532,792.1913535253436,A,Weekly,High,"Tight control, frequent replenishment"
11214,Caymus Cab Svgn Napa Vly,750mL,534,50.33,10.066,230.32557576694416,A,Weekly,High,"Tight control, frequent replenishment"
11219,Josh Cellars Cab Svgn Sonoma,750mL,7248,8.44,1.688,2072.1580206536473,A,Weekly,High,"Tight control, frequent replenishment"
11227,Girard Svgn Bl Napa Vly,750mL,80,9.73,1.9460000000000002,202.75593497484388,C,Quarterly,Low,"Simple control, bulk ordering"
11238,Willamette Whole Clst Pnt Nr,750mL,252,13.24,2.648,308.49013459427505,B,Monthly,Medium,Moderate control
11249,Joseph Carr Merlot Napa Vly,750mL,51,11.84,2.368,146.7554501957667,C,Quarterly,Low,"Simple control, bulk ordering"
11259,Jaboulet Crozes Herm 10 Thal,750mL,1,31.16,6.232,12.667364798453498,C,Quarterly,Low,"Simple control, bulk ordering"
11263,Sequoia Grove Chard,750mL,3,13.69,2.738,33.101212740313215,C,Quarterly,Low,"Simple control, bulk ordering"
11274,Nardi Brunello di Montalcino,750mL,3,32.18,6.436,21.589998374992852,C,Quarterly,Low,"Simple control, bulk ordering"
11279,Cabreo Il Borgo Toscana,750mL,5,29.21,5.8420000000000005,29.25527776248151,C,Quarterly,Low,"Simple control, bulk ordering"
11296,Herzog Kosher Merlot,750mL,10,9.58,1.9160000000000001,72.24407713151682,C,Quarterly,Low,"Simple control, bulk ordering"
11306,Clos LaChance Cab Svgn,750mL,16,10.52,2.104,87.20414403938946,C,Quarterly,Low,"Simple control, bulk ordering"
11310,Beaulieu Tapestry 05 Rsv,750mL,14,38.31,7.662000000000001,42.74575025320006,C,Quarterly,Low,"Simple control, bulk ordering"
11319,Rosenblum Vntnrs Cv Cab Svgn,750mL,1,7.18,1.436,26.388990698462976,C,Quarterly,Low,"Simple control, bulk ordering"
11320,Edna Valley Paragon Svgn Bl,750mL,143,7.74,1.548,303.93627783124566,C,Quarterly,Low,"Simple control, bulk ordering"
11321,BV GDL Private Rsv Cab Svgn,750mL,5,77.88,15.576,17.916659201393554,C,Quarterly,Low,"Simple control, bulk ordering"
11333,Herzog Kosher Cab Svgn,750mL,23,9.2,1.8399999999999999,111.8033988749895,C,Quarterly,Low,"Simple control, bulk ordering"
11337,Freemark Abbey Merlot Napa,750mL,43,17.44,3.4880000000000004,111.03144442623515,C,Quarterly,Low,"Simple control, bulk ordering"
11340,Herzog Kosher Chard,750mL,7,9.2,1.8399999999999999,61.679395474396124,C,Quarterly,Low,"Simple control, bulk ordering"
11341,Herzog Kosher Wh Znfdl,750mL,5,4.69,0.9380000000000002,73.01020754057113,C,Quarterly,Low,"Simple control, bulk ordering"
11353,Latour Meursault AC Blanc,750mL,28,31.75,6.3500000000000005,66.40368076317485,C,Quarterly,Low,"Simple control, bulk ordering"
11354,Paso a Paso Tempranillo,750mL,207,6.57,1.314,396.9058409438471,C,Quarterly,Low,"Simple control, bulk ordering"
11366,Two Oceans WestrnCape Shiraz,750mL,36,6.07,1.2140000000000002,172.20347337908743,C,Quarterly,Low,"Simple control, bulk ordering"
11367,Two Oceans WstrnCape Svgn Bl,750mL,174,6.07,1.2140000000000002,378.58663717191604,C,Quarterly,Low,"Simple control, bulk ordering"
11396,Buried Cane Cab Svgn,750mL,68,8.44,1.688,200.70964149630046,C,Quarterly,Low,"Simple control, bulk ordering"
11397,Buried Cane Chard,750mL,28,8.21,1.6420000000000003,130.58474318331886,C,Quarterly,Low,"Simple control, bulk ordering"
11414,Beringer Classic Moscato,750mL,212,3.26,0.652,570.2222147839636,C,Quarterly,Low,"Simple control, bulk ordering"
11423,Ch Julien Merlot Mont Cnty,750mL,2,6.66,1.332,38.749212914606424,C,Quarterly,Low,"Simple control, bulk ordering"
11433,Undone Pnt Nr,750mL,24,6.89,1.3780000000000001,131.9717610643751,C,Quarterly,Low,"Simple control, bulk ordering"
11437,Schug Svgn Bl Sonoma Vly,750mL,47,10.73,2.1460000000000004,147.99057928254746,C,Quarterly,Low,"Simple control, bulk ordering"
11440,Peter Vella Sangria B/B,5L,283,9.14,1.8280000000000003,393.4641081170779,B,Monthly,Medium,Moderate control
11441,Frei Bros Rsv Znfdl,750mL,127,10.96,2.192,240.7030456898698,C,Quarterly,Low,"Simple control, bulk ordering"
11443,Ravenswood Petite Sirah Vnts,750mL,41,5.33,1.066,196.11613513818403,C,Quarterly,Low,"Simple control, bulk ordering"
11449,Cambridge & Sunset Pnt Nr,750mL,49,8.84,1.768,166.47802295407294,C,Quarterly,Low,"Simple control, bulk ordering"
11456,Burgess Cab Svgn Napa,750mL,164,22.72,4.544,189.97776000304523,B,Monthly,Medium,Moderate control
11460,Freemark Abbey Cab Svgn Napa,750mL,51,27.02,5.404,97.14655803461012,C,Quarterly,Low,"Simple control, bulk ordering"
11480,Candia Vyds Noiret Vault RSV,750mL,69,10.06,2.012,185.1870259830459,C,Quarterly,Low,"Simple control, bulk ordering"
11488,C K Mondavi Cab Svgn,1.5L,903,7.53,1.5060000000000002,774.3394563274545,A,Weekly,High,"Tight control, frequent replenishment"
11499,C Krug Cab Svgn,750mL,185,18.24,3.6479999999999997,225.19484740607547,B,Monthly,Medium,Moderate control
11529,Benvolio Pnt Grigio Friuli,750mL,419,3.76,0.752,746.4454776230008,C,Quarterly,Low,"Simple control, bulk ordering"
11640,F Coppola Emerald Pnt Grigio,750mL,8,6.49,1.298,78.50686719788595,C,Quarterly,Low,"Simple control, bulk ordering"
11698,Lamberti Prosecco X Dry,750mL,210,7.84,1.568,365.96252735569993,B,Monthly,Medium,Moderate control
11699,Lamberti Rose Sparkling,750mL,17,7.84,1.568,104.12414097938037,C,Quarterly,Low,"Simple control, bulk ordering"
11703,Macchia Mischievous Znfdl Lo,750mL,13,14.48,2.8960000000000004,66.99962892615969,C,Quarterly,Low,"Simple control, bulk ordering"
11743,Parducci Sustainable White,750mL,12,4.9,0.9800000000000001,110.65666703449762,C,Quarterly,Low,"Simple control, bulk ordering"
11744,Parducci Sustainable Red,750mL,12,6.53,1.306,95.85594091594993,C,Quarterly,Low,"Simple control, bulk ordering"
11745,Colores del Sol Malbec Rsv,750mL,104,6.12,1.2240000000000002,291.4915440650687,C,Quarterly,Low,"Simple control, bulk ordering"
11749,Almaden Pnt Grigio B/B,5L,18,10.8,2.16,91.28709291752767,C,Quarterly,Low,"Simple control, bulk ordering"
11770,La Basttistina Gavi,750mL,2,9.33,1.866,32.73853022358256,C,Quarterly,Low,"Simple control, bulk ordering"
11771,Palagetto Sottobosco Rosso,750mL,22,19.17,3.8340000000000005,75.75046203618746,C,Quarterly,Low,"Simple control, bulk ordering"
11774,Diamond Crk Cab Svgn Volcanc,750mL,3,148.02,29.604000000000003,10.066660671412762,C,Quarterly,Low,"Simple control, bulk ordering"
11775,Diamond Creek Red Rock Cab S,750mL,5,149.99,29.998000000000005,12.910374840358736,C,Quarterly,Low,"Simple control, bulk ordering"
11776,Diamond Crk Gravelly Cab Svg,750mL,5,154.1,30.82,12.737045052816692,C,Quarterly,Low,"Simple control, bulk ordering"
11819,Pacific Rim Vin de Glaci Rsl,375mL,25,10.34,2.068,109.94987428338561,C,Quarterly,Low,"Simple control, bulk ordering"
11821,Slingshot Cab Svgn,750mL,187,10.66,2.132,296.16054669450233,B,Monthly,Medium,Moderate control
11825,Cupcake Cab Svgn,750mL,1717,4.66,0.932,1357.3041951278233,A,Weekly,High,"Tight control, frequent replenishment"
11826,Cupcake Chard,750mL,3270,4.72,0.944,1861.1778665263182,A,Weekly,High,"Tight control, frequent replenishment"
11827,Cupcake Merlot,750mL,1162,4.76,0.952,1104.8023512348793,A,Weekly,High,"Tight control, frequent replenishment"
11828,Cupcake Svgn Bl,750mL,3085,3.97,0.794,1971.1393731067285,A,Weekly,High,"Tight control, frequent replenishment"
11854,Trivento Amado Sur Malbec,750mL,218,8.38,1.6760000000000002,360.65440389013145,B,Monthly,Medium,Moderate control
11856,Albola Chianti,750mL,25,7.53,1.5060000000000002,128.84201800751828,C,Quarterly,Low,"Simple control, bulk ordering"
11868,Columbia Crest Two Vines Rsl,750mL,1,4.63,0.926,32.862038995038745,C,Quarterly,Low,"Simple control, bulk ordering"
11888,Penfolds Koonunga Hills Shir,750mL,459,7.53,1.5060000000000002,552.0696301138325,B,Monthly,Medium,Moderate control
11891,Penfolds Bin 389 Cab/Shiraz,750mL,24,39.73,7.946,54.95805324436786,C,Quarterly,Low,"Simple control, bulk ordering"
11915,Sequoia Grove Cab Svgn,750mL,232,19.6,3.9200000000000004,243.27694808466288,B,Monthly,Medium,Moderate control
11918,Ch de Beaucastel Pape Blanc,750mL,1,85.61,17.122,7.642276624820589,C,Quarterly,Low,"Simple control, bulk ordering"
11926,The Crusher Cab Svgn,750mL,146,8.05,1.6100000000000003,301.1365633955209,C,Quarterly,Low,"Simple control, bulk ordering"
11932,Castello Banfi Belnero Prop,750mL,36,18.29,3.658,99.20404937148676,C,Quarterly,Low,"Simple control, bulk ordering"
11957,Souverain Cab Svgn N Cst,750mL,823,9.93,1.986,643.7397033269552,A,Weekly,High,"Tight control, frequent replenishment"
11970,Zaccagnini Montepulciano Rsv,750mL,676,7.71,1.542,662.1115458078708,A,Weekly,High,"Tight control, frequent replenishment"
12024,Terre Rouge Syrah Les Cotes,750mL,41,11.56,2.3120000000000003,133.1674285020208,C,Quarterly,Low,"Simple control, bulk ordering"
12052,Firesteed Rsl,750mL,4,8.55,1.7100000000000002,48.36508334066744,C,Quarterly,Low,"Simple control, bulk ordering"
12067,Casalini Pnt Grigio,750mL,59,4.57,0.9140000000000001,254.0697194068487,C,Quarterly,Low,"Simple control, bulk ordering"
12069,Gnarly Head Pnt Grigio,750mL,231,5.33,1.066,465.5082557915932,C,Quarterly,Low,"Simple control, bulk ordering"
12073,Montevina Cab Svgn,750mL,1,7.53,1.5060000000000002,25.768403601503657,C,Quarterly,Low,"Simple control, bulk ordering"
12078,F Coppola Votre Sante Pnt Nr,750mL,211,7.48,1.4960000000000002,375.5566278854137,B,Monthly,Medium,Moderate control
12079,F Coppola Votre Sante Chard,750mL,53,7.43,1.486,188.85501855919335,C,Quarterly,Low,"Simple control, bulk ordering"
12086,Candia Vyds Classic Cab Svgn,750mL,49,9.65,1.9300000000000002,159.3380087620949,C,Quarterly,Low,"Simple control, bulk ordering"
12097,Felino Vina Cobos Cab Svgn,750mL,24,13.42,2.684,94.56150270769183,C,Quarterly,Low,"Simple control, bulk ordering"
12109,La Crema Pnt Nr Monterey,750mL,138,12.33,2.466,236.5609235685613,B,Monthly,Medium,Moderate control
12110,La Crema Chardonnay Monterey,750mL,215,10.45,2.09,320.73480228551625,B,Monthly,Medium,Moderate control
12111,LaBelle Winery Cranberry,750mL,258,10.73,2.1460000000000004,346.7328538627539,B,Monthly,Medium,Moderate control
12116,Lindemans Bin 85 Pnt Grigio,1.5L,78,7.74,1.548,224.47181760574043,C,Quarterly,Low,"Simple control, bulk ordering"
12123,Barefoot Cellars Rsl,750mL,735,3.37,0.674,1044.2722111779933,B,Monthly,Medium,Moderate control
12133,Pro.mis.Q.ous White CA,750mL,6,4.24,0.8480000000000001,84.11582311380664,C,Quarterly,Low,"Simple control, bulk ordering"
12134,Pro.mis.Q.ous Red CA,750mL,6,7.33,1.4660000000000002,63.97475627663495,C,Quarterly,Low,"Simple control, bulk ordering"
12139,Silver Oak Cab Svgn Napa Vly,1.5L,7,149.65,29.930000000000003,15.29310469196096,C,Quarterly,Low,"Simple control, bulk ordering"
12140,Natura Valle Svgn Bl Casabla,750mL,139,5.91,1.1820000000000002,342.924616678646,C,Quarterly,Low,"Simple control, bulk ordering"
12147,Sterling Vintners CA Meritag,750mL,1108,5.26,1.052,1026.2708897574257,A,Weekly,High,"Tight control, frequent replenishment"
12149,Hobbs Crossbarn Pnt Nr RRV,750mL,14,23.99,4.798,54.01742728991505,C,Quarterly,Low,"Simple control, bulk ordering"
12154,Cousino Macul RSV Cab Svgn,750mL,42,10.06,2.012,144.48097276476815,C,Quarterly,Low,"Simple control, bulk ordering"
12155,Root 1 Carmenere,750mL,174,6.7,1.34,360.3480904190512,C,Quarterly,Low,"Simple control, bulk ordering"
12165,Clayhouse Petite Sirah,750mL,33,15.03,3.0060000000000002,104.77616099178118,C,Quarterly,Low,"Simple control, bulk ordering"
12181,Cakebread Chard,750mL,220,24.48,4.896000000000001,211.97792461215343,A,Weekly,High,"Tight control, frequent replenishment"
12188,Oak Leaf Svgn Bl Cal,750mL,48,1.99,0.398,347.2794481039396,C,Quarterly,Low,"Simple control, bulk ordering"
12191,M & R Sparkling Rose,750mL,79,6.66,1.332,243.53502686330216,C,Quarterly,Low,"Simple control, bulk ordering"
12192,Meander Cab Svgn Napa Vly,750mL,11,39.47,7.894,37.329122544153,C,Quarterly,Low,"Simple control, bulk ordering"
12199,Rochioli RRV Chard Cal,750mL,2,36.42,7.284000000000001,16.570286951800778,C,Quarterly,Low,"Simple control, bulk ordering"
12203,Cavit Prosecco Lunetta,187mL 3 Pk,500,6.84,1.368,604.563541758343,B,Monthly,Medium,Moderate control
12204,Dragani Mntplcno d'Abruzzo,750mL,37,4.02,0.8039999999999999,214.52249415274017,C,Quarterly,Low,"Simple control, bulk ordering"
12211,Black Box Rsl,3L,92,11.03,2.206,204.2166556129472,C,Quarterly,Low,"Simple control, bulk ordering"
12212,Black Box Svgn Bl,3L,42,10.52,2.104,141.28686133647312,C,Quarterly,Low,"Simple control, bulk ordering"
12213,Evodia Garnacha Old Vine,750mL,1351,5.29,1.058,1130.0166450753936,A,Weekly,High,"Tight control, frequent replenishment"
12216,Da Vinci Pnt Grigio,750mL,1067,6.66,1.332,895.0145535414779,A,Weekly,High,"Tight control, frequent replenishment"
12218,R M Woodbridge Moscato,750mL,19,1.98,0.396,219.0429135575903,C,Quarterly,Low,"Simple control, bulk ordering"
12220,Angeline Pnt Nr,750mL,2055,5.48,1.096,1369.3063937629151,A,Weekly,High,"Tight control, frequent replenishment"
12224,Banfi Centine Bianco Toscana,750mL,31,6.57,1.314,153.59715243428457,C,Quarterly,Low,"Simple control, bulk ordering"
12227,Korbel Sweet Rose,750mL,214,8.44,1.688,356.0579323436484,B,Monthly,Medium,Moderate control
12234,Beringer Classic Svgn Bl,750mL,60,3.24,0.6480000000000001,304.29030972509224,C,Quarterly,Low,"Simple control, bulk ordering"
12235,Murrieta's Well The Spur,750mL,45,13.99,2.798,126.81843859957779,C,Quarterly,Low,"Simple control, bulk ordering"
12253,Cecchi Natio Organic Chianti,750mL,29,5.22,1.044,166.66666666666666,C,Quarterly,Low,"Simple control, bulk ordering"
12259,Rex Goliath Chard Free Range,1.5L,1,7.18,1.436,26.388990698462976,C,Quarterly,Low,"Simple control, bulk ordering"
12268,Snap Dragon Cab Svgn,750mL,12,5.22,1.044,107.21125348377949,C,Quarterly,Low,"Simple control, bulk ordering"
12270,Wente Louis Mel Svgn Bl,750mL,77,8.72,1.7440000000000002,210.12228855309232,C,Quarterly,Low,"Simple control, bulk ordering"
12271,Caposaldo Prosecco Brut,750mL,29,8.66,1.7320000000000002,129.39725252391963,C,Quarterly,Low,"Simple control, bulk ordering"
12310,Napa Cellars Pnt Nr Napa,750mL,47,12.24,2.4480000000000004,138.56170612845656,C,Quarterly,Low,"Simple control, bulk ordering"
12324,Conterno Fantino Barb Alba,750mL,19,19.86,3.972,69.16273845601508,C,Quarterly,Low,"Simple control, bulk ordering"
12340,La Atalaya Almansa Red,750mL,1,9.2,1.8399999999999999,23.312620206007846,C,Quarterly,Low,"Simple control, bulk ordering"
12343,Bota Box Znfdl,3L,213,11.18,2.236,308.64120232240487,B,Monthly,Medium,Moderate control
12351,Mercer Cab Svgn,750mL,7,13.51,2.702,50.898659855928756,C,Quarterly,Low,"Simple control, bulk ordering"
12353,Mercer Merlot,750mL,4,13.07,2.6140000000000003,39.11805059269844,C,Quarterly,Low,"Simple control, bulk ordering"
12354,Mercer Pnt Gris,750mL,5,3.65,0.73,82.7605888602368,C,Quarterly,Low,"Simple control, bulk ordering"
12355,Mercer Rsl,750mL,2,9.8,1.9600000000000002,31.943828249996994,C,Quarterly,Low,"Simple control, bulk ordering"
12368,Vina Zaco Tempranillo Rioja,750mL,270,7.09,1.4180000000000001,436.35882802838705,B,Monthly,Medium,Moderate control
12374,Zanetti Prosecco Frizzante,750mL,61,6.66,1.332,213.99952288684148,C,Quarterly,Low,"Simple control, bulk ordering"
12378,Pacific Rim Organic Riesling,750mL,12,8.72,1.7440000000000002,82.95018954139965,C,Quarterly,Low,"Simple control, bulk ordering"
12387,Desert Wind Cab Svgn,750mL,35,10.8,2.16,127.29376930432889,C,Quarterly,Low,"Simple control, bulk ordering"
12388,Cecchi Chianti Clsc Rsv Fami,750mL,11,19.35,3.8700000000000006,53.313949966044646,C,Quarterly,Low,"Simple control, bulk ordering"
12389,Volpe Rossa Pnt Grigio,1.5L,18,7.23,1.4460000000000002,111.57120049584026,C,Quarterly,Low,"Simple control, bulk ordering"
12390,Volpe Rossa Pnt Grigio,750mL,3,3.86,0.772,62.3378726192537,C,Quarterly,Low,"Simple control, bulk ordering"
12415,Callia Alta Pnt Grigio,750mL,45,6.12,1.2240000000000002,191.7412472118426,C,Quarterly,Low,"Simple control, bulk ordering"
12416,Callia Alta Malbec,750mL,116,5.26,1.052,332.0634874475324,C,Quarterly,Low,"Simple control, bulk ordering"
12428,Firesteed Citation Pnt Nr,750mL,38,41.37,8.274,67.76946232760082,B,Monthly,Medium,Moderate control
12429,F Coppola Diamnd Petite Sira,750mL,40,9.08,1.816,148.4130442988812,C,Quarterly,Low,"Simple control, bulk ordering"
12443,Kim Crawford Svgn Bl Marlbro,375mL,1,6.7,1.34,27.317918235407653,C,Quarterly,Low,"Simple control, bulk ordering"
12450,Cellar No 8 Pnt Nr,750mL,126,5.22,1.044,347.4041668898256,C,Quarterly,Low,"Simple control, bulk ordering"
12465,Cline Cashmere Red Cal,750mL,747,6.16,1.2320000000000002,778.6726968573951,B,Monthly,Medium,Moderate control
12473,Ch Beauchene CDR White RSV,750mL,204,7.99,1.598,357.2948005052482,C,Quarterly,Low,"Simple control, bulk ordering"
12475,Ch Beauchene Prm Terroir CDR,750mL,3,12.58,2.516,34.53069416370982,C,Quarterly,Low,"Simple control, bulk ordering"
12476,Ch Donjon Minervois Rose,750mL,10,10.66,2.132,68.48672513487422,C,Quarterly,Low,"Simple control, bulk ordering"
12477,Ch Lancyre Languedoc Rose,750mL,16,12.83,2.5660000000000003,78.96445918574553,C,Quarterly,Low,"Simple control, bulk ordering"
12478,Commanderie Bargmn Prov Rose,750mL,46,10.96,2.192,144.86338895612656,C,Quarterly,Low,"Simple control, bulk ordering"
12479,Geyser Peak Cab Svgn,750mL,331,7.94,1.588,456.5504212610611,B,Monthly,Medium,Moderate control
12494,M D 20/20 Electric Melon Red,750mL,197,2.68,0.536,606.2485574686639,C,Quarterly,Low,"Simple control, bulk ordering"
12495,Cupcake Malbec,750mL,663,4.66,0.932,843.4295409564096,B,Monthly,Medium,Moderate control
12496,Cupcake Petit Sirah Cal,750mL,2,4.83,0.9660000000000001,45.50157551932901,C,Quarterly,Low,"Simple control, bulk ordering"
12505,Angelini Pnt Nr Veneto,750mL,341,6.16,1.2320000000000002,526.1042808091512,B,Monthly,Medium,Moderate control
12507,Piazzo Barbaresco,750mL,18,18.24,3.6479999999999997,70.24393586862705,C,Quarterly,Low,"Simple control, bulk ordering"
12511,Angelini Sangiovese Pesaresi,750mL,29,9.67,1.9340000000000002,122.45337630781374,C,Quarterly,Low,"Simple control, bulk ordering"
12519,Salmon Creek Pnt Nr Cal,750mL,4,2.73,0.546,85.59209850218258,C,Quarterly,Low,"Simple control, bulk ordering"
12520,Pavao Vinho Verde Adegas Wh,750mL,325,4.72,0.944,586.7534925477216,B,Monthly,Medium,Moderate control
12534,Ch Beaulieu Grand Vin Brdx,750mL,144,6.89,1.3780000000000001,323.26347506421916,C,Quarterly,Low,"Simple control, bulk ordering"
12536,La Garenne Entre Mer Wh,750mL,24,7.43,1.486,127.08556268223823,C,Quarterly,Low,"Simple control, bulk ordering"
12538,Ch La Croix du Duc Brdx,750mL,2,7.48,1.4960000000000002,36.56362120635653,C,Quarterly,Low,"Simple control, bulk ordering"
12539,Croix de Basson Rose Organic,750mL,6,9.08,1.816,57.48012489295105,C,Quarterly,Low,"Simple control, bulk ordering"
12585,F Coppola Sophia Rsl,750mL,1,9.99,1.9980000000000002,22.371868507134142,C,Quarterly,Low,"Simple control, bulk ordering"
12586,C Y Toro Frontera Malbec,1.5L,1164,4.82,0.9640000000000001,1098.8488884592139,A,Weekly,High,"Tight control, frequent replenishment"
12589,Canyon Rd Pnt Grigio,750mL,197,3.09,0.618,564.5974021700922,C,Quarterly,Low,"Simple control, bulk ordering"
12592,Ravenswood Big River Znfdl,750mL,7,18.11,3.622,43.961732267057975,C,Quarterly,Low,"Simple control, bulk ordering"
12593,Ravenswood Belloni Znfdl,750mL,17,18.61,3.722,67.5828148415128,C,Quarterly,Low,"Simple control, bulk ordering"
12595,Yellow Tail Svgn Bl,750mL,7,5.36,1.072,80.80749189443178,C,Quarterly,Low,"Simple control, bulk ordering"
12607,Ravenswood Teldschi Znfdl,750mL,20,18.36,3.672,73.80124046167461,C,Quarterly,Low,"Simple control, bulk ordering"
12625,Tiamo Pnt Grigio,750mL,12,8.44,1.688,84.31491409790141,C,Quarterly,Low,"Simple control, bulk ordering"
12646,Blackbird Vyds Arise Red,750mL,3,34.19,6.838,20.945757883770494,C,Quarterly,Low,"Simple control, bulk ordering"
12655,Merriam Cab Franc Windacre V,750mL,2,23.17,4.634,20.77480629531073,C,Quarterly,Low,"Simple control, bulk ordering"
12656,Merriam Vyds Miktos Red,750mL,20,23.64,4.728000000000001,65.03936072346048,C,Quarterly,Low,"Simple control, bulk ordering"
12662,Castillo Monastrell Red,750mL,20,9.08,1.816,104.94387004027837,C,Quarterly,Low,"Simple control, bulk ordering"
12663,Zin 91 Old Vine Znfdl CA,750mL,229,5.4,1.08,460.4747952244911,C,Quarterly,Low,"Simple control, bulk ordering"
12665,Umberto Cesari Moma Red,750mL,4,11.72,2.3440000000000003,41.30961923860138,C,Quarterly,Low,"Simple control, bulk ordering"
12666,Carpineto Dogajolo Tuscan Wh,750mL,1088,6.7,1.34,901.0772988525805,A,Weekly,High,"Tight control, frequent replenishment"
12681,The Crusher Pnt Nr,750mL,59,8.1,1.62,190.83960041464076,C,Quarterly,Low,"Simple control, bulk ordering"
12684,Kim Crawford Pnt Gr Marlboro,750mL,14,10.66,2.132,81.03458599622594,C,Quarterly,Low,"Simple control, bulk ordering"
12685,Brazin Old Vine Znfdl Lodi,750mL,161,8.38,1.6760000000000002,309.9387883211241,C,Quarterly,Low,"Simple control, bulk ordering"
12690,Gramona Imperial Cava Gr Rsv,750mL,11,19.33,3.8659999999999997,53.34152377185298,C,Quarterly,Low,"Simple control, bulk ordering"
12747,Barefoot Cellars Pnt Nr,750mL,780,3.28,0.656,1090.4239497754543,B,Monthly,Medium,Moderate control
12757,Graffigna Centenario Pnt Gri,750mL,24,6.7,1.34,133.82992102364116,C,Quarterly,Low,"Simple control, bulk ordering"
12768,Castle Rock Pnt Nr Cal Cuvee,750mL,12,6.62,1.324,95.20212239630652,C,Quarterly,Low,"Simple control, bulk ordering"
12771,Joel Gott Cab Svgn 815,750mL,1771,8.44,1.688,1024.2902987501855,A,Weekly,High,"Tight control, frequent replenishment"
12772,Joel Gott Chard,750mL,315,9.2,1.8399999999999999,413.75796327552786,B,Monthly,Medium,Moderate control
12773,Joel Gott Znfdl,750mL,154,9.99,1.9980000000000002,277.62758702455534,C,Quarterly,Low,"Simple control, bulk ordering"
12774,Joel Gott Rsl Columbia Vly,750mL,4,8.38,1.6760000000000002,48.85319687460315,C,Quarterly,Low,"Simple control, bulk ordering"
12775,Joel Gott Svgn Bl,750mL,706,6.8,1.36,720.4981936541018,B,Monthly,Medium,Moderate control
12803,Ravenswood Vntrs Blend Znfdl,1.5L,22,11.25,2.25,98.88264649460884,C,Quarterly,Low,"Simple control, bulk ordering"
12900,Madria Sangria,750mL,13,4.13,0.8260000000000001,125.4531736918052,C,Quarterly,Low,"Simple control, bulk ordering"
12901,Madria Sangria,1.5L,279,5.19,1.038,518.4458767968264,B,Monthly,Medium,Moderate control
12910,Drouhin Gevrey-Chambertin 13,750mL,4,41.89,8.378,21.850421430410904,C,Quarterly,Low,"Simple control, bulk ordering"
12913,J Drouhin Vosne Romanee 13,750mL,5,66.89,13.378,19.332561764709453,C,Quarterly,Low,"Simple control, bulk ordering"
12924,Cartlidge & Browne Pnt Nr,750mL,24,8.66,1.7320000000000002,117.71496477944257,C,Quarterly,Low,"Simple control, bulk ordering"
12943,Middle Sister Drama Queen Pi,750mL,491,4.6,0.9199999999999999,730.5447639767964,B,Monthly,Medium,Moderate control
12944,Middle Sister Rebel Red,750mL,312,6.8,1.36,478.9694820193478,B,Monthly,Medium,Moderate control
12945,Middle Sister Mischief Maker,750mL,299,6.75,1.35,470.61819076771934,B,Monthly,Medium,Moderate control
12946,Middle Sister Smarty Pants C,750mL,117,6.57,1.314,298.3975467231776,C,Quarterly,Low,"Simple control, bulk ordering"
12951,Purple Cowboy Red,750mL,126,6.7,1.34,306.6428716703988,C,Quarterly,Low,"Simple control, bulk ordering"
12963,Redtree Pnt Nr,750mL,79,4.79,0.9580000000000001,287.1645269758016,C,Quarterly,Low,"Simple control, bulk ordering"
12994,Acrobat Pnt Gris Oregon,750mL,678,8.16,1.6320000000000001,644.5472647297389,A,Weekly,High,"Tight control, frequent replenishment"
13045,Double Decker Red,750mL,31,3.83,0.766,201.1715036737048,C,Quarterly,Low,"Simple control, bulk ordering"
13052,Ch Ste Michelle Gewurz Colum,750mL,341,5.47,1.094,558.301157813018,B,Monthly,Medium,Moderate control
13061,P Michael Les Pavots Est Brd,750mL,1,126.17,25.234,6.295162578292668,C,Quarterly,Low,"Simple control, bulk ordering"
13062,P Michael Apres Midi Svgn Bl,750mL,12,33.33,6.666,42.4285283506487,C,Quarterly,Low,"Simple control, bulk ordering"
13064,Peter Michael MaBelleFille C,750mL,6,56.77,11.354000000000001,22.987999565189654,C,Quarterly,Low,"Simple control, bulk ordering"
13065,P Michael L'Espirit Brdx,750mL,25,60.4,12.08,45.49215782792744,C,Quarterly,Low,"Simple control, bulk ordering"
13081,Dom Ferret Pouilly Fuisse,750mL,24,20.25,4.05,76.98003589195011,C,Quarterly,Low,"Simple control, bulk ordering"
13086,Armand De Brignac Brut,750mL,5,186.66,37.332,11.572957908964764,C,Quarterly,Low,"Simple control, bulk ordering"
13097,Menage a Trois Chard,750mL,146,5.99,1.1980000000000002,349.0985290310163,C,Quarterly,Low,"Simple control, bulk ordering"
13113,Ch Beaucastel Coud Rouge,750mL,48,21.85,4.37,104.80449271555034,C,Quarterly,Low,"Simple control, bulk ordering"
13122,La Cana Albarino,750mL,27,9.52,1.904,119.0826279056167,C,Quarterly,Low,"Simple control, bulk ordering"
13123,Colosi Nero D'Avola Sicilia,750mL,46,8.72,1.7440000000000002,162.40734832202276,C,Quarterly,Low,"Simple control, bulk ordering"
13124,Shaya Verdejo Old Vines Whit,750mL,28,8.78,1.756,126.27482051512709,C,Quarterly,Low,"Simple control, bulk ordering"
13132,F Coppola Rosso & Bianc Shir,750mL,2,5.84,1.168,41.3802944301184,C,Quarterly,Low,"Simple control, bulk ordering"
13141,Noble Vines 181 Merlot Lodi,750mL,458,7.18,1.436,564.7490630167287,B,Monthly,Medium,Moderate control
13143,F Coppola Directors Chard,750mL,74,10.27,2.054,189.80849263235072,C,Quarterly,Low,"Simple control, bulk ordering"
13144,Korbel Brut Rose,750mL,3,8.55,1.7100000000000002,41.88539082916955,C,Quarterly,Low,"Simple control, bulk ordering"
13147,F Coppola Directors Pnt Nr,750mL,113,13.01,2.6020000000000003,208.39417507693295,C,Quarterly,Low,"Simple control, bulk ordering"
13154,Clayhouse Malbec Paso Robles,750mL,458,7.79,1.558,542.1868901741955,B,Monthly,Medium,Moderate control
13163,Barefoot Bubbly Moscato,750mL,508,5.47,1.094,681.4330528265126,B,Monthly,Medium,Moderate control
13181,Alpataco Pnt Nr,750mL,15,10.73,2.1460000000000004,83.60471499298777,C,Quarterly,Low,"Simple control, bulk ordering"
13183,Alpataco Malbec,750mL,12,10.8,2.16,74.53559924999298,C,Quarterly,Low,"Simple control, bulk ordering"
13215,Moet Nectar Imperial Rose,375mL,631,17.22,3.444,428.03877080791443,A,Weekly,High,"Tight control, frequent replenishment"
13225,Alphonse Dolly Sancerre Cvee,750mL,95,13.6,2.72,186.8862503991005,C,Quarterly,Low,"Simple control, bulk ordering"
13229,Cakebread Vine Hill Cab,750mL,4,67.56,13.512,17.205614075453393,C,Quarterly,Low,"Simple control, bulk ordering"
13242,Cadet D'Oc Cab Svgn Rthschld,750mL,3,7.48,1.4960000000000002,44.781107551989905,C,Quarterly,Low,"Simple control, bulk ordering"
13251,Apaltagua Envero Gran Rsv,750mL,13,9.24,1.848,83.87271329003273,C,Quarterly,Low,"Simple control, bulk ordering"
13255,Torre Migliori Monte d'Abruz,750mL,6,10.52,2.104,53.401414088167826,C,Quarterly,Low,"Simple control, bulk ordering"
13258,ChocoVine,750mL,416,6.49,1.298,566.1210703160395,B,Monthly,Medium,Moderate control
13268,Backhouse Chard,750mL,247,3.86,0.772,565.6396260239353,C,Quarterly,Low,"Simple control, bulk ordering"
13278,Sonoma-Cutrer Pnt Nr,750mL,183,19.86,3.972,214.64507344188007,B,Monthly,Medium,Moderate control
13303,Plungerhead Znfdl Lodi,750mL,520,8.96,1.7920000000000003,538.6822546070841,B,Monthly,Medium,Moderate control
13341,Terra d'Oro Deaver Vyd Znfdl,750mL,185,13.24,2.648,264.3180817469145,B,Monthly,Medium,Moderate control
13379,Pertinace Barbera D'Alba,750mL,1,10.13,2.0260000000000002,22.216737285146888,C,Quarterly,Low,"Simple control, bulk ordering"
13394,Debauchery Chard,750mL,1,3.99,0.798,35.399616270239434,C,Quarterly,Low,"Simple control, bulk ordering"
13395,Debauchery Svgn Bl,750mL,37,9.2,1.8399999999999999,141.80513267217768,C,Quarterly,Low,"Simple control, bulk ordering"
13397,Dom Seguinot-Bordet Chablis,750mL,123,13.69,2.738,211.95117758592056,B,Monthly,Medium,Moderate control
13418,Pacifico Sur Rose Carmenere,750mL,12,4.99,0.9980000000000001,109.6542206036429,C,Quarterly,Low,"Simple control, bulk ordering"
13422,Gnarly Head Pnt Nr,750mL,217,6.45,1.29,410.1427242601847,B,Monthly,Medium,Moderate control
13424,Merriam Vyds Simoneau Chard,750mL,4,6.7,1.34,54.635836470815306,C,Quarterly,Low,"Simple control, bulk ordering"
13427,Liberty School Cab Svgn,1.5L,29,16.23,3.2460000000000004,94.5202237876505,C,Quarterly,Low,"Simple control, bulk ordering"
13430,Agua de Piedra Malbec Selccn,750mL,2227,5.91,1.1820000000000002,1372.6233112741202,A,Weekly,High,"Tight control, frequent replenishment"
13433,C Y Toro Carmenere de Casa,750mL,50,12.33,2.466,142.39294295279348,C,Quarterly,Low,"Simple control, bulk ordering"
13442,Puydeval VDP D'Oc Red Blend,750mL,15,11.64,2.3280000000000003,80.27016238349194,C,Quarterly,Low,"Simple control, bulk ordering"
13445,Dom Pere Caboche Cote Rhone,750mL,184,7.23,1.4460000000000002,356.71778695452963,C,Quarterly,Low,"Simple control, bulk ordering"
13451,Clifford Bay Svgn Bl Marlbor,750mL,141,8.05,1.6100000000000003,295.9351951890021,C,Quarterly,Low,"Simple control, bulk ordering"
13454,Eden Heirloom Blnd Ice Cider,375mL,62,17.0,3.4000000000000004,135.03812097939993,C,Quarterly,Low,"Simple control, bulk ordering"
13458,Ch Ste Michelle Harvest Rsl,750mL,575,5.99,1.1980000000000002,692.7962261865778,B,Monthly,Medium,Moderate control
13461,R M Woodbridge Moscato,1.5L,183,5.88,1.176,394.47717918525933,C,Quarterly,Low,"Simple control, bulk ordering"
13478,Cantele Chard Salento,750mL,1,7.99,1.598,25.015639663712996,C,Quarterly,Low,"Simple control, bulk ordering"
13487,Brancaia Tre Rosso Toscana,750mL,71,12.32,2.4640000000000004,169.74962463856897,C,Quarterly,Low,"Simple control, bulk ordering"
13489,Don Miguel Gascon Malbec Rsv,750mL,229,12.83,2.5660000000000003,298.7372749925797,B,Monthly,Medium,Moderate control
13491,Barefoot Cellars Rsl,1.5L,44,7.28,1.4560000000000002,173.83837384127884,C,Quarterly,Low,"Simple control, bulk ordering"
13492,Barefoot Cellars Pnt Nr,1.5L,178,5.84,1.168,390.38091689268396,C,Quarterly,Low,"Simple control, bulk ordering"
13497,Mohua Svgn Bl Marlboro,750mL,811,6.8,1.36,772.2198711583151,A,Weekly,High,"Tight control, frequent replenishment"
13498,Riva Rey Tempranillo,750mL,252,4.63,0.926,521.6686965322767,C,Quarterly,Low,"Simple control, bulk ordering"
13504,New Age Valentin Bianchi Whi,750mL,18,7.28,1.4560000000000002,111.18739749916517,C,Quarterly,Low,"Simple control, bulk ordering"
13505,C Y Toro Casillero Pnt Nr,750mL,128,5.8,1.16,332.18191941495985,C,Quarterly,Low,"Simple control, bulk ordering"
13530,Home Ranch Sbragia Chard,750mL,6,17.23,3.446,41.72707943823259,C,Quarterly,Low,"Simple control, bulk ordering"
13550,Z Znfdl Tom Eddy,500mL,6,34.45,6.890000000000001,29.509782885030273,C,Quarterly,Low,"Simple control, bulk ordering"
13552,Merry Edwards Pnt Nr Sonoma,750mL,36,31.72,6.344,75.33029414277381,C,Quarterly,Low,"Simple control, bulk ordering"
13553,Merry Edwards Svgn Bl RRV,750mL,44,25.34,5.0680000000000005,93.17685232394166,C,Quarterly,Low,"Simple control, bulk ordering"
13557,Merry Edwards Flax Vyd Pnt N,750mL,1,46.05,9.209999999999999,10.420059165263911,C,Quarterly,Low,"Simple control, bulk ordering"
13558,Merry Edwards Pinot Noir RRV,750mL,15,32.67,6.534000000000001,47.91329788133908,C,Quarterly,Low,"Simple control, bulk ordering"
13561,Stump Jump Shiraz,750mL,1,7.74,1.548,25.416428388767443,C,Quarterly,Low,"Simple control, bulk ordering"
13567,Bila-Haut Cotes Roussillon,750mL,54,9.33,1.866,170.11439313712282,C,Quarterly,Low,"Simple control, bulk ordering"
13583,Twisted Cab Svgn Cal,750mL,12,2.53,0.506,153.9981007018036,C,Quarterly,Low,"Simple control, bulk ordering"
13594,Bliss Chard,750mL,38,8.16,1.6320000000000001,152.59198447326844,C,Quarterly,Low,"Simple control, bulk ordering"
13595,Palagetto Brunello d Montlcn,750mL,14,32.88,6.5760000000000005,46.14058702801187,C,Quarterly,Low,"Simple control, bulk ordering"
13602,Frescobaldi Mormoreto Cab Sv,750mL,28,29.72,5.944,68.63404818790372,C,Quarterly,Low,"Simple control, bulk ordering"
13603,Folonari Pnt Nr Venezie,3L,82,11.64,2.3280000000000003,187.67889518428677,C,Quarterly,Low,"Simple control, bulk ordering"
13605,Neal Family Svgn Bl Napa Vly,750mL,20,11.91,2.382,91.63135721752008,C,Quarterly,Low,"Simple control, bulk ordering"
13606,Neal Petite Syrah Rutherford,750mL,3,26.2,5.24,23.927371020851115,C,Quarterly,Low,"Simple control, bulk ordering"
13614,Acrobat Pnt Nr Ore,750mL,187,11.68,2.336,282.9335078477162,B,Monthly,Medium,Moderate control
13618,Terra d'Oro Znfdl Port,750mL,73,12.32,2.4640000000000004,172.12386056739308,C,Quarterly,Low,"Simple control, bulk ordering"
13619,Quinta do Noval Black Port,750mL,36,12.07,2.414,122.11882515199582,C,Quarterly,Low,"Simple control, bulk ordering"
13620,Columbia Winery Cab Svgn,750mL,21,5.33,1.066,140.35602011577276,C,Quarterly,Low,"Simple control, bulk ordering"
13636,Charles Smith C Smith Cab Sv,750mL,69,10.45,2.09,181.6985252196221,C,Quarterly,Low,"Simple control, bulk ordering"
13637,Charles Smith Eve WA Chard,750mL,169,8.16,1.6320000000000001,321.7979514674191,C,Quarterly,Low,"Simple control, bulk ordering"
13638,Charles Smith Velvet Dev Mer,750mL,569,8.27,1.654,586.5275017235881,B,Monthly,Medium,Moderate control
13651,Fontanafredda Briccotondo,750mL,27,9.03,1.806,122.27087189088336,C,Quarterly,Low,"Simple control, bulk ordering"
13661,Duckhorn Decoy Pnt Nr,750mL,526,11.61,2.322,475.950474772146,A,Weekly,High,"Tight control, frequent replenishment"
13662,Duckhorn Decoy Svgn Bl,750mL,195,9.43,1.8860000000000001,321.5484803860846,B,Monthly,Medium,Moderate control
13663,Duckhorn Decoy Znfdl Napa Vl,750mL,156,11.38,2.2760000000000002,261.80393527836964,B,Monthly,Medium,Moderate control
13665,Josh Cellars Chard,750mL,2948,8.96,1.7920000000000003,1282.6103405611095,A,Weekly,High,"Tight control, frequent replenishment"
13669,Folk Machine Pnt Nr,750mL,12,12.33,2.466,69.75801064151558,C,Quarterly,Low,"Simple control, bulk ordering"
13693,Toasted Head Untamed Red,750mL,56,7.58,1.516,192.19603009471572,C,Quarterly,Low,"Simple control, bulk ordering"
13694,MacMurray Ranch Chard Sonoma,750mL,187,10.8,2.16,294.23472615256355,B,Monthly,Medium,Moderate control
13695,Red Rock Winery Malbec,750mL,348,6.16,1.2320000000000002,531.4767468737766,B,Monthly,Medium,Moderate control
13696,Barefoot Cellars Pnt Nr,187mL 4 Pk,23,4.39,0.878,161.8514744208701,C,Quarterly,Low,"Simple control, bulk ordering"
13702,Barefoot Cellars Cab Svgn,187mL 4 Pk,7,4.45,0.8900000000000001,88.68578544121848,C,Quarterly,Low,"Simple control, bulk ordering"
13703,Barefoot Cellars Moscato,187mL 4 Pk,15,4.33,0.8660000000000001,131.60933160791356,C,Quarterly,Low,"Simple control, bulk ordering"
13708,Bota Box Cab Svgn,3L,604,11.33,2.266,516.283822132349,A,Weekly,High,"Tight control, frequent replenishment"
13709,Jam Jar Sweet Shiraz,750mL,122,6.75,1.35,300.6166501881929,C,Quarterly,Low,"Simple control, bulk ordering"
13710,Stone Fruit Rsl,750mL,53,6.03,1.2060000000000002,209.63523560373503,C,Quarterly,Low,"Simple control, bulk ordering"
13711,Venta Morales Tempranillo,750mL,111,5.15,1.03,328.2788300991432,C,Quarterly,Low,"Simple control, bulk ordering"
13716,Tisdale Vyds Pnt Nr,750mL,1,2.61,0.522,43.76881095324085,C,Quarterly,Low,"Simple control, bulk ordering"
13718,Redwood Creek Malbec,1.5L,29,7.28,1.4560000000000002,141.12966526419035,C,Quarterly,Low,"Simple control, bulk ordering"
13723,Big House Red,3L,290,11.56,2.3120000000000003,354.1645464350675,B,Monthly,Medium,Moderate control
13724,Big House White,3L,44,7.14,1.428,175.5343981388605,C,Quarterly,Low,"Simple control, bulk ordering"
13731,Monkey Bay Svgn Bl,1.5L,101,11.61,2.322,208.55930896857726,C,Quarterly,Low,"Simple control, bulk ordering"
13734,Virginie Taunt Svgn Blanc,750mL,2,9.39,1.8780000000000001,32.633766658241875,C,Quarterly,Low,"Simple control, bulk ordering"
13744,W Hill Est Chard Cntrl Cst,750mL,225,6.03,1.2060000000000002,431.93421279068,C,Quarterly,Low,"Simple control, bulk ordering"
13745,W Hill Cab Svgn Central Cst,750mL,110,6.57,1.314,289.33345958796144,C,Quarterly,Low,"Simple control, bulk ordering"
13766,Yealands Svgn Bl Marlborough,750mL,112,8.21,1.6420000000000003,261.1694863666377,C,Quarterly,Low,"Simple control, bulk ordering"
13767,Catena Vista Flores Malbec,750mL,48,9.45,1.89,159.36381457791916,C,Quarterly,Low,"Simple control, bulk ordering"
13784,Churchills 10 Yr Tawny Port,500mL,9,15.03,3.0060000000000002,54.71756551645827,C,Quarterly,Low,"Simple control, bulk ordering"
13791,The Chocolate Block Red,750mL,3,19.73,3.946,27.572877217175787,C,Quarterly,Low,"Simple control, bulk ordering"
13792,The Wolftrap Syrah Vio Mourv,750mL,399,6.16,1.2320000000000002,569.090182979496,B,Monthly,Medium,Moderate control
13793,Yellow Tail Svgn Bl,1.5L,98,6.8,1.36,268.43774609657964,C,Quarterly,Low,"Simple control, bulk ordering"
13795,Yellow Tail Tree Free Chard,1.5L,59,6.45,1.29,213.86078207218623,C,Quarterly,Low,"Simple control, bulk ordering"
13805,Neal Family Vyds Znfdl Napa,750mL,21,14.93,2.986,83.86190926668665,C,Quarterly,Low,"Simple control, bulk ordering"
13807,Oh Schist Rsl,750mL,403,5.95,1.1900000000000002,581.9411157366989,B,Monthly,Medium,Moderate control
13808,Tiziano Pnt Gr Delle Venezie,750mL,12,7.94,1.588,86.9291381699617,C,Quarterly,Low,"Simple control, bulk ordering"
13823,Vistamar Svgn Bl,750mL,13,5.88,1.176,105.14001031342676,C,Quarterly,Low,"Simple control, bulk ordering"
13831,The Show Malbec Argentina,750mL,6,8.16,1.6320000000000001,60.63390625908324,C,Quarterly,Low,"Simple control, bulk ordering"
13836,R Mondavi Private Sel Pnt Nr,1.5L,141,10.73,2.1460000000000004,256.3272023589223,B,Monthly,Medium,Moderate control
13837,C Y Toro Frontera Pnt Grigio,1.5L,134,5.73,1.1460000000000001,341.94801764504894,C,Quarterly,Low,"Simple control, bulk ordering"
13854,Mark West Pnt Nr RRV,750mL,170,10.34,2.068,286.7141939519905,B,Monthly,Medium,Moderate control
13860,Calera de Villiers Pnt Nr,750mL,3,34.01,6.802,21.00111308849132,C,Quarterly,Low,"Simple control, bulk ordering"
13867,Borealis Northern Whites,750mL,24,8.66,1.7320000000000002,117.71496477944257,C,Quarterly,Low,"Simple control, bulk ordering"
13887,Nicolis Amarone Valpo Clsc,750mL,5,30.96,6.192,28.41643081126973,C,Quarterly,Low,"Simple control, bulk ordering"
13895,Mohua Pinot Noir,750mL,71,10.27,2.054,185.9212175187683,C,Quarterly,Low,"Simple control, bulk ordering"
13899,Hogue Genesis Meritage,750mL,25,10.45,2.09,109.36965981495177,C,Quarterly,Low,"Simple control, bulk ordering"
13918,Stellar Organics Cab Svgn,750mL,4,8.72,1.7440000000000002,47.891314261057566,C,Quarterly,Low,"Simple control, bulk ordering"
13920,Live-A-Little Ravishing Red,750mL,12,7.23,1.4460000000000002,91.09750373485538,C,Quarterly,Low,"Simple control, bulk ordering"
13921,Live-A-Little Wicked White,750mL,12,7.48,1.4960000000000002,89.56221510397981,C,Quarterly,Low,"Simple control, bulk ordering"
13930,Gallo Copperidge Pnt Grigio,1.5L,408,4.72,0.944,657.4217746854058,B,Monthly,Medium,Moderate control
13931,Ghost Pines Znfdl L Martini,750mL,169,9.33,1.866,300.94527745328753,B,Monthly,Medium,Moderate control
13932,Canyon Rd Pnt Nr,750mL,242,3.13,0.626,621.7567608386437,C,Quarterly,Low,"Simple control, bulk ordering"
13933,Canyon Rd Pnt Grigio,1.5L,92,5.91,1.1820000000000002,278.98777635771427,C,Quarterly,Low,"Simple control, bulk ordering"
13940,Black Box Malbec,3L,196,10.45,2.09,306.235047481865,B,Monthly,Medium,Moderate control
13941,Dom du Grand Tinel Ch d Pape,750mL,13,30.4,6.08,46.240219449488364,C,Quarterly,Low,"Simple control, bulk ordering"
13948,Cade Cab Svgn Howell Mtn,750mL,12,50.67,10.134,34.41122815090679,C,Quarterly,Low,"Simple control, bulk ordering"
13949,Cade Cab Svgn Napa Cuvee,750mL,64,39.03,7.806000000000001,90.54734352492599,B,Monthly,Medium,Moderate control
13950,Cade Svgn Bl Napa Cuvee,750mL,2,19.86,3.972,22.439355443260013,C,Quarterly,Low,"Simple control, bulk ordering"
13956,Gouleyant Malbec Cahors,750mL,79,7.79,1.558,225.1800021674288,C,Quarterly,Low,"Simple control, bulk ordering"
13958,Charles & Charles Red,750mL,161,7.18,1.436,334.83875469164866,C,Quarterly,Low,"Simple control, bulk ordering"
13960,Vieux Clocher Cote du Rhone,750mL,1,7.28,1.4560000000000002,26.207120918047956,C,Quarterly,Low,"Simple control, bulk ordering"
13963,Yellow Tail Pnt Nr,1.5L,274,6.75,1.35,450.51410961585094,B,Monthly,Medium,Moderate control
13967,Villa Sandi Il Fresco Prosec,750mL,91,8.6,1.72,230.01516633514854,C,Quarterly,Low,"Simple control, bulk ordering"
13968,Spellbound Chard,750mL,289,8.38,1.6760000000000002,415.25217343412675,B,Monthly,Medium,Moderate control
13978,Jos Phelps Chard,750mL,19,23.8,4.760000000000001,63.17908387002348,C,Quarterly,Low,"Simple control, bulk ordering"
13979,Jos Phelps Pnt Nr,750mL,140,22.87,4.574000000000001,174.95080200443172,B,Monthly,Medium,Moderate control
13981,Alverdi Pnt Grigio,750mL,121,5.26,1.052,339.14452878801404,C,Quarterly,Low,"Simple control, bulk ordering"
13985,Luiano Chianti Clsc,375mL,16,7.53,1.5060000000000002,103.07361440601463,C,Quarterly,Low,"Simple control, bulk ordering"
13991,Colombo Cape Bleue Rose VdP,750mL,208,6.57,1.314,397.8633956309034,C,Quarterly,Low,"Simple control, bulk ordering"
13993,Sartori Family Pnt Grigio,750mL,24,5.4,1.08,149.07119849998597,C,Quarterly,Low,"Simple control, bulk ordering"
13994,Banfi Chianti Superiore,750mL,119,5.8,1.16,320.2908161289545,C,Quarterly,Low,"Simple control, bulk ordering"
14004,Layer Cake Virgin Chard,750mL,353,8.9,1.7800000000000002,445.3252819474468,B,Monthly,Medium,Moderate control
14006,Apothic Winemakers Red Blend,750mL,7511,5.44,1.088,2627.449837210755,A,Weekly,High,"Tight control, frequent replenishment"
14008,Cigar Box Malbec Mendoza,750mL,338,8.1,1.62,456.77343980209923,B,Monthly,Medium,Moderate control
14013,Joseph Mellot Sancerre White,750mL,4,16.77,3.354,34.53412578549853,C,Quarterly,Low,"Simple control, bulk ordering"
14054,Seaglass Rsl,750mL,610,6.07,1.2140000000000002,708.8520083113153,B,Monthly,Medium,Moderate control
14061,Shafer One Pnt Five Cab Svgn,750mL,94,51.61,10.322000000000001,95.42935740838278,B,Monthly,Medium,Moderate control
14062,Shafer Red Shoulder Chard,750mL,26,35.37,7.074,60.625334278230476,C,Quarterly,Low,"Simple control, bulk ordering"
14078,Bota Box Malbec,3L,592,11.25,2.25,512.9435749779026,A,Weekly,High,"Tight control, frequent replenishment"
14096,Citation Chard,750mL,42,21.37,4.274,99.13052044769174,C,Quarterly,Low,"Simple control, bulk ordering"
14097,Bonny Doon Clos de Gilroy Rd,750mL,24,8.55,1.7100000000000002,118.46977555181847,C,Quarterly,Low,"Simple control, bulk ordering"
14100,Douglass Hill Chard,750mL,12,4.02,0.8039999999999999,122.16944435630523,C,Quarterly,Low,"Simple control, bulk ordering"
14101,Douglass Hill Cab Svgn,750mL,12,4.05,0.81,121.71612389003691,C,Quarterly,Low,"Simple control, bulk ordering"
14105,Cakebread Dancing Bear Cab S,750mL,3,75.16,15.032,14.127074772148758,C,Quarterly,Low,"Simple control, bulk ordering"
14110,Bodegas Numanthia Termes,750mL,3,15.89,3.1780000000000004,30.724419128342713,C,Quarterly,Low,"Simple control, bulk ordering"
14119,Zonin Prosecco Brut,187mL,48,2.16,0.43200000000000005,333.3333333333333,C,Quarterly,Low,"Simple control, bulk ordering"
14120,Antica Cab Svgn Napa Valley,750mL,3,31.5,6.300000000000001,21.821789023599237,C,Quarterly,Low,"Simple control, bulk ordering"
14126,Attitude 13 Rose Jolivet,750mL,7,9.08,1.816,62.085630790552436,C,Quarterly,Low,"Simple control, bulk ordering"
14129,14 Hands Hot to Trot Red,750mL,1305,6.01,1.202,1041.9647382742799,A,Weekly,High,"Tight control, frequent replenishment"
14130,14 Hands Hot to Trot White,750mL,97,5.8,1.16,289.1724220169904,C,Quarterly,Low,"Simple control, bulk ordering"
14133,Yellow Tail Tree Free Chard,750mL,1,5.51,1.102,30.123761656438894,C,Quarterly,Low,"Simple control, bulk ordering"
14174,Chalk Hill Estate Red,750mL,10,32.67,6.534000000000001,39.12104390108502,C,Quarterly,Low,"Simple control, bulk ordering"
14184,Ch M Vert Lussac St Emilion,750mL,484,8.72,1.7440000000000002,526.8044568716332,B,Monthly,Medium,Moderate control
14190,Ch Haut Branda Brdx Rouge,750mL,12,6.16,1.2320000000000002,98.69275424396534,C,Quarterly,Low,"Simple control, bulk ordering"
14191,Ch Fage Graves de Vayres,750mL,86,7.28,1.4560000000000002,243.03484125930188,C,Quarterly,Low,"Simple control, bulk ordering"
14194,Caparzo Brnllo di Montalcino,750mL,78,25.5,5.1000000000000005,123.66938848016845,B,Monthly,Medium,Moderate control
14195,Twomey Svgn Bl Napa,750mL,9,15.89,3.1780000000000004,53.216254963330655,C,Quarterly,Low,"Simple control, bulk ordering"
14217,Chevalier L'Aujardiere Chard,750mL,2,11.18,2.236,29.90743022772896,C,Quarterly,Low,"Simple control, bulk ordering"
14235,Copa di Vino Cab Svgn,187mL,59,1.64,0.328,424.12032347022443,C,Quarterly,Low,"Simple control, bulk ordering"
14236,Copa di Vino Chard,187mL,62,1.71,0.342,425.77758243900337,C,Quarterly,Low,"Simple control, bulk ordering"
14240,Ninety+Cellars Lot 2 Svgn Bl,750mL,1401,5.36,1.072,1143.1985763963437,A,Weekly,High,"Tight control, frequent replenishment"
14250,Ruta 22 Malbec,750mL,382,6.62,1.324,537.1402400325595,B,Monthly,Medium,Moderate control
14279,Movendo Moscato,750mL,408,5.22,1.044,625.1436616499838,B,Monthly,Medium,Moderate control
14280,Cupcake Shiraz,750mL,139,4.96,0.992,374.32735371855404,C,Quarterly,Low,"Simple control, bulk ordering"
14300,Masi Passo Doble,750mL,44,7.43,1.486,172.07466531754568,C,Quarterly,Low,"Simple control, bulk ordering"
14306,Dom les Pallieres Gigondas,750mL,10,22.22,4.444,47.43653678866376,C,Quarterly,Low,"Simple control, bulk ordering"
14329,Ty Ku Sake Junmai Ginjo,330mL,96,8.6,1.72,236.24976928744732,C,Quarterly,Low,"Simple control, bulk ordering"
14341,Grooner Gruner Veltliner,750mL,14,5.95,1.1900000000000002,108.46522890932808,C,Quarterly,Low,"Simple control, bulk ordering"
14342,Cupcake Pnt Nr,750mL,1222,4.6,0.9199999999999999,1152.5020041480263,A,Weekly,High,"Tight control, frequent replenishment"
14348,De Martino Carmenere Estate,750mL,31,7.23,1.4460000000000002,146.41875186953277,C,Quarterly,Low,"Simple control, bulk ordering"
14357,Chilensis Pnt Nr,750mL,12,6.8,1.36,93.93364366277241,C,Quarterly,Low,"Simple control, bulk ordering"
14363,Educated Guess Cab Svgn Napa,750mL,329,13.51,2.702,348.9436315955459,B,Monthly,Medium,Moderate control
14369,Neirano Prosecco Sparkling,750mL,1,8.78,1.756,23.863697995167385,C,Quarterly,Low,"Simple control, bulk ordering"
14370,Seven Deadly Zins Lodi Znfdl,750mL,6,10.06,2.012,54.60867473089611,C,Quarterly,Low,"Simple control, bulk ordering"
14381,LaBelle Winery Riesling,750mL,85,10.52,2.104,200.99562070783094,C,Quarterly,Low,"Simple control, bulk ordering"
14382,LaBelle Winery Raspberry,375mL,44,10.59,2.118,144.13297815517146,C,Quarterly,Low,"Simple control, bulk ordering"
14383,LaBelle Winery Granite Red,750mL,131,10.32,2.064,251.9305305993341,C,Quarterly,Low,"Simple control, bulk ordering"
14386,Tarima Monastrell Jumilla,750mL,171,5.99,1.1980000000000002,377.8066919658212,C,Quarterly,Low,"Simple control, bulk ordering"
14393,Ch Montaud Cotes de Prov Rse,750mL,762,6.5,1.3,765.6068482934606,A,Weekly,High,"Tight control, frequent replenishment"
14410,Liberty Crk Vyd Pnt Grigio,1.5L,6,5.26,1.052,75.52100405338861,C,Quarterly,Low,"Simple control, bulk ordering"
14413,Tisdale Vyds Pnt Grigio,750mL,36,2.59,0.518,263.62486509824805,C,Quarterly,Low,"Simple control, bulk ordering"
14415,Peter Lehmann Layers Red,750mL,101,5.4,1.08,305.80797654495296,C,Quarterly,Low,"Simple control, bulk ordering"
14416,J Lohr Falcons Perch Pnt Nr,750mL,744,8.9,1.7800000000000002,646.511815893482,A,Weekly,High,"Tight control, frequent replenishment"
14425,Ch Musar Rouge,750mL,16,30.82,6.164000000000001,50.94818021126677,C,Quarterly,Low,"Simple control, bulk ordering"
14432,Bully Hill NY Rsl,750mL,12,8.78,1.756,82.66627476821893,C,Quarterly,Low,"Simple control, bulk ordering"
14433,F Coppola Rosso Bianco Chard,750mL,93,5.8,1.16,283.14733583967103,C,Quarterly,Low,"Simple control, bulk ordering"
14437,Byron Santa Barbara Pnt Nr,750mL,56,11.68,2.336,154.8308843213331,C,Quarterly,Low,"Simple control, bulk ordering"
14439,Barefoot Sweet Red,750mL,706,3.42,0.684,1015.9545967660457,B,Monthly,Medium,Moderate control
14457,Scagliola Mati Barbera,750mL,56,7.74,1.548,190.19913405248522,C,Quarterly,Low,"Simple control, bulk ordering"
14471,De Loach Merlot Cal,750mL,153,6.49,1.298,343.3273245344111,C,Quarterly,Low,"Simple control, bulk ordering"
14475,Belcreme de Lys Chard,750mL,390,6.57,1.314,544.7968914816205,B,Monthly,Medium,Moderate control
14538,Ch St Michel Brdx Superur,750mL,47,12.07,2.414,139.53408090814182,C,Quarterly,Low,"Simple control, bulk ordering"
14539,Dom de Dionysos La Deveze,750mL,1027,10.06,2.012,714.4490015008257,A,Weekly,High,"Tight control, frequent replenishment"
14551,Cava Mistinguett Brut,750mL,2283,5.29,1.058,1468.9605136109699,A,Weekly,High,"Tight control, frequent replenishment"
14552,Dom de Dionysos Cairanne Cig,750mL,57,13.24,2.648,146.7163241030396,C,Quarterly,Low,"Simple control, bulk ordering"
14620,Bodega Elena de Mendoza Mlbc,750mL,119,4.76,0.952,353.5533905932738,C,Quarterly,Low,"Simple control, bulk ordering"
14622,La Marca Prosecco,750mL,1620,8.66,1.7320000000000002,967.1271234844024,A,Weekly,High,"Tight control, frequent replenishment"
14623,The Naked Grape Pnt Grigio,750mL,351,4.69,0.9380000000000002,611.7192382451548,C,Quarterly,Low,"Simple control, bulk ordering"
14624,The Naked Grape Pnt Nr,750mL,241,4.57,0.9140000000000001,513.4940591637832,C,Quarterly,Low,"Simple control, bulk ordering"
14625,Bridlewood Pnt Nr,750mL,168,6.62,1.324,356.2137245006972,C,Quarterly,Low,"Simple control, bulk ordering"
14627,Carlo Rossi Sweet Red,4L,4,9.93,1.986,44.878710886520025,C,Quarterly,Low,"Simple control, bulk ordering"
14628,Tisdale Vyds Sweet Red,750mL,12,2.57,0.514,152.79497210950865,C,Quarterly,Low,"Simple control, bulk ordering"
14631,Dom Serene Yamhill Cv Pnt Nr,750mL,40,23.83,4.766,91.6121291494839,C,Quarterly,Low,"Simple control, bulk ordering"
14632,Dom Serene Evenstad 11 Pnt N,750mL,20,36.12,7.224,52.61700561773909,C,Quarterly,Low,"Simple control, bulk ordering"
14635,Marcarini Ciabot Camerano,750mL,4,11.56,2.3120000000000003,41.59451654038514,C,Quarterly,Low,"Simple control, bulk ordering"
14638,Bongiovanni Dolceo D'Alba,750mL,6,11.48,2.2960000000000003,51.11986324432477,C,Quarterly,Low,"Simple control, bulk ordering"
14652,Cambria Katherine Vyd Chard,750mL,8,10.59,2.118,61.45850838630021,C,Quarterly,Low,"Simple control, bulk ordering"
14654,Arrogant Frog Chardonnay,750mL,24,6.49,1.298,135.97788272980097,C,Quarterly,Low,"Simple control, bulk ordering"
14655,Arrogant Frog Pnt Nr,750mL,39,6.53,1.306,172.80675501515202,C,Quarterly,Low,"Simple control, bulk ordering"
14657,The Shepherd Svgn Bl,750mL,45,8.49,1.6980000000000002,162.79363250585783,C,Quarterly,Low,"Simple control, bulk ordering"
14663,Spellbound Merlot,750mL,201,8.78,1.756,338.3263106572052,B,Monthly,Medium,Moderate control
14666,Raymond Family Clsc Cab Svgn,750mL,38,11.68,2.336,127.5426332160005,C,Quarterly,Low,"Simple control, bulk ordering"
14670,Sutter Home Moscato,187mL 4 Pk,24,3.92,0.784,174.9635530559413,C,Quarterly,Low,"Simple control, bulk ordering"
14672,Duckhorn Decoy Cab Svgn,750mL,1153,11.61,2.322,704.6663708657543,A,Weekly,High,"Tight control, frequent replenishment"
14675,Culpeo Malbec,750mL,1,6.99,1.3980000000000001,26.745234757997018,C,Quarterly,Low,"Simple control, bulk ordering"
14681,Shafer Hillside Cab Svgn 06,1.5L,1,259.99,51.998000000000005,4.3853744314697485,C,Quarterly,Low,"Simple control, bulk ordering"
14684,Cherry Pie Stanly Pnt Nr,750mL,37,29.6,5.920000000000001,79.05694150420948,C,Quarterly,Low,"Simple control, bulk ordering"
14688,Ferrari-Carano RSV Chard,750mL,9,23.8,4.760000000000001,43.48282767393363,C,Quarterly,Low,"Simple control, bulk ordering"
14690,Bridlewood Pnt Nr Monterey C,750mL,389,6.84,1.368,533.2510901500332,B,Monthly,Medium,Moderate control
14701,Cupcake Red Velvet,750mL,1947,4.57,0.9140000000000001,1459.519419720981,A,Weekly,High,"Tight control, frequent replenishment"
14703,Casa Ferreirinha Esteva Doro,750mL,56,7.58,1.516,192.19603009471572,C,Quarterly,Low,"Simple control, bulk ordering"
14704,Rex Goliath Free Range Red,750mL,140,3.94,0.788,421.50323203896,C,Quarterly,Low,"Simple control, bulk ordering"
14706,Cupcake Prosecco,750mL,2600,4.6,0.9199999999999999,1681.0969503635831,A,Weekly,High,"Tight control, frequent replenishment"
14710,Ch Tanunda Gr Barossa Shiraz,750mL,129,10.38,2.076,249.27640948092022,C,Quarterly,Low,"Simple control, bulk ordering"
14711,Ch Tanunda Gr Barossa Rsl,750mL,4,6.57,1.314,55.17372590682453,C,Quarterly,Low,"Simple control, bulk ordering"
14712,Lucky Duck Riesling,750mL,12,2.53,0.506,153.9981007018036,C,Quarterly,Low,"Simple control, bulk ordering"
14719,Alto Moncayo Veraton Garnach,750mL,72,14.96,2.9920000000000004,155.12630699850573,C,Quarterly,Low,"Simple control, bulk ordering"
14724,Tozai Blossom of Peace,720mL,19,11.48,2.2960000000000003,90.96846334879913,C,Quarterly,Low,"Simple control, bulk ordering"
14799,A Bichot Pouilly-Fuisse,750mL,44,12.9,2.58,130.59197358908193,C,Quarterly,Low,"Simple control, bulk ordering"
14805,Ninety+Cellars Lot 23 Malbec,750mL,1088,5.8,1.16,968.4683962230047,A,Weekly,High,"Tight control, frequent replenishment"
14810,Primaterra Prosecco,750mL,58,8.66,1.7320000000000002,182.99534945314338,C,Quarterly,Low,"Simple control, bulk ordering"
14811,Primaterra Pnt Nr,750mL,131,7.53,1.5060000000000002,294.93285976009565,C,Quarterly,Low,"Simple control, bulk ordering"
14818,Simi Pnt Nr Sonoma Cnty,750mL,659,10.73,2.1460000000000004,554.1506519115352,A,Weekly,High,"Tight control, frequent replenishment"
14826,My Big Fat Greek Red Wine,750mL,1,7.74,1.548,25.416428388767443,C,Quarterly,Low,"Simple control, bulk ordering"
14834,White Elephant Vinum Cellars,750mL,12,10.32,2.064,76.24928516630233,C,Quarterly,Low,"Simple control, bulk ordering"
14836,Vinum Cellars Chard,750mL,1,6.81,1.362,27.096390730170242,C,Quarterly,Low,"Simple control, bulk ordering"
14838,Layer Cake Cab Svgn,750mL,619,7.71,1.542,633.5824481054862,A,Weekly,High,"Tight control, frequent replenishment"
14852,Mooiplaas The Bean Pinotage,750mL,133,8.16,1.6320000000000001,285.4734629334497,C,Quarterly,Low,"Simple control, bulk ordering"
14895,Vendange Pnt Grigio,1.5L,289,5.15,1.03,529.7004099222925,B,Monthly,Medium,Moderate control
14920,Broadbent Gruner Veltliner,Liter,67,7.84,1.568,206.71137326411116,C,Quarterly,Low,"Simple control, bulk ordering"
14922,Five Oaks Pnt Grigio Cal,750mL,12,2.6,0.52,151.91090506254997,C,Quarterly,Low,"Simple control, bulk ordering"
14923,Five Oaks Pnt Nr Cal,750mL,15,2.54,0.508,171.83584915586766,C,Quarterly,Low,"Simple control, bulk ordering"
14929,Yellow Tail Moscato,750mL,45,5.47,1.094,202.813843734193,C,Quarterly,Low,"Simple control, bulk ordering"
14930,Yellow Tail Moscato,1.5L,530,5.93,1.186,668.4910394421922,B,Monthly,Medium,Moderate control
14935,J Lohr Tower Road Petite Sir,750mL,15,12.98,2.596,76.01394730508241,C,Quarterly,Low,"Simple control, bulk ordering"
14962,Stone Barn Chard,750mL,96,3.19,0.638,387.90491030114157,C,Quarterly,Low,"Simple control, bulk ordering"
14972,Nicolas Feuillatte Brut,750mL,33,21.47,4.294,87.66494201610207,C,Quarterly,Low,"Simple control, bulk ordering"
14973,Nicolas Feuillatte Brut Rose,750mL,2,28.76,5.752000000000001,18.646853515705036,C,Quarterly,Low,"Simple control, bulk ordering"
14974,Mantane Primitivo Puglio,750mL,60,8.9,1.7800000000000002,183.59701840863136,C,Quarterly,Low,"Simple control, bulk ordering"
14975,Cavit Moscato,750mL,595,4.07,0.8140000000000001,854.9609528851191,B,Monthly,Medium,Moderate control
14983,Ken Wright Clrs Willa Pnt Nr,750mL,60,17.8,3.5600000000000005,129.82269672237462,C,Quarterly,Low,"Simple control, bulk ordering"
14991,Banshee Pnt Nr Sonoma Cnty,750mL,286,11.99,2.398,345.3491784352057,B,Monthly,Medium,Moderate control
15007,Sean Minor Carneros Pnt Nr,750mL,142,13.79,2.758,226.906554514206,B,Monthly,Medium,Moderate control
15009,Sean Minor Cab Svgn,750mL,203,12.58,2.516,284.0486310498114,B,Monthly,Medium,Moderate control
15020,Angeline Chard Cal,750mL,15,4.93,0.986,123.34091674874931,C,Quarterly,Low,"Simple control, bulk ordering"
15035,Morellino d Scansano Rsv,750mL,1012,7.33,1.4660000000000002,830.8512375813435,A,Weekly,High,"Tight control, frequent replenishment"
15037,Banfi Poggio Alle Mura Montl,750mL,5,40.66,8.132,24.79626774829144,C,Quarterly,Low,"Simple control, bulk ordering"
15043,Cuvee Aurora Rose Sparkling,750mL,24,15.75,3.1500000000000004,87.28715609439695,C,Quarterly,Low,"Simple control, bulk ordering"
15047,Zaccagnini Pnt Grigio,750mL,157,8.24,1.6480000000000001,308.65351171056216,B,Monthly,Medium,Moderate control
15056,Cono Sur Vision Pnt Nr,750mL,4,6.53,1.306,55.342453291248546,C,Quarterly,Low,"Simple control, bulk ordering"
15057,Cono Sur Organic Cab Svgn,750mL,54,6.8,1.36,199.26334924652144,C,Quarterly,Low,"Simple control, bulk ordering"
15058,Cono Sur Organic Svgn Bl,750mL,9,5.95,1.1900000000000002,86.96565534786725,C,Quarterly,Low,"Simple control, bulk ordering"
15059,Cono Sur Organic Chard,750mL,54,6.2,1.2400000000000002,208.6825030920757,C,Quarterly,Low,"Simple control, bulk ordering"
15063,Almaden Moscato,5L,4,12.07,2.414,40.706275050665276,C,Quarterly,Low,"Simple control, bulk ordering"
15064,Sokol Blosser Pnt Gris,750mL,4,12.92,2.584,39.34447376823169,C,Quarterly,Low,"Simple control, bulk ordering"
15065,Sokol Blosser Pnt Nr,750mL,1,18.24,3.6479999999999997,16.55665446331305,C,Quarterly,Low,"Simple control, bulk ordering"
15076,Cigar Box Cab Svgn Valle Cen,750mL,36,7.74,1.548,152.49857033260466,C,Quarterly,Low,"Simple control, bulk ordering"
15079,Anna de Codorniu Brut Cava,750mL,64,7.74,1.548,203.33142711013954,C,Quarterly,Low,"Simple control, bulk ordering"
15085,Franzia Tap Pnt Grigio,5L,25,11.99,2.398,102.10462507669136,C,Quarterly,Low,"Simple control, bulk ordering"
15089,Mont Redon Cotes du Rhone,750mL,41,6.57,1.314,176.6421108117324,C,Quarterly,Low,"Simple control, bulk ordering"
15092,Anne Amie Pnt Nr,750mL,109,16.44,3.2880000000000003,182.07375313731663,B,Monthly,Medium,Moderate control
15094,Butter Chard,750mL,1853,9.08,1.816,1010.1358568723352,A,Weekly,High,"Tight control, frequent replenishment"
15105,Kendall Jackson Avant Chard,750mL,634,6.86,1.372,679.7787326508762,A,Weekly,High,"Tight control, frequent replenishment"
15137,Black Stallion Chard Napa Vy,750mL,24,10.59,2.118,106.4492590824699,C,Quarterly,Low,"Simple control, bulk ordering"
15138,Black Stallion Cab Svgn Napa,750mL,146,15.58,3.116,216.4600245625803,B,Monthly,Medium,Moderate control
15139,Massimo Malbec Mendoza,750mL,80,6.66,1.332,245.07154069793592,C,Quarterly,Low,"Simple control, bulk ordering"
15146,Achaval Ferrer Malbec,750mL,102,12.92,2.584,198.67985355975657,C,Quarterly,Low,"Simple control, bulk ordering"
15156,Yago Sant'Gria Red,3L,178,8.84,1.768,317.29912233045053,B,Monthly,Medium,Moderate control
15161,Groth Rsv Cab Svgn Napa Vly,750mL,14,68.96,13.792,31.8603390832006,C,Quarterly,Low,"Simple control, bulk ordering"
15168,Durigutti Malbec Mendoza,750mL,183,9.73,1.9460000000000002,306.6578785400909,B,Monthly,Medium,Moderate control
15171,Cecchi Litorale Vermentino,750mL,50,9.33,1.866,163.6926511179128,C,Quarterly,Low,"Simple control, bulk ordering"
15178,Tercos Torrontes,750mL,4,7.38,1.476,52.05792062953535,C,Quarterly,Low,"Simple control, bulk ordering"
15188,Las Valles Carinena Red,750mL,12,5.8,1.16,101.70952554312156,C,Quarterly,Low,"Simple control, bulk ordering"
15192,Folonari Moscato,1.5L,8,8.27,1.654,69.54681424207209,C,Quarterly,Low,"Simple control, bulk ordering"
15193,Billecart-Salmon Brut Rsv,750mL,10,30.96,6.192,40.186901847534344,C,Quarterly,Low,"Simple control, bulk ordering"
15194,Billecart-Salmon Brut Rose,750mL,23,51.69,10.338000000000001,47.1678036636958,C,Quarterly,Low,"Simple control, bulk ordering"
15205,Beringer Cab Svgn Napa Vly,750mL,42,17.76,3.5520000000000005,108.73970905021001,C,Quarterly,Low,"Simple control, bulk ordering"
15209,Writer's Block Pnt Nr,750mL,25,10.52,2.104,109.00518004923683,C,Quarterly,Low,"Simple control, bulk ordering"
15228,Saldo Znfdl Cal,750mL,87,20.68,4.136,145.03384517960697,B,Monthly,Medium,Moderate control
15229,The Prisoner Red Napa Valley,750mL,352,26.11,5.222,259.6288191002528,A,Weekly,High,"Tight control, frequent replenishment"
15230,Faust Cab Svgn Napa Valley,750mL,73,32.46,6.492000000000001,106.04059953258384,B,Monthly,Medium,Moderate control
15232,Flowers Pnt Nr Sonoma Coast,750mL,134,29.99,5.998,149.46832527357324,B,Monthly,Medium,Moderate control
15233,Flowers Chard Sonoma Cst,750mL,44,29.21,5.8420000000000005,86.7851786726715,C,Quarterly,Low,"Simple control, bulk ordering"
15235,Common Man Pnt Grigio,750mL,48,5.99,1.1980000000000002,200.16687528977445,C,Quarterly,Low,"Simple control, bulk ordering"
15247,Juve y Camps Brut Nature,750mL,25,10.32,2.064,110.05636329070298,C,Quarterly,Low,"Simple control, bulk ordering"
15251,Bota Mini Cab Svgn,500mL,316,2.73,0.546,760.7592120734251,C,Quarterly,Low,"Simple control, bulk ordering"
15252,Bota Mini Chard,500mL,407,2.61,0.522,883.0025405343058,C,Quarterly,Low,"Simple control, bulk ordering"
15255,Bota Mini Pnt Grigio,500mL,425,2.68,0.536,890.4551913269943,C,Quarterly,Low,"Simple control, bulk ordering"
15261,Barefoot Cellars Sweet Red,187mL 4 Pk,6,4.27,0.854,83.81981343406689,C,Quarterly,Low,"Simple control, bulk ordering"
15262,Bella Sera Moscato,750mL,6,4.41,0.8820000000000001,82.47860988423224,C,Quarterly,Low,"Simple control, bulk ordering"
15263,Bella Sera Moscato,1.5L,61,7.71,1.542,198.89448023307602,C,Quarterly,Low,"Simple control, bulk ordering"
15264,Bridlewood Cab Svgn,750mL,95,9.52,1.904,223.37179316823617,C,Quarterly,Low,"Simple control, bulk ordering"
15265,The Naked Grape Cab Svgn,750mL,210,4.76,0.952,469.6682183138621,C,Quarterly,Low,"Simple control, bulk ordering"
15266,The Naked Grape Chard,750mL,200,4.54,0.908,469.3232544639321,C,Quarterly,Low,"Simple control, bulk ordering"
15290,Backhouse Pnt Nr,750mL,325,3.99,0.798,638.1756579704879,C,Quarterly,Low,"Simple control, bulk ordering"
15291,Flip Flop Cab Svgn,750mL,157,3.35,0.67,484.0747444444455,C,Quarterly,Low,"Simple control, bulk ordering"
15292,Flip Flop Chard,750mL,291,3.37,0.674,657.0774245397286,C,Quarterly,Low,"Simple control, bulk ordering"
15294,Flip Flop Moscato,750mL,7,3.86,0.772,95.22267331341506,C,Quarterly,Low,"Simple control, bulk ordering"
15295,Flip Flop Pnt Grigio,750mL,582,3.44,0.6880000000000001,919.7446561726464,B,Monthly,Medium,Moderate control
15297,Flip Flop Rsl,750mL,1,3.97,0.794,35.48867204938381,C,Quarterly,Low,"Simple control, bulk ordering"
15314,Korbel Sweet Cuvee,750mL,83,8.96,1.7920000000000003,215.21376416417766,C,Quarterly,Low,"Simple control, bulk ordering"
15315,Middle Sister Sweet & Sassy,750mL,214,6.57,1.314,403.5610135142082,C,Quarterly,Low,"Simple control, bulk ordering"
15319,Angoves Nine Vines Moscato,750mL,12,7.89,1.578,87.20414403938946,C,Quarterly,Low,"Simple control, bulk ordering"
15321,Blufeld Rsl,750mL,188,5.99,1.1980000000000002,396.1416586140398,C,Quarterly,Low,"Simple control, bulk ordering"
15322,Vinum Cellars Scrapper Cab F,750mL,1,19.17,3.8340000000000005,16.15005277038364,C,Quarterly,Low,"Simple control, bulk ordering"
15328,Rex Goliath Svgn Bl,1.5L,2,7.53,1.5060000000000002,36.44202585395018,C,Quarterly,Low,"Simple control, bulk ordering"
15329,Rex Goliath Moscato,750mL,6,4.1,0.82,85.53989227683016,C,Quarterly,Low,"Simple control, bulk ordering"
15332,Whitehaven Svgn Bl,750mL,131,8.55,1.7100000000000002,276.7818403264617,C,Quarterly,Low,"Simple control, bulk ordering"
15333,Maso Canali Pnt Grigio Coll,750mL,25,7.94,1.588,125.4714033071239,C,Quarterly,Low,"Simple control, bulk ordering"
15334,Brotte La Griveliere CDR,750mL,134,6.07,1.2140000000000002,332.23322032171575,C,Quarterly,Low,"Simple control, bulk ordering"
15349,Itami Onigoroshi Junmal Shu,300mL,13,5.26,1.052,111.1639080307507,C,Quarterly,Low,"Simple control, bulk ordering"
15350,Kitaya Ai No Hime Sprkl Sake,180mL,17,7.38,1.476,107.32015270279744,C,Quarterly,Low,"Simple control, bulk ordering"
15355,Decoy Duckhorn Chard Sonoma,750mL,324,9.12,1.8239999999999998,421.4636152117623,B,Monthly,Medium,Moderate control
15356,Seaglass Pnt Nr,750mL,420,6.45,1.29,570.5974021574557,B,Monthly,Medium,Moderate control
15357,Greystone Cellars Cab Svgn,750mL,39,6.89,1.3780000000000001,168.23164622761328,C,Quarterly,Low,"Simple control, bulk ordering"
15362,Gaia Notios Red,750mL,36,10.8,2.16,129.09944487358055,C,Quarterly,Low,"Simple control, bulk ordering"
15366,Vina Borgia Garnacha,750mL,12,5.86,1.1720000000000002,101.18748860323272,C,Quarterly,Low,"Simple control, bulk ordering"
15392,Cupcake Riesling,750mL,169,4.96,0.992,412.75041275061915,C,Quarterly,Low,"Simple control, bulk ordering"
15393,Cupcake Pnt Grigio,750mL,2277,4.51,0.902,1588.8329817518388,A,Weekly,High,"Tight control, frequent replenishment"
15399,Lobster Reef Svgn Bl,750mL,158,7.28,1.4560000000000002,329.4184019093097,C,Quarterly,Low,"Simple control, bulk ordering"
15401,Red Rock Pnt Nr,750mL,164,5.84,1.168,374.7145031942447,C,Quarterly,Low,"Simple control, bulk ordering"
15404,Dom Serene Rose,750mL,1,16.21,3.2420000000000004,17.562789445387732,C,Quarterly,Low,"Simple control, bulk ordering"
15414,Best Foot Forward Chard,750mL,1,6.2,1.2400000000000002,28.39809171235324,C,Quarterly,Low,"Simple control, bulk ordering"
15426,Voga Moscato Italia,750mL,32,6.45,1.29,157.49984619163155,C,Quarterly,Low,"Simple control, bulk ordering"
15428,Ruffino Prosecco Sparkling,750mL,297,7.94,1.588,432.4670019880872,B,Monthly,Medium,Moderate control
15444,Riff Pnt Grigio,750mL,259,6.57,1.314,443.9685427719859,B,Monthly,Medium,Moderate control
15463,Antinori Tignanello,750mL,28,54.19,10.838000000000001,50.828166317845316,B,Monthly,Medium,Moderate control
15466,Mirassou Moscato,750mL,129,6.03,1.2060000000000002,327.0553074471552,C,Quarterly,Low,"Simple control, bulk ordering"
15470,Achaval Ferrer Quimera,750mL,4,15.33,3.0660000000000003,36.119682191538494,C,Quarterly,Low,"Simple control, bulk ordering"
15476,Vietti Barolo Castiglione,750mL,1,33.11,6.622,12.28868499550524,C,Quarterly,Low,"Simple control, bulk ordering"
15482,C Y Toro Frontera Carmenere,1.5L,126,5.96,1.192,325.12258916688205,C,Quarterly,Low,"Simple control, bulk ordering"
15503,Opici Sangria,3L,178,8.6,1.72,321.69608653669263,B,Monthly,Medium,Moderate control
15504,Mollydooker The Boxer Shiraz,750mL,17,17.56,3.512,69.57403752146863,C,Quarterly,Low,"Simple control, bulk ordering"
15505,Mollydooker Carnival of Love,750mL,4,54.05,10.81,19.236105429150832,C,Quarterly,Low,"Simple control, bulk ordering"
15507,Mollydooker Blue Eyed Boy,750mL,2,30.4,6.08,18.13690625275029,C,Quarterly,Low,"Simple control, bulk ordering"
15508,Mollydooker Enchanted Path,750mL,2,48.36,9.672,14.379932713576268,C,Quarterly,Low,"Simple control, bulk ordering"
15509,Mollydooker Maitre D Cab Svg,750mL,11,17.23,3.446,56.49873264491618,C,Quarterly,Low,"Simple control, bulk ordering"
15510,Mollydooker Violinist Verdel,750mL,2,14.19,2.838,26.546593660094945,C,Quarterly,Low,"Simple control, bulk ordering"
15527,Roscato Rosso,750mL,1744,6.57,1.314,1152.0612194117336,A,Weekly,High,"Tight control, frequent replenishment"
15528,Cannonball Chard,750mL,224,9.33,1.866,346.47203704548514,B,Monthly,Medium,Moderate control
15542,Tiziano Prosecco,750mL,2,11.1,2.22,30.01501125938321,C,Quarterly,Low,"Simple control, bulk ordering"
15545,M Chiarlo Barolo Cerequio,750mL,1,51.94,10.388,9.811468853477788,C,Quarterly,Low,"Simple control, bulk ordering"
15548,Seaglass Chard,750mL,622,6.07,1.2140000000000002,715.7903662630042,B,Monthly,Medium,Moderate control
15549,CastelGiocondo Brunello 07,750mL,157,27.58,5.516,168.7087848844033,B,Monthly,Medium,Moderate control
15550,Talbott Pnt Nr Santa Lucia,750mL,51,19.2,3.84,115.2443057161611,C,Quarterly,Low,"Simple control, bulk ordering"
15552,Senda 66 Tempranillo,750mL,38,8.05,1.6100000000000003,153.6310010123272,C,Quarterly,Low,"Simple control, bulk ordering"
15572,Seven Daughters Moscato IGT,750mL,12,7.43,1.486,89.8630631635187,C,Quarterly,Low,"Simple control, bulk ordering"
15575,Monte Faliesi Falanghina,750mL,392,5.88,1.176,577.3502691896258,B,Monthly,Medium,Moderate control
15582,Vieux Clocher Rose CDR,750mL,6,8.1,1.62,60.858061945018456,C,Quarterly,Low,"Simple control, bulk ordering"
15584,Ch Vrai Caillou Wh Brdx,750mL,80,6.49,1.298,248.2605123096805,C,Quarterly,Low,"Simple control, bulk ordering"
15605,La Mondotte 08 St Emilion,750mL,1,161.64,32.327999999999996,5.561738702216666,C,Quarterly,Low,"Simple control, bulk ordering"
15619,Beringer Classic Red Moscato,750mL,370,3.35,0.67,743.1277184778867,B,Monthly,Medium,Moderate control
15620,C Y Toro Casillero Diab Malb,750mL,186,6.7,1.34,372.5667324778928,C,Quarterly,Low,"Simple control, bulk ordering"
15643,Poseidons Vyd Molnar Pnt Nr,750mL,24,13.69,2.738,93.62436797669608,C,Quarterly,Low,"Simple control, bulk ordering"
15651,Villa d Anges Old Vines Rose,750mL,16,9.58,1.9160000000000001,91.38233247699075,C,Quarterly,Low,"Simple control, bulk ordering"
15675,Six Hats Shiraz,750mL,41,7.28,1.4560000000000002,167.80745114368628,C,Quarterly,Low,"Simple control, bulk ordering"
15688,Cheval Blanc St Emilion 08,750mL,1,299.99,59.998000000000005,4.082550947721455,C,Quarterly,Low,"Simple control, bulk ordering"
15720,Clos Rochette Faiveley 09,750mL,9,13.33,2.6660000000000004,58.102013398764825,C,Quarterly,Low,"Simple control, bulk ordering"
15729,Copa di Vino Pnt Grigio,187mL,137,1.66,0.332,642.3788620507671,C,Quarterly,Low,"Simple control, bulk ordering"
15739,Vina Borgia Garnacha,3L,23,13.69,2.738,91.65310788007119,C,Quarterly,Low,"Simple control, bulk ordering"
15743,Bodegas Izadi Tempranillo Rd,750mL,211,10.38,2.076,318.8067830717574,B,Monthly,Medium,Moderate control
15745,Sandeman 10 Yr Tawny Port,750mL,46,14.28,2.856,126.91116017526123,C,Quarterly,Low,"Simple control, bulk ordering"
15747,BV Coastal Estate Red,750mL,2,6.16,1.2320000000000002,40.29114820126901,C,Quarterly,Low,"Simple control, bulk ordering"
15748,Rioja Vega Tempranillo Garna,750mL,232,5.44,1.088,461.77407259139943,C,Quarterly,Low,"Simple control, bulk ordering"
15761,Cantine Maschio Prosecco Brt,187mL,216,2.49,0.49800000000000005,658.5855599381421,C,Quarterly,Low,"Simple control, bulk ordering"
15774,Paul D Zweigelt Weinland,Liter,4,7.61,1.5220000000000002,51.2652015851016,C,Quarterly,Low,"Simple control, bulk ordering"
15790,Humberto Canale Malbec Est,750mL,3,7.74,1.548,44.02254531628119,C,Quarterly,Low,"Simple control, bulk ordering"
15812,Diseno Torrontes Salta,750mL,22,4.54,0.908,155.65691404453526,C,Quarterly,Low,"Simple control, bulk ordering"
15820,Mont Redon CdP Red,750mL,22,24.66,4.932,66.78821037134212,C,Quarterly,Low,"Simple control, bulk ordering"
15824,Nozzole Chianti Clsc RSV,750mL,223,10.73,2.1460000000000004,322.3573468786974,B,Monthly,Medium,Moderate control
15827,Frisk Prickly Rsl,750mL,272,6.75,1.35,448.8668861494257,B,Monthly,Medium,Moderate control
15832,Sunday Mtn Svgn Bl,750mL,25,10.45,2.09,109.36965981495177,C,Quarterly,Low,"Simple control, bulk ordering"
15835,Ninety+Cellars Lot 33 Rose,750mL,1,6.16,1.2320000000000002,28.490144114909484,C,Quarterly,Low,"Simple control, bulk ordering"
15837,Ninety+Cellars Lot 37 Shiraz,750mL,147,5.26,1.052,373.8098986171748,C,Quarterly,Low,"Simple control, bulk ordering"
15838,Ravines Finger Rsl Lakes,750mL,13,11.03,2.206,76.76600184316354,C,Quarterly,Low,"Simple control, bulk ordering"
15846,Merry Edwards Svgn Bl RRV,375mL,22,17.23,3.446,79.901273963332,C,Quarterly,Low,"Simple control, bulk ordering"
15859,Roland Lavantureux Chablis,750mL,2,18.79,3.758,23.06941649993959,C,Quarterly,Low,"Simple control, bulk ordering"
15871,Cyan Toro Zamora,750mL,3,10.95,2.19,37.011660509880265,C,Quarterly,Low,"Simple control, bulk ordering"
15875,Ranga Ranga Svgn Bl,750mL,329,7.18,1.436,478.6529380433103,B,Monthly,Medium,Moderate control
15876,3 Brooms Svgn Bl Marlborough,750mL,57,9.65,1.9300000000000002,171.85365505707662,C,Quarterly,Low,"Simple control, bulk ordering"
15888,R M Woodbridge Malbec,750mL,34,4.05,0.81,204.87876571761973,C,Quarterly,Low,"Simple control, bulk ordering"
15889,R M Woodbridge Malbec,1.5L,195,5.95,1.1900000000000002,404.8030956137655,C,Quarterly,Low,"Simple control, bulk ordering"
15891,Farnum Hill Dooryard Cider,750mL,48,8.1,1.62,172.13259316477408,C,Quarterly,Low,"Simple control, bulk ordering"
15892,Red Guitar Sangria,750mL,581,3.37,0.674,928.4491392393568,B,Monthly,Medium,Moderate control
15899,Kosta Browne Pnt Nr Sonoma C,750mL,1,61.58,12.316,9.010837544011096,C,Quarterly,Low,"Simple control, bulk ordering"
15900,Ch St Jean Svgn Bl Sonoma,750mL,61,6.45,1.29,217.4553326672546,C,Quarterly,Low,"Simple control, bulk ordering"
15911,Primal Roots Red Cal,750mL,271,5.91,1.1820000000000002,478.8239965036731,C,Quarterly,Low,"Simple control, bulk ordering"
15915,Simply Naked Cab Svgn,750mL,113,2.97,0.5940000000000001,436.16016580573955,C,Quarterly,Low,"Simple control, bulk ordering"
15916,Simply Naked Pnt Grigio,750mL,323,4.57,0.9140000000000001,594.4675642131635,C,Quarterly,Low,"Simple control, bulk ordering"
15917,Simply Naked Chard,750mL,340,4.66,0.932,603.992439483136,C,Quarterly,Low,"Simple control, bulk ordering"
15922,Primo Amore Moscato,750mL,420,7.82,1.564,518.2105744661055,B,Monthly,Medium,Moderate control
15923,Bota Mini Moscato,500mL,17,3.21,0.642,162.72599908685828,C,Quarterly,Low,"Simple control, bulk ordering"
15949,Kunde Cab Svgn Sonoma Cnty,750mL,1,8.55,1.7100000000000002,24.18254167033372,C,Quarterly,Low,"Simple control, bulk ordering"
15951,Tenuta Sette Ponti Oreno,750mL,6,36.48,7.295999999999999,28.676966733820223,C,Quarterly,Low,"Simple control, bulk ordering"
15968,Kunde Chard Sonoma Cnty,750mL,6,8.38,1.6760000000000002,59.83270232325381,C,Quarterly,Low,"Simple control, bulk ordering"
15970,Alexana Revana Vyd Pnt Nr,750mL,15,21.42,4.284000000000001,59.17263354139386,C,Quarterly,Low,"Simple control, bulk ordering"
15971,Revana Cab Svgn Napa Vly,750mL,7,71.89,14.378,22.06478908203439,C,Quarterly,Low,"Simple control, bulk ordering"
15977,Quattro Mani Barbera,750mL,12,10.66,2.132,75.02344849205329,C,Quarterly,Low,"Simple control, bulk ordering"
15979,Moonlight Meadery Wild,375mL,72,8.44,1.688,206.52851724645427,C,Quarterly,Low,"Simple control, bulk ordering"
15980,Moonlight Meadery Apple Pie,375mL,180,8.72,1.7440000000000002,321.2647026585895,C,Quarterly,Low,"Simple control, bulk ordering"
15981,Verde Sole Znfdl,750mL,35,9.33,1.866,136.9550978277461,C,Quarterly,Low,"Simple control, bulk ordering"
16000,Drouhin Pouilly Fuisse,750mL,11,16.21,3.2420000000000004,58.249182862365124,C,Quarterly,Low,"Simple control, bulk ordering"
16061,Shannon Ridge 09 Cab Svgn,750mL,3,10.06,2.012,38.6141642138271,C,Quarterly,Low,"Simple control, bulk ordering"
16127,Lindemans Bin 90 Moscato,1.5L,10,8.1,1.62,78.5674201318386,C,Quarterly,Low,"Simple control, bulk ordering"
16129,Pol Roger Brut,750mL,162,25.33,5.066,178.82363330352084,B,Monthly,Medium,Moderate control
16140,Ravines Meritage,750mL,11,15.86,3.172,58.88839980656681,C,Quarterly,Low,"Simple control, bulk ordering"
16146,Sean Minor Red Napa Vly,750mL,35,12.83,2.5660000000000003,116.79001014304598,C,Quarterly,Low,"Simple control, bulk ordering"
16151,Cavit Alta Luna Pnt Grigio,750mL,205,7.38,1.476,372.67799624996496,C,Quarterly,Low,"Simple control, bulk ordering"
16155,Joseph Phelps Insignia 08,750mL,2,105.95,21.19,9.715150202848028,C,Quarterly,Low,"Simple control, bulk ordering"
16159,Gnarly Head Authentic Red,750mL,151,6.89,1.3780000000000001,331.0273404798127,C,Quarterly,Low,"Simple control, bulk ordering"
16163,Sutter Home Pnt Nr,187mL 4 Pk,12,3.97,0.794,122.93636616536453,C,Quarterly,Low,"Simple control, bulk ordering"
16165,Garnet Pnt Nr Monterey Cnty,750mL,45,9.45,1.89,154.30334996209191,C,Quarterly,Low,"Simple control, bulk ordering"
16172,Ch Lamothe de Haux Brdx Red,750mL,12,11.18,2.236,73.25794357582565,C,Quarterly,Low,"Simple control, bulk ordering"
16174,Inkblot Cab Franc,750mL,59,21.7,4.34,116.59532600444561,C,Quarterly,Low,"Simple control, bulk ordering"
16175,The Naked Grape Moscato,750mL,338,4.69,0.9380000000000002,600.2842255014931,C,Quarterly,Low,"Simple control, bulk ordering"
16178,Lobstah White,750mL,35,5.95,1.1900000000000002,171.49858514250883,C,Quarterly,Low,"Simple control, bulk ordering"
16179,Perrier Jouet Blason Rose,750mL,85,34.24,6.848000000000001,111.41087549054667,B,Monthly,Medium,Moderate control
16180,Skinnygirl Sangria,750mL,146,6.84,1.368,326.68814823747493,C,Quarterly,Low,"Simple control, bulk ordering"
16189,Frescobaldi Tenuta Castglni,750mL,43,17.87,3.5740000000000003,109.68745341672094,C,Quarterly,Low,"Simple control, bulk ordering"
16190,Morande Edicion Limitada,750mL,8,9.8,1.9600000000000002,63.88765649999399,C,Quarterly,Low,"Simple control, bulk ordering"
16200,Gramona Lustros Gr Rsva Cava,750mL,5,28.66,5.732,29.53465562290228,C,Quarterly,Low,"Simple control, bulk ordering"
16205,Sivas-Sonoma Cab Svgn,750mL,58,11.25,2.25,160.55459438389727,C,Quarterly,Low,"Simple control, bulk ordering"
16232,Blackstone Delectable Red,750mL,22,5.26,1.052,144.61171297138108,C,Quarterly,Low,"Simple control, bulk ordering"
16239,Domino Cab Svgn,750mL,27,3.37,0.674,200.14831296068647,C,Quarterly,Low,"Simple control, bulk ordering"
16240,Domino Chard,750mL,13,3.24,0.6480000000000001,141.6394309331329,C,Quarterly,Low,"Simple control, bulk ordering"
16241,Domino Merlot,750mL,7,3.3,0.66,102.98573010888744,C,Quarterly,Low,"Simple control, bulk ordering"
16242,Domino Pnt Grigio,750mL,32,3.24,0.6480000000000001,222.2222222222222,C,Quarterly,Low,"Simple control, bulk ordering"
16245,Domino Cab Svgn,1.5L,21,5.36,1.072,139.96268159336606,C,Quarterly,Low,"Simple control, bulk ordering"
16246,Domino Chard,1.5L,42,5.47,1.094,195.9367879263322,C,Quarterly,Low,"Simple control, bulk ordering"
16247,Domino Merlot,1.5L,6,5.26,1.052,75.52100405338861,C,Quarterly,Low,"Simple control, bulk ordering"
16248,Domino Pnt Grigio,1.5L,24,5.51,1.102,147.57569038298453,C,Quarterly,Low,"Simple control, bulk ordering"
16257,Sutter Home Pink Moscato,750mL,24,3.89,0.778,175.63692393356013,C,Quarterly,Low,"Simple control, bulk ordering"
16260,The Dreaming Tree Cab Svgn,750mL,755,7.58,1.516,705.7061060947535,A,Weekly,High,"Tight control, frequent replenishment"
16261,The Dreaming Tree CC Chard,750mL,113,8.72,1.7440000000000002,254.54582687927015,C,Quarterly,Low,"Simple control, bulk ordering"
16262,The Dreaming Tree Crush Red,750mL,1041,7.18,1.436,851.4284245413654,A,Weekly,High,"Tight control, frequent replenishment"
16264,Il Poggione Brunlo d Montlcn,750mL,20,53.68,10.736,43.16122342049055,C,Quarterly,Low,"Simple control, bulk ordering"
16289,Barefoot Bubbly Pink Moscato,750mL,994,5.19,1.038,978.5758989371914,A,Weekly,High,"Tight control, frequent replenishment"
16290,Canyon Rd Moscato,750mL,45,3.24,0.6480000000000001,263.5231383473649,C,Quarterly,Low,"Simple control, bulk ordering"
16309,Mollydooker Two Left Feet,750mL,3,16.54,3.308,30.11465394295592,C,Quarterly,Low,"Simple control, bulk ordering"
16310,Mollydooker Scooter Merlot,750mL,24,17.23,3.446,83.45415887646519,C,Quarterly,Low,"Simple control, bulk ordering"
16314,Line 39 Chard,750mL,258,5.29,1.058,493.8181170261107,B,Monthly,Medium,Moderate control
16315,24 Knots Pnt Nr,750mL,104,9.45,1.89,234.57718351633227,C,Quarterly,Low,"Simple control, bulk ordering"
16317,Noble Vines 446 Chard Monter,750mL,464,7.58,1.516,553.2346713494314,B,Monthly,Medium,Moderate control
16318,Noble Vines 667 Pnt Nr Mntry,750mL,542,7.79,1.558,589.8151404225143,B,Monthly,Medium,Moderate control
16320,Ninety+Cellars Lot 42 Pnt Gr,750mL,368,5.84,1.168,561.3096232478871,B,Monthly,Medium,Moderate control
16325,Smoking Loon Red Loonatic,750mL,65,4.68,0.9359999999999999,263.523138347365,C,Quarterly,Low,"Simple control, bulk ordering"
16326,Black Box Cab Svgn,500mL,766,2.64,0.528,1204.4739830139858,B,Monthly,Medium,Moderate control
16327,Black Box Merlot,500mL,591,2.61,0.522,1064.0413093700718,B,Monthly,Medium,Moderate control
16328,Black Box Chard,500mL,895,2.75,0.55,1275.6460039026215,B,Monthly,Medium,Moderate control
16329,Battle Axe Malbec Mendoza,750mL,143,9.08,1.816,280.61449248403136,C,Quarterly,Low,"Simple control, bulk ordering"
16330,Cherry On Top Sweet White,750mL,1,7.14,1.428,26.46280620124816,C,Quarterly,Low,"Simple control, bulk ordering"
16351,Girls in the Vineyard Cab S,750mL,213,12.83,2.5660000000000003,288.1120852298545,B,Monthly,Medium,Moderate control
16352,Girls in the Vineyard Svgn B,750mL,132,11.48,2.2960000000000003,239.7734122011994,C,Quarterly,Low,"Simple control, bulk ordering"
16369,Tiki Sound Svgn Bl,750mL,3,8.78,1.756,41.33313738410946,C,Quarterly,Low,"Simple control, bulk ordering"
16370,Zinsane Znfdl Lodi,750mL,1017,5.44,1.088,966.8208970946084,A,Weekly,High,"Tight control, frequent replenishment"
16377,Ch Moncontour Vouvray Demi S,750mL,2,11.4,2.2800000000000002,29.617443887954618,C,Quarterly,Low,"Simple control, bulk ordering"
16378,Hob Nob Malbec VDP D'Oc,750mL,68,6.66,1.332,225.94479646818834,C,Quarterly,Low,"Simple control, bulk ordering"
16380,Duboeuf Bjls Nouveau 2014,750mL,97,4.69,0.9380000000000002,321.576606517444,C,Quarterly,Low,"Simple control, bulk ordering"
16389,R. Merlo Pnt Nr,750mL,1,12.58,2.516,19.9363055707225,C,Quarterly,Low,"Simple control, bulk ordering"
16393,Alamos Red Mendoza,750mL,254,4.66,0.932,522.046155853294,B,Monthly,Medium,Moderate control
16394,Ghost Pines Red L Martini,750mL,299,9.03,1.806,406.8897233337256,B,Monthly,Medium,Moderate control
16398,Shane The Unknown Syrah No C,750mL,1,25.8,5.16,13.921151159742612,C,Quarterly,Low,"Simple control, bulk ordering"
16399,Shane Judge Vyd Syrah Bennet,750mL,1,29.24,5.848,13.076644524148536,C,Quarterly,Low,"Simple control, bulk ordering"
16400,Zum Rsl,750mL,98,6.7,1.34,270.4335932501895,C,Quarterly,Low,"Simple control, bulk ordering"
16426,Yellow Tail Sweet Red Roo,750mL,17,5.44,1.088,124.99999999999999,C,Quarterly,Low,"Simple control, bulk ordering"
16427,Yellow Tail Sweet Red Roo,1.5L,107,6.66,1.332,283.42605795926795,C,Quarterly,Low,"Simple control, bulk ordering"
16428,HandCraft Artisan Coll Chard,750mL,268,6.2,1.2400000000000002,464.89679742719727,B,Monthly,Medium,Moderate control
16429,HandCraft Artisan Coll Pnt N,750mL,349,5.8,1.16,548.5089506703763,B,Monthly,Medium,Moderate control
16430,HandCraft Artisan Coll Pet S,750mL,20,3.91,0.782,159.92325525180033,C,Quarterly,Low,"Simple control, bulk ordering"
16431,HandCraft Artisan Coll Cab S,750mL,385,6.12,1.2240000000000002,560.8408719593559,B,Monthly,Medium,Moderate control
16440,Banshee Cab Svgn Napa Vly,750mL,26,21.33,4.266,78.06857432561416,C,Quarterly,Low,"Simple control, bulk ordering"
16441,Bota Box RedVolution,3L,285,10.96,2.192,360.5804323243047,B,Monthly,Medium,Moderate control
16445,Sans Liege Groundwork Grenac,750mL,3,11.91,2.382,35.48867204938381,C,Quarterly,Low,"Simple control, bulk ordering"
16458,Gerard Bertrand Corbieres Ro,750mL,120,8.55,1.7100000000000002,264.9064714130088,C,Quarterly,Low,"Simple control, bulk ordering"
16460,Gerard Bertrand Pnt Nr Rsv,750mL,98,8.16,1.6320000000000001,245.0490147049017,C,Quarterly,Low,"Simple control, bulk ordering"
16466,Gerard Bertrand Gr Terrier R,750mL,4,11.33,2.266,42.014581590156766,C,Quarterly,Low,"Simple control, bulk ordering"
16468,Gerard Bertrand Chard Rsv Sp,750mL,37,7.79,1.558,154.1051439073032,C,Quarterly,Low,"Simple control, bulk ordering"
16469,Menage a Trois Moscato,750mL,158,4.79,0.9580000000000001,406.1119686816332,C,Quarterly,Low,"Simple control, bulk ordering"
16477,Cupcake Angel Food,750mL,342,4.76,0.952,599.369416536239,B,Monthly,Medium,Moderate control
16478,Poema Cava Rose,750mL,6,7.94,1.588,61.468183082682266,C,Quarterly,Low,"Simple control, bulk ordering"
16484,Layer Cake Centrl Cst Pnt Nr,750mL,137,10.52,2.104,255.1745842380558,C,Quarterly,Low,"Simple control, bulk ordering"
16494,Tenuta di Arceno Chianti Cls,750mL,58,11.68,2.336,157.5714667168129,C,Quarterly,Low,"Simple control, bulk ordering"
16503,Lafite Rsv Speciale Bl Brdx,750mL,2,5.99,1.1980000000000002,40.85889232227184,C,Quarterly,Low,"Simple control, bulk ordering"
16526,Flaco Tempranillo,750mL,63,6.03,1.2060000000000002,228.5581019569187,C,Quarterly,Low,"Simple control, bulk ordering"
16527,Vinyes Domenech Furvus,750mL,1,22.29,4.458,14.977177193919784,C,Quarterly,Low,"Simple control, bulk ordering"
16529,Naveran Cava Brut,750mL,12,11.99,2.398,70.74015932824028,C,Quarterly,Low,"Simple control, bulk ordering"
16531,Pazo de Galegos Albarino,750mL,1,14.09,2.818,18.837770674218593,C,Quarterly,Low,"Simple control, bulk ordering"
16537,Root 1 Pnt Nr,750mL,70,6.84,1.368,226.20696417943205,C,Quarterly,Low,"Simple control, bulk ordering"
16538,Catalpa Malbec,750mL,32,8.6,1.72,136.3988678940947,C,Quarterly,Low,"Simple control, bulk ordering"
16539,Catalpa Chard,750mL,15,9.14,1.8280000000000003,90.58525971646459,C,Quarterly,Low,"Simple control, bulk ordering"
16540,Atamisque Malbec,750mL,103,13.63,2.7260000000000004,194.38183901715678,C,Quarterly,Low,"Simple control, bulk ordering"
16541,Atamisque Assemblage,750mL,28,22.75,4.55,78.44645405527362,C,Quarterly,Low,"Simple control, bulk ordering"
16553,Zestos Garnacha,750mL,26,6.7,1.34,139.29459815307578,C,Quarterly,Low,"Simple control, bulk ordering"
16555,Murrieta's Well The Whip Wh,750mL,59,11.18,2.236,162.43892480985286,C,Quarterly,Low,"Simple control, bulk ordering"
16559,Badenhorst Secateurs Red,750mL,7,8.96,1.7920000000000003,62.49999999999999,C,Quarterly,Low,"Simple control, bulk ordering"
16560,Badenhorst Secateurs Chen Bl,750mL,29,8.78,1.756,128.5099466116616,C,Quarterly,Low,"Simple control, bulk ordering"
16568,Moonlight Meadery Sumptuous,375mL,76,8.84,1.768,207.33167953635672,C,Quarterly,Low,"Simple control, bulk ordering"
16583,Pali Huntington Pnt Nr,750mL,17,13.51,2.702,79.31983248415608,C,Quarterly,Low,"Simple control, bulk ordering"
16584,Pali Winsdor Oaks Pnt Nr RRV,750mL,2,26.02,5.204000000000001,19.604074934445578,C,Quarterly,Low,"Simple control, bulk ordering"
16585,Pali Summit Station R Pnt Nr,750mL,4,18.11,3.622,33.23194593778261,C,Quarterly,Low,"Simple control, bulk ordering"
16587,Pali Riviera Pnt Nr Sonoma,750mL,3,11.4,2.2800000000000002,36.27381250550058,C,Quarterly,Low,"Simple control, bulk ordering"
16592,B & G Sauternes,750mL,33,11.18,2.236,121.48455587702023,C,Quarterly,Low,"Simple control, bulk ordering"
16610,Leese-Fitch Cab Svgn,750mL,1407,6.8,1.36,1017.1326479517859,A,Weekly,High,"Tight control, frequent replenishment"
16612,McManis Barbera Jamie Lynn,750mL,1,7.33,1.4660000000000002,26.117584882778505,C,Quarterly,Low,"Simple control, bulk ordering"
16646,Cesari Jema Corvina Veronese,750mL,38,24.18,4.836,88.64385858132123,C,Quarterly,Low,"Simple control, bulk ordering"
16647,Cesari Lugana Cento Filari,750mL,163,8.49,1.6980000000000002,309.8310645735735,C,Quarterly,Low,"Simple control, bulk ordering"
16649,Cesari Valpo Classico,750mL,6,9.67,1.9340000000000002,55.6989990051509,C,Quarterly,Low,"Simple control, bulk ordering"
16653,Quintessa Rutherford Red,750mL,2,96.02,19.204,10.205144281094645,C,Quarterly,Low,"Simple control, bulk ordering"
16655,Dom Bousquet Cab Svgn Mendza,750mL,248,7.23,1.4460000000000002,414.13476935926843,B,Monthly,Medium,Moderate control
16656,Dom Bousquet Malbec Mendoza,750mL,243,7.58,1.516,400.3626324559005,B,Monthly,Medium,Moderate control
16657,Dom Bousquet Chardonnay,750mL,41,7.23,1.4460000000000002,168.3866984690303,C,Quarterly,Low,"Simple control, bulk ordering"
16669,Sweet Baby Vyds Blueberry,750mL,269,8.55,1.7100000000000002,396.62317320155137,B,Monthly,Medium,Moderate control
16670,Sweet Baby Vyds White Peach,750mL,225,8.27,1.654,368.8276797036775,B,Monthly,Medium,Moderate control
16678,Neal Fifteen Forty Cab Svgn,750mL,6,63.51,12.702,21.73399540921557,C,Quarterly,Low,"Simple control, bulk ordering"
16684,Sokol Blosser Evolution Red,750mL,33,11.03,2.206,122.30781731305629,C,Quarterly,Low,"Simple control, bulk ordering"
16692,Chartron Trebuchet Chard Bou,750mL,27,10.88,2.176,111.39159858487585,C,Quarterly,Low,"Simple control, bulk ordering"
16694,Adissat Cotes du Rhone,750mL,24,9.93,1.986,109.92994198586254,C,Quarterly,Low,"Simple control, bulk ordering"
16695,Ch Hyot Brdx Castillon,750mL,608,10.27,2.054,544.0659791593991,A,Weekly,High,"Tight control, frequent replenishment"
16696,Alain Lorieux Chinon Express,750mL,3,12.24,2.4480000000000004,35.00700210070024,C,Quarterly,Low,"Simple control, bulk ordering"
16703,Catena Padrillos Malbec,750mL,225,6.53,1.306,415.0683996843641,C,Quarterly,Low,"Simple control, bulk ordering"
16708,Bolla Valpo Ripasso Cls Sup,750mL,12,7.23,1.4460000000000002,91.09750373485538,C,Quarterly,Low,"Simple control, bulk ordering"
16724,Ch Haut Gravet Saint-Emillon,750mL,57,25.97,5.194,104.75782071595027,C,Quarterly,Low,"Simple control, bulk ordering"
16725,Moonstone Asian Pear Sake,300mL,89,4.63,0.926,310.01985584010384,C,Quarterly,Low,"Simple control, bulk ordering"
16727,Bitch Grenache Aragon,750mL,93,9.33,1.866,223.24701184074095,C,Quarterly,Low,"Simple control, bulk ordering"
16728,Pine Ridge Forefront Cab Svg,750mL,63,12.83,2.5660000000000003,156.69024106364444,C,Quarterly,Low,"Simple control, bulk ordering"
16749,Ninety+Cellars Lot 50 Prosco,750mL,10,7.53,1.5060000000000002,81.48684704723742,C,Quarterly,Low,"Simple control, bulk ordering"
16752,Pennywise Cab Svgn,750mL,1,7.99,1.598,25.015639663712996,C,Quarterly,Low,"Simple control, bulk ordering"
16753,Pennywise Pnt Nr,750mL,25,6.7,1.34,136.58959117703824,C,Quarterly,Low,"Simple control, bulk ordering"
16756,Cocchi Americano,750mL,2,13.33,2.6660000000000004,27.389551783238833,C,Quarterly,Low,"Simple control, bulk ordering"
16757,Cardamaro Vino Amaro,750mL,25,11.76,2.352,103.09826235529032,C,Quarterly,Low,"Simple control, bulk ordering"
16758,Dolin Sweet Red Vermouth,750mL,286,8.55,1.7100000000000002,408.9638883670587,B,Monthly,Medium,Moderate control
16761,Dolin Dry White Vermouth,750mL,342,8.84,1.768,439.81690966486195,B,Monthly,Medium,Moderate control
16773,Hartford Court Pnt Nr RRV,750mL,9,22.6,4.5200000000000005,44.62230879815472,C,Quarterly,Low,"Simple control, bulk ordering"
16775,Lucky Duck Moscato,750mL,12,2.48,0.496,155.54275420956378,C,Quarterly,Low,"Simple control, bulk ordering"
16778,Lange Willamette Chard,750mL,60,11.03,2.206,164.91982722128378,C,Quarterly,Low,"Simple control, bulk ordering"
16781,Mica Cab Svgn,750mL,9,44.51,8.902,31.79636397571172,C,Quarterly,Low,"Simple control, bulk ordering"
16782,Penner-Ash Willamette Pnt Nr,750mL,37,24.5,4.9,86.89660757568885,C,Quarterly,Low,"Simple control, bulk ordering"
16792,Gallo Signature Series Chard,750mL,7,16.12,3.224,46.59630758862015,C,Quarterly,Low,"Simple control, bulk ordering"
16794,Freakshow Cab Svgn,750mL,1569,10.94,2.188,846.8135779684982,A,Weekly,High,"Tight control, frequent replenishment"
16796,Delamotte Brut,750mL,21,24.13,4.8260000000000005,65.96536784928202,C,Quarterly,Low,"Simple control, bulk ordering"
16806,Apothic Winemakers White,750mL,858,5.3,1.06,899.6854796339389,A,Weekly,High,"Tight control, frequent replenishment"
16814,H3 Horse Heaven Hills Red Co,750mL,393,8.1,1.62,492.53689465114445,B,Monthly,Medium,Moderate control
16816,H3 Horse Heaven Hills Merlot,750mL,412,8.27,1.654,499.0922836689584,B,Monthly,Medium,Moderate control
16819,H3 Horse Heaven Hills Cab Sv,750mL,2219,8.21,1.6420000000000003,1162.4976261550291,A,Weekly,High,"Tight control, frequent replenishment"
16824,Adissat Lirac,750mL,42,13.15,2.6300000000000003,126.37081051037629,C,Quarterly,Low,"Simple control, bulk ordering"
16826,Simply Naked Unoaked Svgn Bl,750mL,238,4.69,0.9380000000000002,503.71752330406576,C,Quarterly,Low,"Simple control, bulk ordering"
16828,Korbel Organic Brut,750mL,543,8.66,1.7320000000000002,559.9199876854725,B,Monthly,Medium,Moderate control
16829,C Y Toro Gran Reserva Cab Sv,750mL,232,9.52,1.904,349.06838799266586,B,Monthly,Medium,Moderate control
16837,Beringer Classic Pink Moscat,750mL,388,3.42,0.684,753.1609801286204,B,Monthly,Medium,Moderate control
16839,Le Gr Bouqueteau Chinon Roug,750mL,42,10.38,2.076,142.23647166895125,C,Quarterly,Low,"Simple control, bulk ordering"
16843,Barefoot Cellars Red Moscato,750mL,611,3.44,0.6880000000000001,942.3807061632984,B,Monthly,Medium,Moderate control
16860,Tikal Natura Malbec,750mL,37,13.51,2.702,117.01948694847657,C,Quarterly,Low,"Simple control, bulk ordering"
16863,Pacifico Sur Cab Svgn Rsv,750mL,12,6.84,1.368,93.6585811581694,C,Quarterly,Low,"Simple control, bulk ordering"
16868,Don & Sons Pnt Nr Sonoma Cst,750mL,33,11.84,2.368,118.05003520037938,C,Quarterly,Low,"Simple control, bulk ordering"
16869,Cupcake Chianti,750mL,36,4.57,0.9140000000000001,198.46236049668673,C,Quarterly,Low,"Simple control, bulk ordering"
16877,Ninety+Cellars Lot 53 Cab Sv,750mL,321,6.16,1.2320000000000002,510.442894016508,B,Monthly,Medium,Moderate control
16878,Goosebump Velvety Red,750mL,173,5.22,1.044,407.0734728037881,C,Quarterly,Low,"Simple control, bulk ordering"
16889,The Seeker Malbec,750mL,58,7.79,1.558,192.9435523084587,C,Quarterly,Low,"Simple control, bulk ordering"
16891,The Seeker Svgn Bl,750mL,80,8.21,1.6420000000000003,220.7285026080252,C,Quarterly,Low,"Simple control, bulk ordering"
16896,Nicolas Catena Zapata Mendza,750mL,2,71.42,14.284,11.832869559673256,C,Quarterly,Low,"Simple control, bulk ordering"
16918,Villa Pozzi Moscato,750mL,256,5.8,1.16,469.77617561176277,C,Quarterly,Low,"Simple control, bulk ordering"
16931,Caymus Spec Select Cab Svgn,750mL,39,109.93,21.986000000000004,42.11717096671194,B,Monthly,Medium,Moderate control
16947,Altadonna Nero D'Avola,750mL,10,7.48,1.4960000000000002,81.75874252096607,C,Quarterly,Low,"Simple control, bulk ordering"
16948,Rex Goliath Malbec,750mL,196,3.89,0.778,501.9243175674523,C,Quarterly,Low,"Simple control, bulk ordering"
16961,CastelGiocondo 10 Brun Montl,750mL,1,38.7,7.740000000000001,11.36657232450789,C,Quarterly,Low,"Simple control, bulk ordering"
16968,Trentadue Znfdl Alex Vly,750mL,59,10.8,2.16,165.2719420071502,C,Quarterly,Low,"Simple control, bulk ordering"
16971,Angeline Rsv Cab Svgn,750mL,82,7.43,1.486,234.90784539415756,C,Quarterly,Low,"Simple control, bulk ordering"
16989,Red Diamond Malbec,750mL,41,6.07,1.2140000000000002,183.77337236062618,C,Quarterly,Low,"Simple control, bulk ordering"
16990,Santa Cristina Antinori Wh,750mL,64,6.7,1.34,218.54334588326122,C,Quarterly,Low,"Simple control, bulk ordering"
16991,Ch Bellevue St-Emil 09 Gr Cr,750mL,6,46.66,9.331999999999999,25.35643888075068,C,Quarterly,Low,"Simple control, bulk ordering"
16996,LaBelle Winery Americus,750mL,19,13.79,2.758,83.00030142269459,C,Quarterly,Low,"Simple control, bulk ordering"
16998,Ch Rauzan Segla Margaux 09,750mL,1,106.66,21.332,6.846745932968224,C,Quarterly,Low,"Simple control, bulk ordering"
17001,Martinshof Gruner Veltliner,750mL,91,9.33,1.866,220.83345972614634,C,Quarterly,Low,"Simple control, bulk ordering"
17011,La Maialina Gertrude Red,750mL,245,9.2,1.8399999999999999,364.90022459988086,B,Monthly,Medium,Moderate control
17015,Siegel Reserve Cab Svgn,750mL,5,5.82,1.1640000000000001,65.54031313663454,C,Quarterly,Low,"Simple control, bulk ordering"
17016,Picpoul d Pinet HB Languedoc,750mL,147,7.58,1.516,311.3931585768115,C,Quarterly,Low,"Simple control, bulk ordering"
17017,Riebeek Cellars Chard,750mL,12,6.89,1.3780000000000001,93.31812717375041,C,Quarterly,Low,"Simple control, bulk ordering"
17019,Riebeek Cellars Cab Svgn,750mL,28,6.45,1.29,147.32761572966945,C,Quarterly,Low,"Simple control, bulk ordering"
17020,Maipe Malbec Mendoza,750mL,83,7.14,1.428,241.0876382142392,C,Quarterly,Low,"Simple control, bulk ordering"
17024,Marques de Caceres Albarino,750mL,37,8.72,1.7440000000000002,145.65574595694886,C,Quarterly,Low,"Simple control, bulk ordering"
17026,Pares Balta Brut Cava Pendes,750mL,10,10.06,2.012,70.49949593040614,C,Quarterly,Low,"Simple control, bulk ordering"
17040,Sutter Home Pink Moscato,187mL 4 Pk,24,3.99,0.798,173.42199390482398,C,Quarterly,Low,"Simple control, bulk ordering"
17041,Sutter Home Pink Moscato,1.5L,537,5.26,1.052,714.4622269681291,B,Monthly,Medium,Moderate control
17059,Murai Nigori Genshu Sake,300mL,15,5.91,1.1820000000000002,112.65147726483322,C,Quarterly,Low,"Simple control, bulk ordering"
17063,Ch Tanunda Gr Barossa Cab Sv,750mL,14,10.66,2.132,81.03458599622594,C,Quarterly,Low,"Simple control, bulk ordering"
17065,Be. Bright Pnt Grigio,750mL,15,4.1,0.82,135.25044520011485,C,Quarterly,Low,"Simple control, bulk ordering"
17069,Tangent Albarino,750mL,19,7.51,1.502,112.47133086396543,C,Quarterly,Low,"Simple control, bulk ordering"
17073,Tomaiolo Pinot Grigio,750mL,216,6.84,1.368,397.35970711951313,B,Monthly,Medium,Moderate control
17086,Harrison Clarke Syrah,750mL,13,26.66,5.332000000000001,49.37721668322188,C,Quarterly,Low,"Simple control, bulk ordering"
17093,Guidobono Barbera D'Alba,750mL,3,9.2,1.8399999999999999,40.378642654362416,C,Quarterly,Low,"Simple control, bulk ordering"
17100,Z-52 Znfdl Lodi Old Vines,750mL,158,5.19,1.038,390.1484327978821,C,Quarterly,Low,"Simple control, bulk ordering"
17101,Trimbach Gewurztraminer,750mL,59,12.74,2.548,152.16903762776076,C,Quarterly,Low,"Simple control, bulk ordering"
17119,Zaccagnini Cerasuolo Rose,750mL,30,10.66,2.132,118.62248757760662,C,Quarterly,Low,"Simple control, bulk ordering"
17131,Murphy-Goode Liars Dice Znfd,750mL,4,11.84,2.368,41.09974682633932,C,Quarterly,Low,"Simple control, bulk ordering"
17132,Murphy-Goode Cab Svgn Alex V,750mL,24,14.66,2.9320000000000004,90.47396797593044,C,Quarterly,Low,"Simple control, bulk ordering"
17134,Ch Ste Michelle Indn Wls Red,750mL,63,9.8,1.9600000000000002,179.28429140015905,C,Quarterly,Low,"Simple control, bulk ordering"
17138,Steele Red Hills Cab Svgn,750mL,12,8.55,1.7100000000000002,83.7707816583391,C,Quarterly,Low,"Simple control, bulk ordering"
17145,Honeymaker Blueberry Mead,750mL,50,11.56,2.3120000000000003,147.05882352941174,C,Quarterly,Low,"Simple control, bulk ordering"
17146,Honeymaker Dry Mead,750mL,44,9.08,1.816,155.65691404453526,C,Quarterly,Low,"Simple control, bulk ordering"
17147,Honeymaker Lavender Mead,750mL,53,9.03,1.806,171.30855895102903,C,Quarterly,Low,"Simple control, bulk ordering"
17159,Quattro Mani Montepulciano,750mL,3,9.39,1.8780000000000001,39.96803834887157,C,Quarterly,Low,"Simple control, bulk ordering"
17162,Menage a Trois Pnt Grigio,750mL,205,6.12,1.2240000000000002,409.247675779251,C,Quarterly,Low,"Simple control, bulk ordering"
17163,Menage a Trois Cab Svgn,750mL,284,7.09,1.4180000000000001,447.5288677248749,B,Monthly,Medium,Moderate control
17167,Kendall Jackson Vntr RSV Zin,750mL,104,6.82,1.364,276.1273878318673,C,Quarterly,Low,"Simple control, bulk ordering"
17168,Kendall Jackson Vntrs Rsl Rs,750mL,258,5.99,1.1980000000000002,464.06780921820854,B,Monthly,Medium,Moderate control
17170,Zeitgeist Cab Svgn Napa Vly,750mL,1,35.48,7.096,11.87116104208156,C,Quarterly,Low,"Simple control, bulk ordering"
17172,Riunite Sweet White,750mL,1,4.1,0.82,34.92151478847891,C,Quarterly,Low,"Simple control, bulk ordering"
17175,Beringer Classic Cab Svgn,1.5L,569,5.2,1.04,739.6724846953445,B,Monthly,Medium,Moderate control
17176,Beringer Classic Chard,1.5L,766,5.23,1.046,855.7532211600565,A,Weekly,High,"Tight control, frequent replenishment"
17177,Beringer Classic Merlot,1.5L,436,5.45,1.09,632.4555320336758,B,Monthly,Medium,Moderate control
17186,Columna Albarino,750mL,26,9.33,1.866,118.04044940445445,C,Quarterly,Low,"Simple control, bulk ordering"
17187,The Messenger Telegram Red 2,750mL,108,11.03,2.206,221.2631667025865,C,Quarterly,Low,"Simple control, bulk ordering"
17188,The Messenger Telegram Red 1,750mL,81,11.4,2.2800000000000002,188.48425873126297,C,Quarterly,Low,"Simple control, bulk ordering"
17194,Uvaggio Primitivo Lodi,750mL,143,8.27,1.654,294.0358375446442,C,Quarterly,Low,"Simple control, bulk ordering"
17202,Natura Malbec Ville de Rapel,750mL,104,6.12,1.2240000000000002,291.4915440650687,C,Quarterly,Low,"Simple control, bulk ordering"
17209,The Divining Rod Cab Svgn,750mL,101,11.03,2.206,213.97248617834444,C,Quarterly,Low,"Simple control, bulk ordering"
17216,Gerard Metz Pnt Gris,750mL,31,11.76,2.352,114.80536620229708,C,Quarterly,Low,"Simple control, bulk ordering"
17219,Honoro Vera Garnacha Calatyd,750mL,85,6.45,1.29,256.6933440278829,C,Quarterly,Low,"Simple control, bulk ordering"
17235,B & G Vouvray,750mL,79,7.38,1.476,231.35045975824707,C,Quarterly,Low,"Simple control, bulk ordering"
17263,Lincourt Courtney's Chard,750mL,26,7.28,1.4560000000000002,133.6306209562122,C,Quarterly,Low,"Simple control, bulk ordering"
17266,The Divining Rod Chard,750mL,3,9.03,1.806,40.75695729696112,C,Quarterly,Low,"Simple control, bulk ordering"
17282,Ch Fugue de Nenin 09,750mL,2,19.59,3.918,22.59346194622841,C,Quarterly,Low,"Simple control, bulk ordering"
17289,Sella & Mosca Terre Rare,750mL,6,10.2,2.04,54.232614454664045,C,Quarterly,Low,"Simple control, bulk ordering"
17292,Defesa Rose Alentejo,750mL,27,8.6,1.72,125.29036043768352,C,Quarterly,Low,"Simple control, bulk ordering"
17293,Defesa Branco White Alentejo,750mL,17,8.44,1.688,100.35482074815023,C,Quarterly,Low,"Simple control, bulk ordering"
17294,Defesa Tinto Red Alentejo,750mL,50,8.38,1.6760000000000002,172.72213396336667,C,Quarterly,Low,"Simple control, bulk ordering"
17296,Monte Velho Tinto Alentejo R,750mL,164,7.14,1.428,338.88927155540074,C,Quarterly,Low,"Simple control, bulk ordering"
17297,Clos du Bois Rouge,750mL,81,5.88,1.176,262.4453295839119,C,Quarterly,Low,"Simple control, bulk ordering"
17308,Novelty Hill Cab Svgn CV,750mL,59,15.17,3.0340000000000003,139.4499033482509,C,Quarterly,Low,"Simple control, bulk ordering"
17315,Damilano Cannubi Barolo,750mL,5,54.05,10.81,21.506619680967013,C,Quarterly,Low,"Simple control, bulk ordering"
17316,Damilano Lecinquevgne Barolo,750mL,65,20.91,4.182,124.67077639466434,C,Quarterly,Low,"Simple control, bulk ordering"
17323,Stonestreet Est Cab Svgn,750mL,6,27.62,5.524000000000001,32.95708485945047,C,Quarterly,Low,"Simple control, bulk ordering"
17325,The Calling Dutton Chard RRV,750mL,40,13.69,2.738,120.86853932431296,C,Quarterly,Low,"Simple control, bulk ordering"
17326,The Calling Cab Svgn Rio Lgo,750mL,66,16.89,3.378,139.7790695243284,C,Quarterly,Low,"Simple control, bulk ordering"
17329,Sean Minor 4B Paso Cab Svgn,750mL,1,8.55,1.7100000000000002,24.18254167033372,C,Quarterly,Low,"Simple control, bulk ordering"
17330,Sean Minor 4B Pinot Noir,750mL,141,8.96,1.7920000000000003,280.50496557866086,C,Quarterly,Low,"Simple control, bulk ordering"
17332,Sean Minor 4B Cntl Cst Chard,750mL,12,7.38,1.476,90.16696346674323,C,Quarterly,Low,"Simple control, bulk ordering"
17339,Chicken & Turkey Cotes du Rh,750mL,6,5.4,1.08,74.53559924999298,C,Quarterly,Low,"Simple control, bulk ordering"
17340,Chops & Burgers Bordeaux,750mL,75,5.26,1.052,267.00707044083913,C,Quarterly,Low,"Simple control, bulk ordering"
17341,Lobster & Shrimp Muscadet,750mL,116,3.86,0.772,387.6326448552972,C,Quarterly,Low,"Simple control, bulk ordering"
17345,Bogle Essential Red,750mL,810,6.01,1.202,820.9000376904606,A,Weekly,High,"Tight control, frequent replenishment"
17346,Ridge Estate Merlot,750mL,5,30.96,6.192,28.41643081126973,C,Quarterly,Low,"Simple control, bulk ordering"
17347,Ridge Lytton Petite Sirah,750mL,51,19.35,3.8700000000000006,114.79675332361717,C,Quarterly,Low,"Simple control, bulk ordering"
17349,Moonlight Meadery Desire,375mL,78,9.65,1.9300000000000002,201.03359861481044,C,Quarterly,Low,"Simple control, bulk ordering"
17350,Moonlight Meadery Sensual,375mL,92,9.45,1.89,220.62921084309912,C,Quarterly,Low,"Simple control, bulk ordering"
17351,Wine by Joe Pnt Nr,750mL,61,11.18,2.236,165.16918198080268,C,Quarterly,Low,"Simple control, bulk ordering"
17361,Grateful Red Redhawk Pnt Nr,750mL,13,11.64,2.3280000000000003,74.7274543916929,C,Quarterly,Low,"Simple control, bulk ordering"
17367,Riebeek Clrs Svgn Bl Swartld,750mL,12,6.62,1.324,95.20212239630652,C,Quarterly,Low,"Simple control, bulk ordering"
17369,Gattinara Red,750mL,1,13.54,2.708,19.2165610506022,C,Quarterly,Low,"Simple control, bulk ordering"
17372,Mionetto Il Spriz,750mL,23,6.57,1.314,132.30194698128236,C,Quarterly,Low,"Simple control, bulk ordering"
17375,Legacy Red Alexander Valley,750mL,8,35.8,7.16,33.42631352324378,C,Quarterly,Low,"Simple control, bulk ordering"
17377,BV Beaurouge Red,750mL,226,10.13,2.0260000000000002,333.990796168061,B,Monthly,Medium,Moderate control
17378,Terrazas Torrontes Rsv 10,750mL,42,8.27,1.654,159.35177030366413,C,Quarterly,Low,"Simple control, bulk ordering"
17384,20 Mile 09 Brdx Superior,750mL,3,24.34,4.868,24.824776236681664,C,Quarterly,Low,"Simple control, bulk ordering"
17405,Ch Haut-Bailly 09 Pessac Brd,750mL,6,86.36,17.272000000000002,18.638214713519957,C,Quarterly,Low,"Simple control, bulk ordering"
17431,Rhiannon Proprietor's Red,750mL,41,7.09,1.4180000000000001,170.0410636541417,C,Quarterly,Low,"Simple control, bulk ordering"
17432,Predator Old Vine Znfdl Lodi,750mL,258,10.34,2.068,353.2112972469898,B,Monthly,Medium,Moderate control
17433,Vino Pnt Grigio,750mL,4,7.79,1.558,50.66945919381399,C,Quarterly,Low,"Simple control, bulk ordering"
17457,Skinnygirl White Wine,750mL,235,5.84,1.168,448.55170285819486,C,Quarterly,Low,"Simple control, bulk ordering"
17458,Skinnygirl Rose Wine,750mL,103,6.03,1.2060000000000002,292.24356592440535,C,Quarterly,Low,"Simple control, bulk ordering"
17459,Skinnygirl Red Wine,750mL,119,6.07,1.2140000000000002,313.0863527054666,C,Quarterly,Low,"Simple control, bulk ordering"
17470,Zacharias Ambelos Phos White,750mL,12,6.8,1.36,93.93364366277241,C,Quarterly,Low,"Simple control, bulk ordering"
17471,Loukatos Mavrodaphne Patras,750mL,101,7.14,1.428,265.94791090837055,C,Quarterly,Low,"Simple control, bulk ordering"
17473,Loukatos Retsina,Liter,36,5.62,1.124,178.96499588156806,C,Quarterly,Low,"Simple control, bulk ordering"
17486,Barefoot Cellars Red Moscato,187mL 4 Pk,4,4.41,0.8820000000000001,67.34350297014738,C,Quarterly,Low,"Simple control, bulk ordering"
17487,The Naked Grape Harvest Red,750mL,48,4.6,0.9199999999999999,228.4160962880643,C,Quarterly,Low,"Simple control, bulk ordering"
17489,Ch St Pierre Rose,750mL,62,8.78,1.756,187.90294591698785,C,Quarterly,Low,"Simple control, bulk ordering"
17490,Serbal Chardonnay,750mL,3,8.78,1.756,41.33313738410946,C,Quarterly,Low,"Simple control, bulk ordering"
17500,Hob Nob Wicked Red,750mL,88,6.45,1.29,261.18394717816386,C,Quarterly,Low,"Simple control, bulk ordering"
17503,Montes Twins Red,750mL,23,10.34,2.068,105.46021461450624,C,Quarterly,Low,"Simple control, bulk ordering"
17504,Butternut Chard,750mL,454,7.99,1.598,533.0151324439746,B,Monthly,Medium,Moderate control
17507,Rainstorm Pnt Nr,750mL,65,9.99,1.9980000000000002,180.36777021555855,C,Quarterly,Low,"Simple control, bulk ordering"
17528,Dom Serene Roadblock Syrah,750mL,7,12.24,2.4480000000000004,53.474078993312325,C,Quarterly,Low,"Simple control, bulk ordering"
17529,Dom Serene Evenstad Chard,750mL,3,28.75,5.75,22.84160962880643,C,Quarterly,Low,"Simple control, bulk ordering"
17535,Ninety+Cellars Lot 66 Rsl Mo,750mL,74,5.99,1.1980000000000002,248.53493924740476,C,Quarterly,Low,"Simple control, bulk ordering"
17595,Ch La Gordonne Rose,750mL,4,11.03,2.206,42.582116285829116,C,Quarterly,Low,"Simple control, bulk ordering"
17596,Pink Flamingo Rose,750mL,57,8.1,1.62,187.57714462371257,C,Quarterly,Low,"Simple control, bulk ordering"
17601,Ch Palmer Margaux 09 Medoc,750mL,9,234.48,46.896,13.853303668003239,B,Monthly,Medium,Moderate control
17612,Tilia Malbec Syrah  Mendoza,750mL,162,6.75,1.35,346.41016151377545,C,Quarterly,Low,"Simple control, bulk ordering"
17615,Bota Box Rsl,3L,4,12.16,2.4320000000000004,40.555355282690634,C,Quarterly,Low,"Simple control, bulk ordering"
17617,Nostor Tinto Priorat,750mL,29,10.34,2.068,118.41963870795026,C,Quarterly,Low,"Simple control, bulk ordering"
17671,Revelation Chard Pays D'Oc,750mL,12,4.44,0.8880000000000001,116.24763874381927,C,Quarterly,Low,"Simple control, bulk ordering"
17706,Il Donato Vino Rosso Puglia,750mL,12,6.12,1.2240000000000002,99.01475429766742,C,Quarterly,Low,"Simple control, bulk ordering"
17707,Smoking Loon Steelbird Chard,750mL,617,4.62,0.924,817.159052907644,B,Monthly,Medium,Moderate control
17741,Olivier Leflaive Bourg Al 12,750mL,1,12.74,2.548,19.81072129375818,C,Quarterly,Low,"Simple control, bulk ordering"
17747,Penner-Ash Viognier,750mL,1,17.99,3.598,16.67129822620214,C,Quarterly,Low,"Simple control, bulk ordering"
17748,Black Box Pnt Grigio,500mL,665,2.75,0.55,1099.5866992151682,B,Monthly,Medium,Moderate control
17754,Chocolate Shop Red,750mL,294,8.05,1.6100000000000003,427.32738696715177,B,Monthly,Medium,Moderate control
17756,Cline Cool Climate Pnt Nr,750mL,324,9.8,1.9600000000000002,406.57855630736304,B,Monthly,Medium,Moderate control
17758,Il Poggione Rosso Montalcino,750mL,5,16.77,3.354,38.61032639995152,C,Quarterly,Low,"Simple control, bulk ordering"
17814,Ruffino Chianti Clsc Rsv Gld,750mL,141,23.64,4.728000000000001,172.69144456336193,B,Monthly,Medium,Moderate control
17816,Sauvignon Republic Svgn Bl,750mL,11,5.86,1.1720000000000002,96.87964455452052,C,Quarterly,Low,"Simple control, bulk ordering"
17837,Alverez de Toledo Mencia Rbl,750mL,129,6.89,1.3780000000000001,305.96394107243214,C,Quarterly,Low,"Simple control, bulk ordering"
17838,Alverez de Toledo Godello,750mL,27,6.7,1.34,141.94806702221516,C,Quarterly,Low,"Simple control, bulk ordering"
17856,Charles Joguet Chinon Rose,750mL,1,9.08,1.816,23.466162723196604,C,Quarterly,Low,"Simple control, bulk ordering"
17863,Tommasi Poggio Tufo Cab Svgn,750mL,22,6.8,1.36,127.18675476729207,C,Quarterly,Low,"Simple control, bulk ordering"
17865,Ch St Jean Pnt Nr,750mL,407,6.09,1.218,578.0608544052526,B,Monthly,Medium,Moderate control
17866,James Mitchell Cab Svgn,750mL,46,8.9,1.7800000000000002,160.75663790093856,C,Quarterly,Low,"Simple control, bulk ordering"
17867,Beringer Classic Wh Zin Mosc,750mL,223,3.22,0.6440000000000001,588.4499060459316,C,Quarterly,Low,"Simple control, bulk ordering"
17875,Darkhorse Chard,750mL,705,5.44,1.088,804.9707703863976,B,Monthly,Medium,Moderate control
17876,Darkhorse Cab Svgn,750mL,1137,5.33,1.066,1032.7652819395785,A,Weekly,High,"Tight control, frequent replenishment"
17880,Manabito Ginjo Sake,720mL,18,18.29,3.658,70.14785603174334,C,Quarterly,Low,"Simple control, bulk ordering"
17882,Dewatsuru Kimoto Junmai Sake,720mL,41,16.32,3.2640000000000002,112.07709181542819,C,Quarterly,Low,"Simple control, bulk ordering"
17906,Kim Crawford Chard Unoaked,750mL,87,10.59,2.118,202.6733511148534,C,Quarterly,Low,"Simple control, bulk ordering"
17908,Rex Goliath Pink Moscato,750mL,1,3.99,0.798,35.399616270239434,C,Quarterly,Low,"Simple control, bulk ordering"
17910,Estancia Unoaked Chard,750mL,249,6.57,1.314,435.31335483186956,B,Monthly,Medium,Moderate control
17911,Blackstone Winemakers Malbec,750mL,20,4.13,0.8260000000000001,155.60551102236929,C,Quarterly,Low,"Simple control, bulk ordering"
17912,Thorny Rose Cab Svgn,750mL,51,6.16,1.2320000000000002,203.46032511549737,C,Quarterly,Low,"Simple control, bulk ordering"
17914,Thorny Rose Red,750mL,10,6.2,1.2400000000000002,89.80265101338745,C,Quarterly,Low,"Simple control, bulk ordering"
17915,Thorny Rose Svgn Bl NZ,750mL,40,5.8,1.16,185.69533817705187,C,Quarterly,Low,"Simple control, bulk ordering"
17916,Tenuta San Guido 09 Sassacia,750mL,12,110.38,22.076,23.314732143341164,C,Quarterly,Low,"Simple control, bulk ordering"
17921,Raymond R Field Blend Lot 7,750mL,64,8.9,1.7800000000000002,189.61818525599088,C,Quarterly,Low,"Simple control, bulk ordering"
17932,Camp Meeting Ridge Chard,750mL,4,56.57,11.314,18.802773237510685,C,Quarterly,Low,"Simple control, bulk ordering"
17937,Stark Raving Red,750mL,116,6.84,1.368,291.19636267890934,C,Quarterly,Low,"Simple control, bulk ordering"
17938,Stark Raving White,750mL,11,6.7,1.34,90.60328484045486,C,Quarterly,Low,"Simple control, bulk ordering"
17945,Ch St Jean Soiree Red,750mL,40,6.53,1.306,175.00820370182728,C,Quarterly,Low,"Simple control, bulk ordering"
17954,Drops of Jupiter Red,750mL,598,5.36,1.072,746.8840746029616,B,Monthly,Medium,Moderate control
17957,Bluebird Pinot Noir,750mL,81,9.14,1.8280000000000003,210.50112137624458,C,Quarterly,Low,"Simple control, bulk ordering"
17967,Banfi Principessa Gavia Gav,750mL,307,8.96,1.7920000000000003,413.90453523211636,B,Monthly,Medium,Moderate control
17978,Calling All Angels Chard,750mL,226,5.47,1.094,454.5122141743146,C,Quarterly,Low,"Simple control, bulk ordering"
17981,If You See Kay Red Blend,750mL,86,11.68,2.336,191.87253188810192,C,Quarterly,Low,"Simple control, bulk ordering"
17983,Coppo L'Avvocata,750mL,30,11.48,2.2960000000000003,114.30748921480313,C,Quarterly,Low,"Simple control, bulk ordering"
17984,Volpaia Citto Toscana,750mL,44,9.86,1.972,149.37326810762403,C,Quarterly,Low,"Simple control, bulk ordering"
17985,Ponzi Tavola Pnt Nr,750mL,86,16.43,3.286,161.77650400764284,C,Quarterly,Low,"Simple control, bulk ordering"
17988,Porta Vita Blush Rosato,1.5L,10,8.1,1.62,78.5674201318386,C,Quarterly,Low,"Simple control, bulk ordering"
17989,Porta Vita Bianco,1.5L,2,8.05,1.6100000000000003,35.245368842512065,C,Quarterly,Low,"Simple control, bulk ordering"
17990,Porta Vita Rosso,1.5L,71,8.27,1.654,207.186484645087,C,Quarterly,Low,"Simple control, bulk ordering"
18000,Vendange Sweet White,1.5L,38,2.75,0.55,262.85149626910834,C,Quarterly,Low,"Simple control, bulk ordering"
18001,Ruca Malen Malbec Rsv,750mL,54,11.03,2.206,156.4566856022084,C,Quarterly,Low,"Simple control, bulk ordering"
18002,Vendange Sweet Red,1.5L,3,4.57,0.9140000000000001,57.29114862838532,C,Quarterly,Low,"Simple control, bulk ordering"
18010,Cocobon Red,750mL,1595,3.92,0.784,1426.3375391225613,A,Weekly,High,"Tight control, frequent replenishment"
18012,Bella Bolla Pink Moscato,750mL,2,4.83,0.9660000000000001,45.50157551932901,C,Quarterly,Low,"Simple control, bulk ordering"
18013,Cecchi Sangiovese,750mL,5269,4.69,0.9380000000000002,2370.078224218049,A,Weekly,High,"Tight control, frequent replenishment"
18014,Argyle Brut,750mL,42,13.6,2.72,124.26253043692711,C,Quarterly,Low,"Simple control, bulk ordering"
18017,Verde Sole Pnt Grigio,750mL,13,7.14,1.428,95.41300465126666,C,Quarterly,Low,"Simple control, bulk ordering"
18027,Banfi Rosa Regale,750mL,539,9.08,1.816,544.7991991558735,A,Weekly,High,"Tight control, frequent replenishment"
18046,Ch La Louviere Pssc-Leg Roug,750mL,16,17.44,3.4880000000000004,67.72854614785963,C,Quarterly,Low,"Simple control, bulk ordering"
18089,Cavit Moscato,1.5L,1,8.61,1.722,24.098134635593993,C,Quarterly,Low,"Simple control, bulk ordering"
18093,Ch La Dom St Emil Gr Cru 09,750mL,2,44.66,8.932,14.963756781552728,C,Quarterly,Low,"Simple control, bulk ordering"
18095,Layer Cake Garnacha,750mL,33,10.38,2.076,126.07915671206494,C,Quarterly,Low,"Simple control, bulk ordering"
18096,Bolla Amarone Valpolicella,750mL,89,20.94,4.188000000000001,145.77789231326207,B,Monthly,Medium,Moderate control
18097,Shafer Relentless Syrah,750mL,26,55.17,11.034,48.54228147139056,C,Quarterly,Low,"Simple control, bulk ordering"
18098,Shafer Hillside Cab Svgn,750mL,2,157.89,31.578,7.958343633592046,C,Quarterly,Low,"Simple control, bulk ordering"
18102,Ruffino Greppone Mazzi Bru,750mL,8,34.48,6.896,34.06013516450858,C,Quarterly,Low,"Simple control, bulk ordering"
18106,Barefoot Cellars Pink Moscat,1.5L,614,7.14,1.428,655.7224937391718,B,Monthly,Medium,Moderate control
18107,Barefoot Cellars Pink Moscat,750mL,1022,3.22,0.6440000000000001,1259.7446256043843,B,Monthly,Medium,Moderate control
18109,Clos du Bois Unoaked Chard,750mL,47,4.36,0.8720000000000001,232.16175948852415,C,Quarterly,Low,"Simple control, bulk ordering"
18110,Franciscan Est Cuvee Chard,750mL,2,25.97,5.194,19.622937706955575,C,Quarterly,Low,"Simple control, bulk ordering"
18125,Laya Tinto Almansa,750mL,22,6.16,1.2320000000000002,133.6306209562122,C,Quarterly,Low,"Simple control, bulk ordering"
18126,Monte Velho White Alentejo,750mL,17,7.53,1.5060000000000002,106.24584985254612,C,Quarterly,Low,"Simple control, bulk ordering"
18130,Castello Di Ama Chianti,750mL,14,24.83,4.966,53.09586008755649,C,Quarterly,Low,"Simple control, bulk ordering"
18131,Tortoise Creek Chard,750mL,12,8.21,1.6420000000000003,85.4877814634182,C,Quarterly,Low,"Simple control, bulk ordering"
18134,Joel Gott Alakai Red,750mL,80,9.65,1.9300000000000002,203.59463942371502,C,Quarterly,Low,"Simple control, bulk ordering"
18142,Banfi Brunello Montalcino,750mL,200,40.4,8.08,157.32919388188816,A,Weekly,High,"Tight control, frequent replenishment"
18152,Banfi Centine Mntcln Tscna,750mL,3891,5.26,1.052,1923.1924504637886,A,Weekly,High,"Tight control, frequent replenishment"
18167,Lyrarakis Okto Syrah Blend,750mL,31,9.52,1.904,127.59903058033794,C,Quarterly,Low,"Simple control, bulk ordering"
18173,Seven Falls Chard,750mL,12,7.18,1.436,91.41414530040078,C,Quarterly,Low,"Simple control, bulk ordering"
18174,Seven Falls Merlot,750mL,39,7.14,1.428,165.26017175879946,C,Quarterly,Low,"Simple control, bulk ordering"
18175,Seven Falls Cab Svgn,750mL,62,7.43,1.486,204.26146387863076,C,Quarterly,Low,"Simple control, bulk ordering"
18193,Joseph Phelps Insignia 09,750mL,3,104.57,20.914,11.976835248773554,C,Quarterly,Low,"Simple control, bulk ordering"
18199,Valandraud 09 St Emilion Cru,750mL,2,41.37,8.274,15.54738093389993,C,Quarterly,Low,"Simple control, bulk ordering"
18212,Pulenta Est Malbec Mendoza,750mL,20,17.44,3.4880000000000004,75.72281660192283,C,Quarterly,Low,"Simple control, bulk ordering"
18232,Shatter Grenache VdP Catalan,750mL,22,11.03,2.206,99.8639146568434,C,Quarterly,Low,"Simple control, bulk ordering"
18237,M Abbona Dogliani Papa Celso,750mL,18,16.89,3.378,72.99723832339083,C,Quarterly,Low,"Simple control, bulk ordering"
18240,Renacer Enamore Red,750mL,27,17.68,3.536,87.38275920531946,C,Quarterly,Low,"Simple control, bulk ordering"
18263,Gianni Gagliardo Dolcetto D',750mL,4,12.58,2.516,39.872611141445,C,Quarterly,Low,"Simple control, bulk ordering"
18265,Gianni Gagliardo Barolo S 07,750mL,3,46.61,9.322000000000001,17.939324180982155,C,Quarterly,Low,"Simple control, bulk ordering"
18267,Caprai Montefalco Passito 06,375mL,21,21.61,4.322,69.7055352043903,C,Quarterly,Low,"Simple control, bulk ordering"
18268,Caprai Montefalco Rosso 09,750mL,1,13.15,2.6300000000000003,19.49943939917579,C,Quarterly,Low,"Simple control, bulk ordering"
18269,Masi Serego Alighieri Amaron,750mL,9,49.0,9.8,30.30457633656632,C,Quarterly,Low,"Simple control, bulk ordering"
18271,Masi Campolongo di Torbe Ama,750mL,1,82.46,16.492,7.786877398340358,C,Quarterly,Low,"Simple control, bulk ordering"
18275,Sartori Valpolicella Cls,750mL,12,8.21,1.6420000000000003,85.4877814634182,C,Quarterly,Low,"Simple control, bulk ordering"
18276,Cecchi Coevo Wood,750mL,23,35.48,7.096,56.93208834393662,C,Quarterly,Low,"Simple control, bulk ordering"
18278,Cecchi Nobile Montepulciano,750mL,42,16.1,3.2200000000000006,114.20804814403213,C,Quarterly,Low,"Simple control, bulk ordering"
18284,Michele Chiarlo Arneis,750mL,9,11.18,2.236,63.44324016567203,C,Quarterly,Low,"Simple control, bulk ordering"
18299,Sartori Family Pnt Nr,750mL,12,5.51,1.102,104.35177140809473,C,Quarterly,Low,"Simple control, bulk ordering"
18304,Satellite Svgn Blanc Marlbor,750mL,151,5.82,1.1640000000000001,360.17368853187054,C,Quarterly,Low,"Simple control, bulk ordering"
18309,Grandial Brut Blanc de Blanc,750mL,12,6.57,1.314,95.56369651349931,C,Quarterly,Low,"Simple control, bulk ordering"
18332,Ch Daqueria Tavel Rose,750mL,47,8.66,1.7320000000000002,164.73086735796687,C,Quarterly,Low,"Simple control, bulk ordering"
18337,Mile Marker Pnt Nr,750mL,69,10.2,2.04,183.91174353957038,C,Quarterly,Low,"Simple control, bulk ordering"
18338,Mile Marker Pnt Gris,750mL,12,9.39,1.8780000000000001,79.93607669774315,C,Quarterly,Low,"Simple control, bulk ordering"
18344,Gnarly Head Authentic White,750mL,15,6.07,1.2140000000000002,111.15686409271298,C,Quarterly,Low,"Simple control, bulk ordering"
18347,Banfi Pnt Grigio San Angelo,750mL,1433,8.58,1.7160000000000002,913.8279844049343,A,Weekly,High,"Tight control, frequent replenishment"
18357,Cavit Alta Luna Phases Rosso,750mL,32,6.62,1.324,155.46441486729435,C,Quarterly,Low,"Simple control, bulk ordering"
18363,Sutter Home Rsl,187mL 4 Pk,18,4.1,0.82,148.15943949743846,C,Quarterly,Low,"Simple control, bulk ordering"
18368,Sequin Delicately Pnt Grigio,750mL,284,5.4,1.08,512.79914485397,C,Quarterly,Low,"Simple control, bulk ordering"
18369,Sequin Delicately Moscato,750mL,178,5.36,1.072,407.4859213756998,C,Quarterly,Low,"Simple control, bulk ordering"
18375,Antinori Villa Wh,750mL,66,7.89,1.578,204.51184576213237,C,Quarterly,Low,"Simple control, bulk ordering"
18378,Stark Raving Cab Svgn,750mL,3,6.57,1.314,47.781848256749655,C,Quarterly,Low,"Simple control, bulk ordering"
18380,Antinori Tenuta Marchese,750mL,27,24.48,4.896000000000001,74.26106572325057,C,Quarterly,Low,"Simple control, bulk ordering"
18381,Block Nine Caiden Vyd Pnt Nr,750mL,159,8.44,1.688,306.9109199689847,C,Quarterly,Low,"Simple control, bulk ordering"
18384,2 Copas Spain White,750mL,12,6.66,1.332,94.91579957524989,C,Quarterly,Low,"Simple control, bulk ordering"
18385,B Side Napa Vly Red,750mL,6,11.18,2.236,51.80118867824779,C,Quarterly,Low,"Simple control, bulk ordering"
18394,Ravines Gewurztraminer,750mL,1,10.96,2.192,21.358941442919022,C,Quarterly,Low,"Simple control, bulk ordering"
18396,The Tractor Guy Pnt Nr,750mL,44,12.98,2.596,130.18891098082386,C,Quarterly,Low,"Simple control, bulk ordering"
18414,M D 20/20 Habanero Lime Arit,750mL,24,2.68,0.536,211.6036847575795,C,Quarterly,Low,"Simple control, bulk ordering"
18419,Mark West Pnt Nr Santa Lucia,750mL,19,7.94,1.588,109.38343346399762,C,Quarterly,Low,"Simple control, bulk ordering"
18423,F Coppola Diamond Red,750mL,165,9.93,1.986,288.2387395840102,B,Monthly,Medium,Moderate control
18424,Poggio Altero Antico Brunllo,750mL,5,37.01,7.402,25.99025028679559,C,Quarterly,Low,"Simple control, bulk ordering"
18428,Cocci Grifoni Tellus Red,750mL,1,11.4,2.2800000000000002,20.942695414584776,C,Quarterly,Low,"Simple control, bulk ordering"
18431,Bertani Villa Arvedi Amarone,750mL,9,29.03,5.806000000000001,39.371570516463116,C,Quarterly,Low,"Simple control, bulk ordering"
18432,Bertani Amarone 1993,750mL,4,113.33,22.666,13.284418643635615,C,Quarterly,Low,"Simple control, bulk ordering"
18433,Bertani Amarone 04,750mL,16,62.91,12.582,35.66031301066269,C,Quarterly,Low,"Simple control, bulk ordering"
18438,The Creator K Vintners Walla,750mL,8,36.12,7.224,33.27791628198609,C,Quarterly,Low,"Simple control, bulk ordering"
18449,R Mondavi Heritage Red,750mL,232,4.53,0.9060000000000001,506.0342282658362,C,Quarterly,Low,"Simple control, bulk ordering"
18450,Concannon Crimson & Clover,750mL,24,8.72,1.7440000000000002,117.30928305086626,C,Quarterly,Low,"Simple control, bulk ordering"
18452,Ninety+Cellars Lot 71 Malbec,750mL,3,9.93,1.986,38.86610371682359,C,Quarterly,Low,"Simple control, bulk ordering"
18466,K Syrah The Deal,750mL,1,24.34,4.868,14.332591242820385,C,Quarterly,Low,"Simple control, bulk ordering"
18507,Cakebread Cab Svgn,750mL,120,44.51,8.902,116.10390530761303,B,Monthly,Medium,Moderate control
18529,Cupcake Moscato,750mL,40,5.1,1.02,198.02950859533487,C,Quarterly,Low,"Simple control, bulk ordering"
18533,Candia Vyds Diamond,750mL,40,10.27,2.054,139.54997918088904,C,Quarterly,Low,"Simple control, bulk ordering"
18534,Candia Vyds Black Ice,375mL,59,18.79,3.758,125.29900374945807,C,Quarterly,Low,"Simple control, bulk ordering"
18535,Candia Vyds Ice Storm,375mL,52,19.17,3.8340000000000005,116.45968673013493,C,Quarterly,Low,"Simple control, bulk ordering"
18540,El Enemigo Malbec Mendoza,750mL,2,13.57,2.7140000000000004,27.146264489895152,C,Quarterly,Low,"Simple control, bulk ordering"
18551,Antigal Uno Malbec Mendoza,750mL,188,10.2,2.04,303.5734882118299,B,Monthly,Medium,Moderate control
18561,Carlo Rossi Moscato Sangria,4L,19,10.06,2.012,97.17684889025044,C,Quarterly,Low,"Simple control, bulk ordering"
18562,Jewell Towne Vyds So Hampton,750mL,166,7.99,1.598,322.3039711394592,C,Quarterly,Low,"Simple control, bulk ordering"
18564,Northstar Cab Svgn,750mL,2,18.61,3.722,23.180714250535186,C,Quarterly,Low,"Simple control, bulk ordering"
18565,Red Diamond Pnt Nr,750mL,67,5.95,1.1900000000000002,237.28152268645647,C,Quarterly,Low,"Simple control, bulk ordering"
18568,A by Acacia Unoaked Chard Ca,750mL,295,6.89,1.3780000000000001,462.6860430742783,B,Monthly,Medium,Moderate control
18569,Sterling Rsv Platinum Red,750mL,2,22.87,4.574000000000001,20.91062037816938,C,Quarterly,Low,"Simple control, bulk ordering"
18571,Sterling Vyd Aromatic White,750mL,51,6.5,1.3,198.06758753205742,C,Quarterly,Low,"Simple control, bulk ordering"
18573,Mulderbosch Faithful Hound,750mL,12,13.15,2.6300000000000003,67.54803951696563,C,Quarterly,Low,"Simple control, bulk ordering"
18575,Sartori Amarone,750mL,57,26.34,5.268000000000001,104.0194479801088,C,Quarterly,Low,"Simple control, bulk ordering"
18578,O'Shaugnessey Cab Svgn Howel,750mL,33,52.62,10.524000000000001,55.99723075088078,B,Monthly,Medium,Moderate control
18583,Heidsieck Monopole Gold Top,750mL,5,31.29,6.258,28.266186673204135,C,Quarterly,Low,"Simple control, bulk ordering"
18584,Heidsieck Monopole Rose Top,750mL,10,26.48,5.296,43.45362496568739,C,Quarterly,Low,"Simple control, bulk ordering"
18585,James L'Escargot Svgn Blanc,750mL,26,9.73,1.9460000000000002,115.5886671756579,C,Quarterly,Low,"Simple control, bulk ordering"
18586,Eric Kent Small Town Pnt Nr,750mL,1,27.58,5.516,13.464426851071169,C,Quarterly,Low,"Simple control, bulk ordering"
18587,Eric Kent Chardonnay RRV,750mL,2,23.83,4.766,20.4850948341736,C,Quarterly,Low,"Simple control, bulk ordering"
18589,Banshee Mordecai Proprietary,750mL,20,13.15,2.6300000000000003,87.20414403938946,C,Quarterly,Low,"Simple control, bulk ordering"
18592,Deadbolt Red,750mL,352,5.4,1.08,570.8992257184501,B,Monthly,Medium,Moderate control
18593,Barefoot Bubbly Red Moscato,750mL,155,6.53,1.306,344.5039934912127,C,Quarterly,Low,"Simple control, bulk ordering"
18595,Delamotte Bl de Bl Champagne,750mL,4,32.25,6.45,24.902912254587612,C,Quarterly,Low,"Simple control, bulk ordering"
18597,Seghesio Rockpile Znfdl,750mL,1,24.67,4.934000000000001,14.236408049319776,C,Quarterly,Low,"Simple control, bulk ordering"
18599,Bocelli Sangiovese,750mL,24,12.16,2.4320000000000004,99.33992677987828,C,Quarterly,Low,"Simple control, bulk ordering"
18600,Perrier Jouet Belle Epoque,750mL,27,72.72,14.544,43.08637422160695,B,Monthly,Medium,Moderate control
18601,Bocelli Prosecco,750mL,13,12.41,2.482,72.37203550381425,C,Quarterly,Low,"Simple control, bulk ordering"
18611,Stonehaven Svgn Bl,750mL,3,9.03,1.806,40.75695729696112,C,Quarterly,Low,"Simple control, bulk ordering"
18613,Juve Y Camp Rose Brut Pnt Nr,750mL,37,9.33,1.866,140.81374287408147,C,Quarterly,Low,"Simple control, bulk ordering"
18615,Ruca Malen Cab Svgn Rsv,750mL,19,10.88,2.176,93.44312519955025,C,Quarterly,Low,"Simple control, bulk ordering"
18617,Picket Fence Chard RRV,750mL,93,8.38,1.6760000000000002,235.56158460835266,C,Quarterly,Low,"Simple control, bulk ordering"
18618,Picket Fence Pnt Nr RRV,750mL,57,10.66,2.132,163.50981518639463,C,Quarterly,Low,"Simple control, bulk ordering"
18624,Donnafugata Mille una Notte,750mL,2,50.34,10.068000000000001,14.094296205853603,C,Quarterly,Low,"Simple control, bulk ordering"
18627,Viberti Chard,750mL,1,3.01,0.602,40.75695729696112,C,Quarterly,Low,"Simple control, bulk ordering"
18628,Viberti Bricco Airoli,750mL,11,19.59,3.918,52.98636499078034,C,Quarterly,Low,"Simple control, bulk ordering"
18629,Viberti Langhe Nebbolio,750mL,31,13.79,2.758,106.01900304439044,C,Quarterly,Low,"Simple control, bulk ordering"
18636,Castello di Cacchiano Rosso,750mL,12,10.95,2.19,74.02332101976053,C,Quarterly,Low,"Simple control, bulk ordering"
18637,Iris Vineyard Pnt Nr,750mL,20,13.07,2.6140000000000003,87.47062027254965,C,Quarterly,Low,"Simple control, bulk ordering"
18638,Waterstone Cab Svgn,750mL,59,16.55,3.3100000000000005,133.50945065386674,C,Quarterly,Low,"Simple control, bulk ordering"
18641,Yellow Tail Big Bold Red,1.5L,289,6.01,1.202,490.3392828570968,B,Monthly,Medium,Moderate control
18642,Yellow Tail Pink Moscato,1.5L,250,5.81,1.162,463.8386567370694,B,Monthly,Medium,Moderate control
18651,Alexana Pnt Nr Willamette,750mL,2,12.9,2.58,27.842302319485224,C,Quarterly,Low,"Simple control, bulk ordering"
18653,Fuki Plum Wine,750mL,56,6.57,1.314,206.44117909511078,C,Quarterly,Low,"Simple control, bulk ordering"
18662,Hatzimichalis Kapnias Red,750mL,1,14.76,2.952,18.40525434580776,C,Quarterly,Low,"Simple control, bulk ordering"
18664,Corvo Moscato Siciliarvo,750mL,75,6.57,1.314,238.9092412837483,C,Quarterly,Low,"Simple control, bulk ordering"
18668,G Bertrand T Jeffrsn Cremant,750mL,19,8.78,1.756,104.0194479801088,C,Quarterly,Low,"Simple control, bulk ordering"
18732,Anarkos Puglia,750mL,12,8.44,1.688,84.31491409790141,C,Quarterly,Low,"Simple control, bulk ordering"
18733,Antinori Villa Chianti Class,750mL,62,18.49,3.698,129.4828921588377,C,Quarterly,Low,"Simple control, bulk ordering"
18734,Little Black Dress Divalicio,750mL,52,6.03,1.2060000000000002,207.6481269125294,C,Quarterly,Low,"Simple control, bulk ordering"
18739,Robert Sinskey POV Napa Red,750mL,10,23.33,4.6659999999999995,46.29431184329398,C,Quarterly,Low,"Simple control, bulk ordering"
18740,Robert Sinskey Aries Pnt Nr,750mL,22,19.6,3.9200000000000004,74.91491772643938,C,Quarterly,Low,"Simple control, bulk ordering"
18741,Ca'Momi Pinot Noir Napa Vall,750mL,46,9.8,1.9600000000000002,153.19721849662295,C,Quarterly,Low,"Simple control, bulk ordering"
18742,Ca'Momi Cab Svgn Napa,750mL,196,11.25,2.25,295.14591494904874,B,Monthly,Medium,Moderate control
18743,Ca'Momi Merlot Napa Valley,750mL,357,6.8,1.36,512.3475382979799,B,Monthly,Medium,Moderate control
18744,Ca'Momi Chard Napa Vly,750mL,36,7.58,1.516,154.09964908125423,C,Quarterly,Low,"Simple control, bulk ordering"
18747,Ca'Momi Rosso di Napa,750mL,135,6.84,1.368,314.14043121877165,C,Quarterly,Low,"Simple control, bulk ordering"
18748,Ca'Momi Bianco di Napa,750mL,43,5.6,1.1199999999999999,195.94095320493147,C,Quarterly,Low,"Simple control, bulk ordering"
18756,Yellow Tail Pink Moscato,750mL,7,5.36,1.072,80.80749189443178,C,Quarterly,Low,"Simple control, bulk ordering"
18758,Mouton Cadet Sauvignon Blanc,750mL,164,6.62,1.324,351.9475379746317,C,Quarterly,Low,"Simple control, bulk ordering"
18761,Eden Vermont Ice Cider,187mL,10,10.61,2.122,68.64790851886953,C,Quarterly,Low,"Simple control, bulk ordering"
18767,Cosentino The Zin,750mL,5,10.27,2.054,49.33836829662408,C,Quarterly,Low,"Simple control, bulk ordering"
18768,Cosentino The Franc,750mL,105,8.49,1.6980000000000002,248.67138120497236,C,Quarterly,Low,"Simple control, bulk ordering"
18774,Rob Stuart Vignette Pinot Nr,750mL,27,17.23,3.446,88.51650248965207,C,Quarterly,Low,"Simple control, bulk ordering"
18778,Once Upon A Vine Pnt Nr,750mL,101,6.62,1.324,276.1955609987385,C,Quarterly,Low,"Simple control, bulk ordering"
18781,Girl Go Lightly Moscato,750mL,9,7.53,1.5060000000000002,77.30521080451098,C,Quarterly,Low,"Simple control, bulk ordering"
18783,Herencia Altes Garnacha Negr,750mL,32,5.86,1.1720000000000002,165.2384769544055,C,Quarterly,Low,"Simple control, bulk ordering"
18784,Clos Erasmus Laurel Priorat,750mL,3,32.66,6.532,21.430758352231617,C,Quarterly,Low,"Simple control, bulk ordering"
18787,Rio Madre Rioja Graciano,750mL,178,6.89,1.3780000000000001,359.406057375741,C,Quarterly,Low,"Simple control, bulk ordering"
18788,Triton Avante Mencia,750mL,35,10.27,2.054,130.5370526065808,C,Quarterly,Low,"Simple control, bulk ordering"
18797,Hess Shirttail Crk Vyd Chard,750mL,10,8.06,1.612,78.76213522632197,C,Quarterly,Low,"Simple control, bulk ordering"
18800,Haunting Whisper DeChaunac,750mL,34,8.27,1.654,143.37443052263694,C,Quarterly,Low,"Simple control, bulk ordering"
18801,Bolla Prosecco Extra Dry,750mL,203,7.14,1.428,377.0369514319492,C,Quarterly,Low,"Simple control, bulk ordering"
18806,Moet & Chandon Grand Vintage,750mL,38,36.42,7.284000000000001,72.22820628837023,C,Quarterly,Low,"Simple control, bulk ordering"
18811,Haunting Whisper Vyds Vignol,750mL,14,7.84,1.568,94.4911182523068,C,Quarterly,Low,"Simple control, bulk ordering"
18812,Sweet Baby Vyds Strawberry,750mL,196,8.5,1.7000000000000002,339.54987505086615,C,Quarterly,Low,"Simple control, bulk ordering"
18813,Sweet Baby Vyds Raspberry,375mL,124,7.89,1.578,280.32210334239915,C,Quarterly,Low,"Simple control, bulk ordering"
18817,The Dreaming Tree Everyday,750mL,116,8.6,1.72,259.6957074445326,C,Quarterly,Low,"Simple control, bulk ordering"
18822,Sterling Carneros Pnt Nr,750mL,22,13.33,2.6660000000000004,90.84086644101286,C,Quarterly,Low,"Simple control, bulk ordering"
18831,Line 39 Merlot,750mL,3,5.26,1.052,53.401414088167826,C,Quarterly,Low,"Simple control, bulk ordering"
18835,Don Miguel Gascon Colosal Rd,750mL,187,8.16,1.6320000000000001,338.501600193165,C,Quarterly,Low,"Simple control, bulk ordering"
18836,Coppa La Rocca Gavi,750mL,62,9.33,1.866,182.28042187029658,C,Quarterly,Low,"Simple control, bulk ordering"
18837,Moonlight Meadery Red Dress,375mL,43,8.66,1.7320000000000002,157.56519234379522,C,Quarterly,Low,"Simple control, bulk ordering"
18838,Ty Ku Coconut Nigori,330mL,19,6.41,1.282,121.73985716975747,C,Quarterly,Low,"Simple control, bulk ordering"
18844,Alberto Furque Malbec Mendoz,750mL,14,8.44,1.688,91.07051587950538,C,Quarterly,Low,"Simple control, bulk ordering"
18851,Atalon Pauline's Cuvee Red N,750mL,18,13.07,2.6140000000000003,82.98191652268655,C,Quarterly,Low,"Simple control, bulk ordering"
18852,Mirassou Sunset Red,750mL,4,5.29,1.058,61.487546190134566,C,Quarterly,Low,"Simple control, bulk ordering"
18853,Barefoot Cellars Pink Moscat,187mL 4 Pk,13,4.41,0.8820000000000001,121.40522651411392,C,Quarterly,Low,"Simple control, bulk ordering"
18856,Barefoot Refresh Sweet White,750mL,291,3.92,0.784,609.2400753297136,C,Quarterly,Low,"Simple control, bulk ordering"
18857,Barefoot Refresh Crisp White,750mL,535,4.02,0.8039999999999999,815.7345680870337,B,Monthly,Medium,Moderate control
18859,Mercat Brut Nature,750mL,12,9.67,1.9340000000000002,78.77027980368993,C,Quarterly,Low,"Simple control, bulk ordering"
18860,Barefoot Refresh Summer Red,750mL,239,3.86,0.772,556.4040727995971,C,Quarterly,Low,"Simple control, bulk ordering"
18865,Mirafiore Barolo,750mL,102,23.22,4.644,148.20197127368343,B,Monthly,Medium,Moderate control
18866,Tariquet Sauvignon,750mL,2,8.44,1.688,34.42141954107571,C,Quarterly,Low,"Simple control, bulk ordering"
18868,Josh Cellars Merlot,750mL,397,9.33,1.866,461.25324410597386,B,Monthly,Medium,Moderate control
18875,Di Padrino Dry Vermouth,1.5L,183,5.15,1.03,421.5090780904029,C,Quarterly,Low,"Simple control, bulk ordering"
18877,Di Padrino Sweet Vermouth,1.5L,236,5.15,1.03,478.6713001551618,C,Quarterly,Low,"Simple control, bulk ordering"
18879,LaBelle Winery Seyval Blanc,750mL,89,9.99,1.9980000000000002,211.05578538515482,C,Quarterly,Low,"Simple control, bulk ordering"
18880,Piccini Memoro,750mL,8,8.84,1.768,67.26727939963125,C,Quarterly,Low,"Simple control, bulk ordering"
18881,Middle Sister Pnt Nr Goodie,750mL,151,6.53,1.306,340.0297257521753,C,Quarterly,Low,"Simple control, bulk ordering"
18884,Hess Treo Winemaker's Blend,750mL,113,9.67,1.9340000000000002,241.71911019123883,C,Quarterly,Low,"Simple control, bulk ordering"
18891,Churchill's Vintage Port 11,750mL,5,44.51,8.902,23.699610429005627,C,Quarterly,Low,"Simple control, bulk ordering"
18893,19 Crimes Red,750mL,1473,6.89,1.3780000000000001,1033.895784626669,A,Weekly,High,"Tight control, frequent replenishment"
18900,Anderra Cab Svgn,750mL,22,5.91,1.1820000000000002,136.42771401219113,C,Quarterly,Low,"Simple control, bulk ordering"
18901,Anderra Svgn Bl,750mL,43,6.07,1.2140000000000002,188.20228172577364,C,Quarterly,Low,"Simple control, bulk ordering"
18909,Cryptic California Red,750mL,47,9.65,1.9300000000000002,156.05233611265683,C,Quarterly,Low,"Simple control, bulk ordering"
18937,Yangarra Est Vyd 10 Shiraz,750mL,4,17.8,3.5600000000000005,33.52007615769954,C,Quarterly,Low,"Simple control, bulk ordering"
18938,Schmitt Sohne Funf Sangria,750mL,10,6.49,1.298,87.77334587751072,C,Quarterly,Low,"Simple control, bulk ordering"
18948,Austin Hope 10 Syrah,750mL,1,24.83,4.966,14.190465507408673,C,Quarterly,Low,"Simple control, bulk ordering"
18950,Schug Pnt Nr Carneros,750mL,849,12.32,2.4640000000000004,586.9937719530661,A,Weekly,High,"Tight control, frequent replenishment"
18951,Caymus Conundrum Red,750mL,291,12.07,2.414,347.19851709563096,B,Monthly,Medium,Moderate control
18952,J Lohr Falcon's Perch Pnt Nr,750mL,55,9.18,1.836,173.07925067797856,C,Quarterly,Low,"Simple control, bulk ordering"
18962,Clos du Bois Chard Calcaire,750mL,25,7.43,1.486,129.70615926915465,C,Quarterly,Low,"Simple control, bulk ordering"
18963,Ruca Malen Yauquen Bonarda,750mL,29,5.47,1.094,162.81347208091242,C,Quarterly,Low,"Simple control, bulk ordering"
18971,Tenuta Guado Al Tasso Bructo,750mL,35,15.64,3.128,105.77929056304197,C,Quarterly,Low,"Simple control, bulk ordering"
18972,Schug Pnt Nr Carneros,375mL,115,7.09,1.4180000000000001,284.78086495360526,C,Quarterly,Low,"Simple control, bulk ordering"
18974,Pine Ridge Napa Vlly Cab Svg,750mL,31,32.67,6.534000000000001,68.8797055403326,C,Quarterly,Low,"Simple control, bulk ordering"
18976,Evolucio Fermint Tokaj,750mL,12,8.05,1.6100000000000003,86.33316946034311,C,Quarterly,Low,"Simple control, bulk ordering"
18988,Franzia Chillable Red Tap,5L,1205,8.9,1.7800000000000002,822.7796133442,A,Weekly,High,"Tight control, frequent replenishment"
19000,L'Ardi Dolcetto D'Acqui,750mL,48,6.66,1.332,189.83159915049978,C,Quarterly,Low,"Simple control, bulk ordering"
19001,Emblem Cab Svgn,750mL,42,18.18,3.636,107.476300250388,C,Quarterly,Low,"Simple control, bulk ordering"
19003,Lange Pnt Gris Willamette,750mL,22,10.32,2.064,103.2420201695132,C,Quarterly,Low,"Simple control, bulk ordering"
19019,Save Me San Francisco Merlot,750mL,2,7.53,1.5060000000000002,36.44202585395018,C,Quarterly,Low,"Simple control, bulk ordering"
19034,Nicholson Ranch Pnt Nr Sonom,750mL,9,29.21,5.8420000000000005,39.25007386652796,C,Quarterly,Low,"Simple control, bulk ordering"
19035,Bollini Pinot Grigio,750mL,126,7.18,1.436,296.2156859292385,C,Quarterly,Low,"Simple control, bulk ordering"
19036,Nicholson Ranch Est Chard,750mL,387,9.67,1.9340000000000002,447.3291993781975,B,Monthly,Medium,Moderate control
19037,Gunsight Rock Cab Svgn,750mL,57,9.8,1.9600000000000002,170.53337694733315,C,Quarterly,Low,"Simple control, bulk ordering"
19039,The Path Pnt Nr,750mL,113,6.45,1.29,295.9677334183681,C,Quarterly,Low,"Simple control, bulk ordering"
19041,The Path Cab Svgn,750mL,195,6.62,1.324,383.7720244720446,C,Quarterly,Low,"Simple control, bulk ordering"
19045,San Polo Mezzopane 06 Toscan,750mL,5,18.61,3.722,36.65192741060711,C,Quarterly,Low,"Simple control, bulk ordering"
19055,Wolf Blass Yllw Lbl Cab Svgn,750mL,59,6.75,1.35,209.05430802474197,C,Quarterly,Low,"Simple control, bulk ordering"
19056,Wolf Blass Yellow Lbl Chard,750mL,11,5.88,1.176,96.71474291233287,C,Quarterly,Low,"Simple control, bulk ordering"
19058,Chateau Camensac 10,750mL,1,32.43,6.486000000000001,12.416852662165207,C,Quarterly,Low,"Simple control, bulk ordering"
19059,Chateau Carlmagnus 10,750mL,1,17.76,3.5520000000000005,16.778901380350607,C,Quarterly,Low,"Simple control, bulk ordering"
19061,Ch Olivier Pessac-Leognan 10,750mL,6,33.99,6.798000000000001,29.708795551115326,C,Quarterly,Low,"Simple control, bulk ordering"
19062,Ch Olivier 10 Blanc Pessac-L,750mL,2,33.99,6.798000000000001,17.15238110873599,C,Quarterly,Low,"Simple control, bulk ordering"
19070,J Lohr Est Bay Mist Rsl,750mL,10,6.53,1.306,87.50410185091364,C,Quarterly,Low,"Simple control, bulk ordering"
19071,J Lohr Valdiguie Monterey,750mL,1,5.99,1.1980000000000002,28.89159983284938,C,Quarterly,Low,"Simple control, bulk ordering"
19074,Roaring Meg Pnt Nr,750mL,48,12.66,2.532,137.68567816430283,C,Quarterly,Low,"Simple control, bulk ordering"
19077,Ornellaia Bolgheri 10,750mL,2,131.57,26.314,8.718094307327025,C,Quarterly,Low,"Simple control, bulk ordering"
19108,Toasted Head BB Oaked Svgn B,750mL,7,7.09,1.4180000000000001,70.26044637205605,C,Quarterly,Low,"Simple control, bulk ordering"
19120,Bodegas Borsao Berola,750mL,190,8.55,1.7100000000000002,333.3333333333333,C,Quarterly,Low,"Simple control, bulk ordering"
19121,Liberty School Pnt Nr CC,750mL,1531,8.21,1.6420000000000003,965.6083640841566,A,Weekly,High,"Tight control, frequent replenishment"
19122,Liberty School Merlot CC,750mL,184,7.3,1.46,355.00337640686456,B,Monthly,Medium,Moderate control
19125,Ch Poujeaux 10 Moulis,750mL,1,33.11,6.622,12.28868499550524,C,Quarterly,Low,"Simple control, bulk ordering"
19126,Delas Cotes du Rhone,750mL,172,8.44,1.688,319.211112897337,C,Quarterly,Low,"Simple control, bulk ordering"
19127,Saracco Moscato d'Asti,750mL,69,10.95,2.19,177.50168820343228,C,Quarterly,Low,"Simple control, bulk ordering"
19150,Esclans Whispering Angel Ros,750mL,13,14.66,2.9320000000000004,66.58703748260177,C,Quarterly,Low,"Simple control, bulk ordering"
19157,Inman Family Endless Crush,750mL,9,16.21,3.2420000000000004,52.6883683361632,C,Quarterly,Low,"Simple control, bulk ordering"
19158,Dom de La Petite Cassagne,750mL,17,6.45,1.29,114.79675332361717,C,Quarterly,Low,"Simple control, bulk ordering"
19160,Tommasi Tenuta Filo Prosecco,750mL,24,10.13,2.0260000000000002,108.83934019615178,C,Quarterly,Low,"Simple control, bulk ordering"
19164,Tracia Malbec,750mL,547,3.99,0.798,827.9273272140917,B,Monthly,Medium,Moderate control
19169,Anterra Chardonnay,750mL,186,5.4,1.08,414.99665326629105,C,Quarterly,Low,"Simple control, bulk ordering"
19174,Cavicchioli Sw Italian Spkln,750mL,120,7.38,1.476,285.1329742561005,C,Quarterly,Low,"Simple control, bulk ordering"
19175,Melini Chianti DOCG Riserva,750mL,313,7.38,1.476,460.49931660775127,B,Monthly,Medium,Moderate control
19179,Carnaval Red Moscato Sparklg,750mL,1,7.18,1.436,26.388990698462976,C,Quarterly,Low,"Simple control, bulk ordering"
19189,Castello di Meleto Chianti,750mL,18,9.93,1.986,95.20212239630652,C,Quarterly,Low,"Simple control, bulk ordering"
19190,Noble Vines 242 Svgn Bl,750mL,274,7.09,1.4180000000000001,439.57923207243704,B,Monthly,Medium,Moderate control
19191,Noble Vines 1 Red Blend,750mL,289,6.53,1.306,470.41085297561267,B,Monthly,Medium,Moderate control
19199,La Crema Pnt Gris Monterey,750mL,124,11.56,2.3120000000000003,231.58846688270032,C,Quarterly,Low,"Simple control, bulk ordering"
19201,Jadot 12 Steel Chard,750mL,6,11.48,2.2960000000000003,51.11986324432477,C,Quarterly,Low,"Simple control, bulk ordering"
19215,Dom Vacheron Sancerre Blanc,750mL,104,18.79,3.758,166.35592817113437,B,Monthly,Medium,Moderate control
19216,Chronic Cellars Sofa King,750mL,5,13.79,2.758,42.57825623811363,C,Quarterly,Low,"Simple control, bulk ordering"
19217,Chronic Cellars Dead Nuts,750mL,1,16.43,3.286,17.444809066301296,C,Quarterly,Low,"Simple control, bulk ordering"
19218,Veuve Clicquot Brut Grande,750mL,24,80.53,16.106,38.602174843458975,B,Monthly,Medium,Moderate control
19219,Eppa White Sangria Organic,750mL,2,8.66,1.7320000000000002,33.981383301529235,C,Quarterly,Low,"Simple control, bulk ordering"
19220,Veuve Clicquot Gold Label,750mL,54,44.29,8.858,78.0780650390032,B,Monthly,Medium,Moderate control
19223,Trimbach Pnt Bl,750mL,185,9.2,1.8399999999999999,317.0859162133657,B,Monthly,Medium,Moderate control
19224,Miraval Cotes de Prvnce Rose,750mL,208,12.74,2.548,285.7142857142857,B,Monthly,Medium,Moderate control
19228,San Callisto Montepulcno 09,750mL,24,14.37,2.874,91.38233247699077,C,Quarterly,Low,"Simple control, bulk ordering"
19231,Tasca D'Almerita Rosso 06,750mL,18,23.97,4.794,61.27555276542502,C,Quarterly,Low,"Simple control, bulk ordering"
19233,Tasca D'Almerita Leone 11,750mL,14,13.01,2.6020000000000003,73.35173178933816,C,Quarterly,Low,"Simple control, bulk ordering"
19236,Tasca D'Almerita Lamuri Nero,750mL,1,11.64,2.3280000000000003,20.725666807241954,C,Quarterly,Low,"Simple control, bulk ordering"
19243,Simply Naked Unoaked Pnt Nr,750mL,3,4.45,0.8900000000000001,58.05847497871376,C,Quarterly,Low,"Simple control, bulk ordering"
19244,Trimbach Riesling,750mL,83,12.07,2.414,185.42590755173237,C,Quarterly,Low,"Simple control, bulk ordering"
19245,Hidden Crush Chard Cntrl Cst,750mL,4,6.7,1.34,54.635836470815306,C,Quarterly,Low,"Simple control, bulk ordering"
19246,Hidden Crush Cab Svgn C Cst,750mL,60,6.57,1.314,213.68692158534412,C,Quarterly,Low,"Simple control, bulk ordering"
19247,Schug Sonoma Cnty Chard,750mL,17,11.61,2.322,85.5644480092943,C,Quarterly,Low,"Simple control, bulk ordering"
19249,Educated Guess Chard,750mL,49,11.03,2.206,149.03740700040188,C,Quarterly,Low,"Simple control, bulk ordering"
19251,Bonterra Pnt Nr,750mL,12,7.99,1.598,86.65671776277227,C,Quarterly,Low,"Simple control, bulk ordering"
19253,Camp Chard Sonoma Cnty,750mL,12,8.38,1.6760000000000002,84.61621909897774,C,Quarterly,Low,"Simple control, bulk ordering"
19255,Yosemite Road Red,750mL,3,2.28,0.45599999999999996,81.11071056538127,C,Quarterly,Low,"Simple control, bulk ordering"
19258,The Beach House Chard,750mL,223,6.45,1.29,415.7742380839193,C,Quarterly,Low,"Simple control, bulk ordering"
19260,The Beach House Pinot Grigio,750mL,268,6.45,1.29,455.79813293221827,B,Monthly,Medium,Moderate control
19262,Eden Orleans Bitter,750mL,1,17.41,3.482,16.946718543287684,C,Quarterly,Low,"Simple control, bulk ordering"
19264,Dom de Marcoux 12 Nerf Rouge,750mL,11,47.94,9.588,33.87133622408983,C,Quarterly,Low,"Simple control, bulk ordering"
19265,Tom Eddy Mt Veeder Cab S Rsv,750mL,3,50.32,10.064,17.26534708185491,C,Quarterly,Low,"Simple control, bulk ordering"
19267,Tom Eddy Manchster Ridge Pnt,750mL,11,32.21,6.442,41.322442339713774,C,Quarterly,Low,"Simple control, bulk ordering"
19269,Peter Paul Live Free or Die,750mL,88,15.64,3.128,167.72892513626184,C,Quarterly,Low,"Simple control, bulk ordering"
19270,Veuve Clicquot Brut Yellow,375mL,365,16.44,3.2880000000000003,333.1812305039066,A,Weekly,High,"Tight control, frequent replenishment"
19275,Stones Currant Ginger Flavor,750mL,12,7.14,1.428,91.66984970282114,C,Quarterly,Low,"Simple control, bulk ordering"
19276,Pali Tower 15 The Winery,750mL,556,9.08,1.816,553.3239565399796,B,Monthly,Medium,Moderate control
19282,Penfolds Bin 8 Cab Svgn/Shir,750mL,93,13.51,2.702,185.5234457601544,C,Quarterly,Low,"Simple control, bulk ordering"
19283,Roscato Bianco,750mL,158,6.89,1.3780000000000001,338.6132395221437,C,Quarterly,Low,"Simple control, bulk ordering"
19293,Robert Sinskey Pnt Nr,750mL,25,17.92,3.5840000000000005,83.51913809763262,C,Quarterly,Low,"Simple control, bulk ordering"
19302,Tomaiolo Chianti Clsco Rsva,750mL,432,7.43,1.486,539.1783789811122,B,Monthly,Medium,Moderate control
19304,Dalton Canaan Red,750mL,3,6.45,1.29,48.224282217041214,C,Quarterly,Low,"Simple control, bulk ordering"
19315,Rombauer Cab Svgn Diamond,750mL,3,45.26,9.052,18.204902390733114,C,Quarterly,Low,"Simple control, bulk ordering"
19316,Lyric by Etude Pnt Nr,750mL,36,9.99,1.9980000000000002,134.23121104280486,C,Quarterly,Low,"Simple control, bulk ordering"
19318,Ch Leoville-Barton Gr Cru 09,750mL,2,108.55,21.71,9.5980959266335,C,Quarterly,Low,"Simple control, bulk ordering"
19320,Merriam Danielle Svgn Bl RRV,750mL,115,10.32,2.064,236.04460227585355,C,Quarterly,Low,"Simple control, bulk ordering"
19329,Ca Del Monte Amarone Red,750mL,16,29.52,5.904,52.05792062953535,C,Quarterly,Low,"Simple control, bulk ordering"
19336,Moletto Prosecco,187mL,342,2.71,0.542,794.3527616639219,C,Quarterly,Low,"Simple control, bulk ordering"
19340,Cannonball Svgn Bl,750mL,121,8.38,1.6760000000000002,268.69258281031733,C,Quarterly,Low,"Simple control, bulk ordering"
19345,Jip Jip Rocks Shiraz/CabSvgn,750mL,12,11.48,2.2960000000000003,72.29440390678198,C,Quarterly,Low,"Simple control, bulk ordering"
19346,Mt Monster Cab Svgn,750mL,12,11.03,2.206,73.75438890086215,C,Quarterly,Low,"Simple control, bulk ordering"
19347,The Royal Chenin Blanc,750mL,1,6.57,1.314,27.586862953412265,C,Quarterly,Low,"Simple control, bulk ordering"
19349,Trimbach Pnt Gris Rsv,750mL,24,13.9,2.7800000000000002,92.91444196237663,C,Quarterly,Low,"Simple control, bulk ordering"
19356,C Y Toro Marques Cs Cab Svgn,750mL,68,12.25,2.45,166.59862556700858,C,Quarterly,Low,"Simple control, bulk ordering"
19357,Kendall Jackson Vntnr Rsv Ch,375mL,1629,3.92,0.784,1441.459719329326,A,Weekly,High,"Tight control, frequent replenishment"
19360,Finca La Linda Cab Svgn,750mL,79,7.43,1.486,230.57071214150943,C,Quarterly,Low,"Simple control, bulk ordering"
19368,Luigi Bosca Malbec SV DOC,750mL,2,14.96,2.9920000000000004,25.854384499750957,C,Quarterly,Low,"Simple control, bulk ordering"
19369,Luigi Bosca de Sangre,750mL,3,14.28,2.856,32.410186177608225,C,Quarterly,Low,"Simple control, bulk ordering"
19370,Barefoot Perfectly Pink,750mL,18,3.94,0.788,151.1378165579635,C,Quarterly,Low,"Simple control, bulk ordering"
19376,The Naked Grape Pnt Grigio,3L,95,11.91,2.382,199.70591308532317,C,Quarterly,Low,"Simple control, bulk ordering"
19381,O Wines Chard,750mL,156,6.57,1.314,344.55980785230105,C,Quarterly,Low,"Simple control, bulk ordering"
19382,Anew Rsl,750mL,76,6.7,1.34,238.15208987209783,C,Quarterly,Low,"Simple control, bulk ordering"
19391,Ch Hyot Castillon Brdx,1.5L,2,23.97,4.794,20.425184255141673,C,Quarterly,Low,"Simple control, bulk ordering"
19392,Dom Virginie Thunevin Brdx,750mL,37,9.93,1.986,136.4932704943054,C,Quarterly,Low,"Simple control, bulk ordering"
19394,Dom du Gr Montmirall Gigonda,750mL,66,19.35,3.8700000000000006,130.59197358908193,C,Quarterly,Low,"Simple control, bulk ordering"
19395,Adissat Gabrielle Ch du Pape,750mL,8,26.84,5.368,38.604571824109144,C,Quarterly,Low,"Simple control, bulk ordering"
19396,La Petite Maison Ventoux Bl,750mL,6,4.6,0.9199999999999999,80.75728530872483,C,Quarterly,Low,"Simple control, bulk ordering"
19397,Thunevin Calvet Cuvee Constn,750mL,26,11.48,2.2960000000000003,106.41448121306934,C,Quarterly,Low,"Simple control, bulk ordering"
19398,Philippe Herard Bl de Blanc,750mL,4,5.47,1.094,60.46740551569005,C,Quarterly,Low,"Simple control, bulk ordering"
19406,Dow's 10 Yr Old Tawny Port,750mL,12,20.54,4.108,54.0474745331175,C,Quarterly,Low,"Simple control, bulk ordering"
19414,Rainstorm Pnt Gris,750mL,10,8.1,1.62,78.5674201318386,C,Quarterly,Low,"Simple control, bulk ordering"
19417,Latour 11 Merslt-Blgny P Cru,750mL,2,33.11,6.622,17.37882498437427,C,Quarterly,Low,"Simple control, bulk ordering"
19419,Kendall Jackson Vnts RSV Cab,375mL,125,6.62,1.324,307.2635288037461,C,Quarterly,Low,"Simple control, bulk ordering"
19430,Taittinger La Francaise,375mL,4,13.99,2.798,37.80995326787189,C,Quarterly,Low,"Simple control, bulk ordering"
19443,Cave de Tain St Joseph Red,750mL,40,14.33,2.866,118.13862249160913,C,Quarterly,Low,"Simple control, bulk ordering"
19444,Cave de Tain Syrah,750mL,12,9.58,1.9160000000000001,79.13942138214975,C,Quarterly,Low,"Simple control, bulk ordering"
19451,Souverain Svgn Bl No Coast,750mL,71,6.84,1.368,227.81699847755354,C,Quarterly,Low,"Simple control, bulk ordering"
19453,Wente Southern Hill Cab Svgn,750mL,228,9.65,1.9300000000000002,343.70731011415324,B,Monthly,Medium,Moderate control
19458,Ruffino Unoaked Chard Toscna,750mL,162,5.33,1.066,389.83327364178894,C,Quarterly,Low,"Simple control, bulk ordering"
19486,Franciscan Equilibrium White,750mL,38,11.76,2.352,127.10807442894418,C,Quarterly,Low,"Simple control, bulk ordering"
19488,Ram Island Mead Iced Tea,500mL,19,4.13,0.8260000000000001,151.66549148539377,C,Quarterly,Low,"Simple control, bulk ordering"
19489,Heavyweight Cab Svgn,750mL,17,7.84,1.568,104.12414097938037,C,Quarterly,Low,"Simple control, bulk ordering"
19494,Lincourt Lindsays Pnt Nr,750mL,876,10.13,2.0260000000000002,657.5553756629008,A,Weekly,High,"Tight control, frequent replenishment"
19497,Tintonegro Mendocino Malbec,750mL,12,7.14,1.428,91.66984970282114,C,Quarterly,Low,"Simple control, bulk ordering"
19502,Nostor Templari Priorat Red,750mL,3,28.56,5.712,22.917462425705285,C,Quarterly,Low,"Simple control, bulk ordering"
19507,Geyser Peak Svgn Bl,750mL,786,4.99,0.9980000000000001,887.4543088523494,B,Monthly,Medium,Moderate control
19513,SakeMoto Junmai Sake,720mL,50,5.88,1.176,206.19652471058063,C,Quarterly,Low,"Simple control, bulk ordering"
19526,Rhone Roger Sabon 13 CDR Rou,750mL,11,9.39,1.8780000000000001,76.53296671810904,C,Quarterly,Low,"Simple control, bulk ordering"
19531,Claude Riffault Les Boucauds,750mL,42,15.03,3.0060000000000002,118.20345125343655,C,Quarterly,Low,"Simple control, bulk ordering"
19544,Freemark Abbey Viognier,750mL,1,16.66,3.3320000000000003,17.323973216880926,C,Quarterly,Low,"Simple control, bulk ordering"
19545,Darkhorse Red,750mL,589,5.29,1.058,746.1305348578484,B,Monthly,Medium,Moderate control
19547,Ch Ste Michelle Chard Mimi,750mL,8,6.75,1.35,76.9800358919501,C,Quarterly,Low,"Simple control, bulk ordering"
19549,Opici White Sangria,3L,44,8.66,1.7320000000000002,159.38681577809348,C,Quarterly,Low,"Simple control, bulk ordering"
19552,Tenuta Alzatura Sagrantino,750mL,57,12.9,2.58,148.63722029092833,C,Quarterly,Low,"Simple control, bulk ordering"
19556,Zorvino Bacca Z Blackberry,750mL,168,9.39,1.8780000000000001,299.093411845839,C,Quarterly,Low,"Simple control, bulk ordering"
19557,Zorvino Fragole Z Strawberry,750mL,107,9.39,1.8780000000000001,238.6954248771748,C,Quarterly,Low,"Simple control, bulk ordering"
19566,Contratto 08 Milesimato Brut,750mL,19,14.14,2.8280000000000003,81.9666334294432,C,Quarterly,Low,"Simple control, bulk ordering"
19568,14 Hands Moscato,750mL,6,6.07,1.2140000000000002,70.30177361895178,C,Quarterly,Low,"Simple control, bulk ordering"
19571,Mt Brave Cab Svgn Mt Veeder,750mL,13,45.15,9.03,37.94266234322701,C,Quarterly,Low,"Simple control, bulk ordering"
19577,Forma de Art Red,750mL,54,9.45,1.89,169.03085094570332,C,Quarterly,Low,"Simple control, bulk ordering"
19581,Girard Cab Svgn,750mL,76,15.78,3.156,155.1809116349952,C,Quarterly,Low,"Simple control, bulk ordering"
19584,Ciacci 07 Piccolomino Brunlo,750mL,7,40.26,8.052,29.48472875922327,C,Quarterly,Low,"Simple control, bulk ordering"
19586,Ch Godeau St Emilion 10 Cru,750mL,3,28.76,5.752000000000001,22.837638210949965,C,Quarterly,Low,"Simple control, bulk ordering"
19588,Ch Lafaurie-Peyragey Saut 10,750mL,2,53.99,10.798000000000002,13.609536549413848,C,Quarterly,Low,"Simple control, bulk ordering"
19594,Ch Doisy Daene Gr Vin Sec 10,750mL,4,18.95,3.79,32.4870585152958,C,Quarterly,Low,"Simple control, bulk ordering"
19595,Ch Doisy Daene Sauternes 10,750mL,2,50.33,10.066,14.09569632468742,C,Quarterly,Low,"Simple control, bulk ordering"
19598,Ch Coufran Haut Medoc 10,750mL,1,19.73,3.946,15.91920808366894,C,Quarterly,Low,"Simple control, bulk ordering"
19603,Ch Jean De Gue Lalande 10,750mL,4,29.24,5.848,26.153289048297072,C,Quarterly,Low,"Simple control, bulk ordering"
19604,Ch Lacoste-Borie Pauillac 10,750mL,2,28.66,5.732,18.67935633541406,C,Quarterly,Low,"Simple control, bulk ordering"
19610,Ch Rieussec Gr Cru 10 Sauter,750mL,1,86.2,17.240000000000002,7.6160777550672165,C,Quarterly,Low,"Simple control, bulk ordering"
19611,Veuve Clicquot Brut Yellow,1.5L,27,61.28,12.256,46.93615462483114,B,Monthly,Medium,Moderate control
19612,Ch Petit Bocq Cru Borgeos 10,750mL,2,21.19,4.238,21.723736265189057,C,Quarterly,Low,"Simple control, bulk ordering"
19621,Ch Rol Valentin 10,750mL,1,42.66,8.532,10.826163374360515,C,Quarterly,Low,"Simple control, bulk ordering"
19630,Ch Bernadotte 10 Haut Medoc,750mL,2,23.48,4.696000000000001,20.6372085853249,C,Quarterly,Low,"Simple control, bulk ordering"
19632,Ch de Pez 10 St Estephe Brdx,750mL,2,27.92,5.5840000000000005,18.92527910261161,C,Quarterly,Low,"Simple control, bulk ordering"
19635,Ch St Jean Pnt Nr Sonoma Cst,750mL,72,13.07,2.6140000000000003,165.9638330453731,C,Quarterly,Low,"Simple control, bulk ordering"
19636,Ch St Jean Chard Sonoma Cst,750mL,16,7.99,1.598,100.06255865485198,C,Quarterly,Low,"Simple control, bulk ordering"
19637,Vincent Girardin Bour Bl 11,750mL,4,13.79,2.758,38.08315012473062,C,Quarterly,Low,"Simple control, bulk ordering"
19645,Line 39 Pnt Nr,750mL,749,5.26,1.052,843.787405874126,B,Monthly,Medium,Moderate control
19646,JP Chenet Pnt Noir,750mL,63,5.99,1.1980000000000002,229.31996440954427,C,Quarterly,Low,"Simple control, bulk ordering"
19648,Dachshund Rsl,750mL,56,8.96,1.7920000000000003,176.77669529663686,C,Quarterly,Low,"Simple control, bulk ordering"
19652,Alias Chard,750mL,12,6.07,1.2140000000000002,99.42172171080468,C,Quarterly,Low,"Simple control, bulk ordering"
19653,Alias Cab Svgn,750mL,24,5.88,1.176,142.85714285714286,C,Quarterly,Low,"Simple control, bulk ordering"
19656,Manifesto! Chard No Cst,750mL,424,5.91,1.1820000000000002,598.9274112889071,B,Monthly,Medium,Moderate control
19660,Red Sox Club Series Cab Svgn,750mL,2,13.24,2.648,27.482485496465635,C,Quarterly,Low,"Simple control, bulk ordering"
19661,Red Sox Club Series Chard Rs,750mL,10,13.69,2.738,60.43426966215648,C,Quarterly,Low,"Simple control, bulk ordering"
19662,Santa Rita 120 Svgn Bl,750mL,1389,4.07,0.8140000000000001,1306.2879492624152,A,Weekly,High,"Tight control, frequent replenishment"
19663,Silver Palm 12 Chard No Cst,750mL,1,7.89,1.578,25.173668017796203,C,Quarterly,Low,"Simple control, bulk ordering"
19668,Gnarly Head Malbec,750mL,106,6.53,1.306,284.8927150907719,C,Quarterly,Low,"Simple control, bulk ordering"
19669,Murphy-Goode Homefront Red,750mL,75,6.06,1.212,248.7592975524973,C,Quarterly,Low,"Simple control, bulk ordering"
19671,14 Hands Pinot Grigio,750mL,254,5.89,1.178,464.34867760906087,B,Monthly,Medium,Moderate control
19672,Ladera Stile Blocks Cab Napa,750mL,4,33.11,6.622,24.57736999101048,C,Quarterly,Low,"Simple control, bulk ordering"
19673,Tavernello Pinot Grigio IGT,1.5L,6,8.27,1.654,60.22930788591184,C,Quarterly,Low,"Simple control, bulk ordering"
19684,Ch Magdelaine 10 St Emilion,750mL,7,75.86,15.172,21.479669907878865,C,Quarterly,Low,"Simple control, bulk ordering"
19693,Fish Eye Moscato,1.5L,2,8.44,1.688,34.42141954107571,C,Quarterly,Low,"Simple control, bulk ordering"
19694,Ch Pichon Longueville Rsv Co,750mL,9,49.01,9.802,30.30148450608982,C,Quarterly,Low,"Simple control, bulk ordering"
19695,Ch Bernadotte 10 Haut Medoc,750mL,3,23.8,4.760000000000001,25.10482226267169,C,Quarterly,Low,"Simple control, bulk ordering"
19699,Seratina Primitivo,750mL,8,6.8,1.36,76.69649888473704,C,Quarterly,Low,"Simple control, bulk ordering"
19700,Heinrich Vollmer Riesling,750mL,18,8.27,1.654,104.32022136310815,C,Quarterly,Low,"Simple control, bulk ordering"
19703,Round Hill Chard,750mL,12,2.93,0.5860000000000001,143.1007187251647,C,Quarterly,Low,"Simple control, bulk ordering"
19706,St Jean des Sources Picpoul,750mL,1,8.44,1.688,24.339619175561772,C,Quarterly,Low,"Simple control, bulk ordering"
19736,Sledgehammer Zinfandel,750mL,12,7.84,1.568,87.48177652797065,C,Quarterly,Low,"Simple control, bulk ordering"
19740,Ch St Jean Alexander Cab Svg,750mL,61,10.95,2.19,166.89482100574247,C,Quarterly,Low,"Simple control, bulk ordering"
19746,Van Ruiten Family Cab Svgn,750mL,24,6.77,1.354,133.13624034556867,C,Quarterly,Low,"Simple control, bulk ordering"
19747,Van Ruiten Family Chard,750mL,49,7.79,1.558,177.34310717834896,C,Quarterly,Low,"Simple control, bulk ordering"
19748,Clos du Bois Chard,1.5L,4692,9.2,1.8399999999999999,1596.871942267131,A,Weekly,High,"Tight control, frequent replenishment"
19754,BV Coastal Estate Moscato,750mL,1,5.8,1.16,29.361010975735173,C,Quarterly,Low,"Simple control, bulk ordering"
19755,Velvet Crush Red Blend,750mL,351,6.57,1.314,516.8397117784516,B,Monthly,Medium,Moderate control
19760,Rose'N'Blum Red Moscato,750mL,2,7.38,1.476,36.81050869161552,C,Quarterly,Low,"Simple control, bulk ordering"
19763,M D 20/20 Coco Loco,750mL,52,2.66,0.532,312.64094565852315,C,Quarterly,Low,"Simple control, bulk ordering"
19768,B & G CDP Rose,750mL,3,7.28,1.4560000000000002,45.392064950160176,C,Quarterly,Low,"Simple control, bulk ordering"
19769,Kismet Wine Papa's All-Black,750mL,52,13.15,2.6300000000000003,140.61245719306208,C,Quarterly,Low,"Simple control, bulk ordering"
19782,Marques de Caceres Gran RSV,750mL,49,16.44,3.2880000000000003,122.07651862265226,C,Quarterly,Low,"Simple control, bulk ordering"
19785,Warre's Vintage Port 2011,375mL,1,25.97,5.194,13.875512319389488,C,Quarterly,Low,"Simple control, bulk ordering"
19786,Warre's Vintage Port 2011,750mL,5,50.33,10.066,22.28725279603828,C,Quarterly,Low,"Simple control, bulk ordering"
19787,Bota Mini RedVolution,500mL,5,3.24,0.6480000000000001,87.8410461157883,C,Quarterly,Low,"Simple control, bulk ordering"
19789,Atalon Svgn Bl Napa Valley,750mL,5,12.9,2.58,44.02254531628119,C,Quarterly,Low,"Simple control, bulk ordering"
19796,San Zopito Montepulciano d'A,750mL,3,19.99,3.9979999999999998,27.392976975746848,C,Quarterly,Low,"Simple control, bulk ordering"
19797,Lucanto Montepulciano d'Abru,750mL,1,11.64,2.3280000000000003,20.725666807241954,C,Quarterly,Low,"Simple control, bulk ordering"
19798,Jadot Beaujolais Villages,375mL,82,2.73,0.546,387.534708359329,C,Quarterly,Low,"Simple control, bulk ordering"
19799,Belle Glos Dairyman Vyd PN,750mL,47,32.89,6.578,84.52827269120858,C,Quarterly,Low,"Simple control, bulk ordering"
19806,Exem Brdx,750mL,27,7.84,1.568,131.22266479195596,C,Quarterly,Low,"Simple control, bulk ordering"
19807,Mont Gravet Colombard,750mL,12,7.18,1.436,91.41414530040078,C,Quarterly,Low,"Simple control, bulk ordering"
19809,Ch Lassegue 07 St Emilion AC,750mL,2,31.33,6.266,17.865690353216124,C,Quarterly,Low,"Simple control, bulk ordering"
19814,Rodney Strong Charlottes Svg,750mL,51,8.9,1.7800000000000002,169.26808734447974,C,Quarterly,Low,"Simple control, bulk ordering"
19818,Ninety+Cellars Lot 90 Rosso,750mL,3,18.61,3.722,28.390460893536893,C,Quarterly,Low,"Simple control, bulk ordering"
19821,Castello Chianti Classico,750mL,224,10.32,2.064,329.4345637345082,B,Monthly,Medium,Moderate control
19822,Ch LaGrange 10 Brdx,750mL,13,72.6,14.52,29.921844936562877,C,Quarterly,Low,"Simple control, bulk ordering"
19824,Ch Lalande Boire 10 Brdx,750mL,2,27.27,5.454000000000001,19.149499654047535,C,Quarterly,Low,"Simple control, bulk ordering"
19825,Ch Monbousquet 10 Brdx,750mL,1,51.36,10.272,9.86671297454823,C,Quarterly,Low,"Simple control, bulk ordering"
19827,Pomino Chard,750mL,31,11.18,2.236,117.74567055229834,C,Quarterly,Low,"Simple control, bulk ordering"
19831,Cesari Boscarel,750mL,36,6.84,1.368,162.22142113076254,C,Quarterly,Low,"Simple control, bulk ordering"
19832,Altadonna Vermentino,750mL,23,6.2,1.2400000000000002,136.19246343602936,C,Quarterly,Low,"Simple control, bulk ordering"
19833,Terra di Montevero Toscana,750mL,1,40.81,8.162,11.068829678133039,C,Quarterly,Low,"Simple control, bulk ordering"
19834,Sauska Tokaji Aszu,500mL,5,49.65,9.93,22.439355443260013,C,Quarterly,Low,"Simple control, bulk ordering"
19835,Luiano Rosato,375mL,14,2.16,0.43200000000000005,180.0205749557739,C,Quarterly,Low,"Simple control, bulk ordering"
19836,Zorah Red,750mL,3,15.06,3.0120000000000005,31.559720154890154,C,Quarterly,Low,"Simple control, bulk ordering"
19845,The Rule Cab Svgn Napa Vly,750mL,2,13.24,2.648,27.482485496465635,C,Quarterly,Low,"Simple control, bulk ordering"
19848,Carnivor Cab Svgn,750mL,1789,5.33,1.066,1295.4676367044422,A,Weekly,High,"Tight control, frequent replenishment"
19849,Barefoot Cellars Malbec,750mL,17,3.44,0.6880000000000001,157.1919283092532,C,Quarterly,Low,"Simple control, bulk ordering"
19850,Barefoot Cellars Malbec,1.5L,46,7.53,1.5060000000000002,174.7698163637514,C,Quarterly,Low,"Simple control, bulk ordering"
19855,Davis Bynum Jane's Vyd Pnt,750mL,43,19.47,3.894,105.08391735511901,C,Quarterly,Low,"Simple control, bulk ordering"
19860,Rex Goliath Red Moscato,500mL,9,2.93,0.5860000000000001,123.92885771580413,C,Quarterly,Low,"Simple control, bulk ordering"
19865,Clarendelle Brdx Rouge,750mL,34,13.01,2.6020000000000003,114.31041788569469,C,Quarterly,Low,"Simple control, bulk ordering"
19866,Clarendelle Brdx Blanc,750mL,2,11.48,2.2960000000000003,29.51406680504776,C,Quarterly,Low,"Simple control, bulk ordering"
19867,Tierra de Antes Malbec Mndza,750mL,17,3.1,0.6200000000000001,165.58790668013674,C,Quarterly,Low,"Simple control, bulk ordering"
19870,Yellow Tail Sangria,1.5L,212,5.89,1.178,424.2240494627982,B,Monthly,Medium,Moderate control
19881,Pravis Pnt Grigio Vignetti,750mL,51,5.91,1.1820000000000002,207.71906056456976,C,Quarterly,Low,"Simple control, bulk ordering"
19887,Guasti Clemente Barolo Rsva,750mL,27,32.25,6.45,64.69966392206305,C,Quarterly,Low,"Simple control, bulk ordering"
19895,Skeleton Malbec,Liter,141,6.45,1.29,330.6090222322968,C,Quarterly,Low,"Simple control, bulk ordering"
19896,Masi Soave 2012 Classico,750mL,758,6.62,1.324,756.642288581659,B,Monthly,Medium,Moderate control
19906,The Pessimist Cab Svgn,750mL,13,4.82,0.9640000000000001,116.12698729590481,C,Quarterly,Low,"Simple control, bulk ordering"
19908,Ravenswood Besieged Red,750mL,86,9.58,1.9160000000000001,211.86122215503983,C,Quarterly,Low,"Simple control, bulk ordering"
19914,Gum Drop Pink Moscato,750mL,7,4.66,0.932,86.6644656923119,C,Quarterly,Low,"Simple control, bulk ordering"
19926,Santa Rita RSV Svgn Bl,750mL,419,6.53,1.306,566.4158830107074,B,Monthly,Medium,Moderate control
19934,Perrin Cotes du Rhone RSV Rg,750mL,474,6.7,1.34,594.7531784560567,B,Monthly,Medium,Moderate control
19935,Cielo Pnt Grigio,750mL,50,5.26,1.052,218.01036009847365,C,Quarterly,Low,"Simple control, bulk ordering"
19936,Prendo Pnt Grigio,750mL,12,7.53,1.5060000000000002,89.26436853549035,C,Quarterly,Low,"Simple control, bulk ordering"
19940,Bogle Petite Sirah,750mL,453,6.57,1.314,587.1531814164755,B,Monthly,Medium,Moderate control
19944,Cielo Pnt Grigio,1.5L,9,6.8,1.36,81.34892168199606,C,Quarterly,Low,"Simple control, bulk ordering"
19946,Dolin Sweet White Vermouth,750mL,15,9.73,1.9460000000000002,87.79589522814028,C,Quarterly,Low,"Simple control, bulk ordering"
19947,Josh Cellars Svgn Bl,750mL,316,8.72,1.7440000000000002,425.6673120530383,B,Monthly,Medium,Moderate control
19948,Josh Cellars Pnt Nr,750mL,1351,10.06,2.012,819.4334463287587,A,Weekly,High,"Tight control, frequent replenishment"
19949,Warre's Quinta Cavadinha,750mL,1,20.54,4.108,15.602161985357416,C,Quarterly,Low,"Simple control, bulk ordering"
19951,Warre's Vintage Port 2000,750mL,2,42.85,8.57,15.276525413351825,C,Quarterly,Low,"Simple control, bulk ordering"
19955,Ch La Croix de Beaucailou 10,750mL,1,64.18,12.836000000000002,8.826431310856059,C,Quarterly,Low,"Simple control, bulk ordering"
19961,Dom du Pegau Chntf du Pape R,750mL,22,45.45,9.090000000000002,49.1959553642616,C,Quarterly,Low,"Simple control, bulk ordering"
19962,St Francis Merlot,750mL,174,9.86,1.972,297.0442628930023,B,Monthly,Medium,Moderate control
19966,Ch Alter Ego 10 Brdx,750mL,13,83.89,16.778000000000002,27.835663716071956,C,Quarterly,Low,"Simple control, bulk ordering"
19967,Ch Branaire Ducru 10 Brdx,750mL,1,85.13,17.026,7.663791581055822,C,Quarterly,Low,"Simple control, bulk ordering"
19968,Ch Clerc Milon 10,750mL,1,85.71,17.142,7.637817106074263,C,Quarterly,Low,"Simple control, bulk ordering"
19969,Ch D'Issan 10 Brdx,750mL,17,81.81,16.362000000000002,32.23341105386933,C,Quarterly,Low,"Simple control, bulk ordering"
19971,Ch Le Bon Pasteur 10 Brdx,750mL,1,83.89,16.778000000000002,7.720224062682302,C,Quarterly,Low,"Simple control, bulk ordering"
19977,Hideyoshi Namacho Honjozo Sa,300mL,32,7.58,1.516,145.2865424584296,C,Quarterly,Low,"Simple control, bulk ordering"
19988,Querceto Il Picchio Chianti,750mL,5,34.01,6.802,27.11232041451516,C,Quarterly,Low,"Simple control, bulk ordering"
19989,Querceto Sangiovese,750mL,36,5.26,1.052,184.9879247934622,C,Quarterly,Low,"Simple control, bulk ordering"
19995,Ravenswood Barricia Znfdl,750mL,29,12.32,2.4640000000000004,108.48723666625727,C,Quarterly,Low,"Simple control, bulk ordering"
19996,Inspired Red Blend CA,750mL,21,6.53,1.306,126.80549067585221,C,Quarterly,Low,"Simple control, bulk ordering"
20000,Soter Vyds Planet Oregon Pnt,750mL,42,7.18,1.436,171.02020600943547,C,Quarterly,Low,"Simple control, bulk ordering"
20001,Soter Vyds North Vly Pnt Nr,750mL,7,23.97,4.794,38.21202077223482,C,Quarterly,Low,"Simple control, bulk ordering"
20002,Soter Vyds Mineral Springs P,750mL,4,35.33,7.066,23.79266989376452,C,Quarterly,Low,"Simple control, bulk ordering"
20008,Steele Out Kaste Lke Cty Red,750mL,13,14.19,2.838,67.68079954612132,C,Quarterly,Low,"Simple control, bulk ordering"
20024,Inglenook Rubicon 09,750mL,3,115.53,23.106,11.394577926728061,C,Quarterly,Low,"Simple control, bulk ordering"
20030,Trivento Rsv Cab Malbec,750mL,112,5.19,1.038,328.4810608266063,C,Quarterly,Low,"Simple control, bulk ordering"
20050,Occhio A Vento Vermentino,750mL,12,2.62,0.524,151.3299816915955,C,Quarterly,Low,"Simple control, bulk ordering"
20056,Ch Rauzan-Segla 10 Brdx,750mL,1,139.07,27.814,5.996091821783221,C,Quarterly,Low,"Simple control, bulk ordering"
20064,Ch Grand Leoville 10 Brdx,750mL,11,315.43,63.086000000000006,13.204739767664398,B,Monthly,Medium,Moderate control
20075,Rampolla Sammarco Toscna IGT,750mL,4,36.91,7.382,23.277855891639764,C,Quarterly,Low,"Simple control, bulk ordering"
20088,Camp Merlot Sonoma Cnty,750mL,12,10.45,2.09,75.77352304240824,C,Quarterly,Low,"Simple control, bulk ordering"
20091,Dos Minas Malbec,750mL,15,5.51,1.102,116.6688272205094,C,Quarterly,Low,"Simple control, bulk ordering"
20092,Dos Minas Torrontes,750mL,2,7.53,1.5060000000000002,36.44202585395018,C,Quarterly,Low,"Simple control, bulk ordering"
20096,Milestone Red,750mL,39,5.88,1.176,182.1078397711709,C,Quarterly,Low,"Simple control, bulk ordering"
20098,Milestone Chard,750mL,15,5.88,1.176,112.93848786315641,C,Quarterly,Low,"Simple control, bulk ordering"
20102,Julia James Pnt Nr,750mL,65,6.7,1.34,220.24409796080158,C,Quarterly,Low,"Simple control, bulk ordering"
20108,Sassacaia,750mL,4,116.43,23.286,13.106373770445927,C,Quarterly,Low,"Simple control, bulk ordering"
20114,Wolfgang Puck Chard,750mL,2,9.26,1.852,32.862038995038745,C,Quarterly,Low,"Simple control, bulk ordering"
20118,Love Oregon Rsl,750mL,9,10.2,2.04,66.42111641550714,C,Quarterly,Low,"Simple control, bulk ordering"
20130,Pommerey Brut Rose Champagne,750mL,11,39.47,7.894,37.329122544153,C,Quarterly,Low,"Simple control, bulk ordering"
20132,Jos Phelps Insignia 2010 Red,750mL,63,84.76,16.952,60.9620836987302,A,Weekly,High,"Tight control, frequent replenishment"
20152,La Cote Blanche Mcon V Chard,750mL,77,8.9,1.7800000000000002,207.98660285290524,C,Quarterly,Low,"Simple control, bulk ordering"
20160,F Coppola Sophia Chard,750mL,84,10.27,2.054,202.22713232331557,C,Quarterly,Low,"Simple control, bulk ordering"
20162,Hess Select Pnt Nr,750mL,58,7.43,1.486,197.56253588538576,C,Quarterly,Low,"Simple control, bulk ordering"
20167,Plungerhead Lodi Cab Svgn,750mL,85,8.78,1.756,220.01242458185683,C,Quarterly,Low,"Simple control, bulk ordering"
20174,Dom Bousquet Pnt Nr Rsv,750mL,7,10.95,2.19,56.53624529417805,C,Quarterly,Low,"Simple control, bulk ordering"
20177,Robert Sinskey Abraxas,750mL,16,23.83,4.766,57.940597881974675,C,Quarterly,Low,"Simple control, bulk ordering"
20178,Robert Sinskey Pnt Bl,375mL,1,16.33,3.266,17.498140921285422,C,Quarterly,Low,"Simple control, bulk ordering"
20180,Rosatello Sw Sparkling Rose,750mL,58,9.65,1.9300000000000002,173.35458883889572,C,Quarterly,Low,"Simple control, bulk ordering"
20181,Ruffino Prosecco,375mL,11,4.66,0.932,108.63965715748618,C,Quarterly,Low,"Simple control, bulk ordering"
20184,Charles & Charles Chard,750mL,113,3.78,0.756,386.6146653593206,C,Quarterly,Low,"Simple control, bulk ordering"
20189,Steele 09 Bien Nacido Pnt Nr,750mL,7,16.01,3.2020000000000004,46.7561083331201,C,Quarterly,Low,"Simple control, bulk ordering"
20192,Byrrh Apertif,750mL,13,11.03,2.206,76.76600184316354,C,Quarterly,Low,"Simple control, bulk ordering"
20200,Sea Smoke Chard,750mL,3,42.56,8.512,18.77348153706596,C,Quarterly,Low,"Simple control, bulk ordering"
20204,Dibon Cava Brut Rsv,750mL,107,7.58,1.516,265.66986079349863,C,Quarterly,Low,"Simple control, bulk ordering"
20216,Conti Zecca Negroamaro 10,750mL,622,6.57,1.314,688.01437102261,B,Monthly,Medium,Moderate control
20218,Chocolate Cuvee,750mL,7,7.84,1.568,66.8153104781061,C,Quarterly,Low,"Simple control, bulk ordering"
20250,Alma Negra Gran Almanegra,750mL,1,34.48,6.896,12.042076271477201,C,Quarterly,Low,"Simple control, bulk ordering"
20251,Round Pond Est Svgn Bl Napa,750mL,26,15.53,3.106,91.49259555753392,C,Quarterly,Low,"Simple control, bulk ordering"
20252,Round Pond Est Cab Rutherfrd,750mL,15,29.6,5.920000000000001,50.33670414105182,C,Quarterly,Low,"Simple control, bulk ordering"
20253,Round Pond Est Cab Svgn K&K,750mL,23,16.66,3.3320000000000003,83.08285686254281,C,Quarterly,Low,"Simple control, bulk ordering"
20255,Breca OV Garnacha Calatayud,750mL,315,9.65,1.9300000000000002,403.9955881357625,B,Monthly,Medium,Moderate control
20257,Zerran Tinto Montsant,750mL,1,10.45,2.09,21.873931962990355,C,Quarterly,Low,"Simple control, bulk ordering"
20316,Smith & Hook Cab Svgn,3L,5,62.06,12.412,20.070773906229242,C,Quarterly,Low,"Simple control, bulk ordering"
20324,The Peach Chenin Bl/Viognier,750mL,40,7.99,1.598,158.21279692676327,C,Quarterly,Low,"Simple control, bulk ordering"
20339,Pol Roger Brut 2004,750mL,15,48.27,9.654000000000002,39.41776375494488,C,Quarterly,Low,"Simple control, bulk ordering"
20343,Milbrandt Traditions Cab Svg,750mL,52,9.58,1.9160000000000001,164.74184270864419,C,Quarterly,Low,"Simple control, bulk ordering"
20357,Apothic Dark,750mL,1211,5.19,1.038,1080.1234497346434,A,Weekly,High,"Tight control, frequent replenishment"
20376,Duval-Leroy Prestige Rose,375mL,5,11.99,2.398,45.66257649772231,C,Quarterly,Low,"Simple control, bulk ordering"
20377,Duval-Leroy Prestige Rose,750mL,17,28.1,5.620000000000001,54.99919119431184,C,Quarterly,Low,"Simple control, bulk ordering"
20382,Fabrizio Dionisio Rose Syrah,750mL,14,8.1,1.62,92.96222517045284,C,Quarterly,Low,"Simple control, bulk ordering"
20383,Fabrizio Dionisio Cast Syrah,750mL,13,9.03,1.806,84.84237224677706,C,Quarterly,Low,"Simple control, bulk ordering"
20395,Antico Colle Rosso di Montep,750mL,148,6.49,1.298,337.6708036663672,C,Quarterly,Low,"Simple control, bulk ordering"
20398,I Lauri Bajo Montepul d'Abru,750mL,451,6.03,1.2060000000000002,611.525564269034,B,Monthly,Medium,Moderate control
20400,Ilauri Le Pinciaie 10 Red,750mL,95,9.08,1.816,228.71986212481957,C,Quarterly,Low,"Simple control, bulk ordering"
20403,Tenuta Santo Pietro Imago 11,750mL,1,7.46,1.492,25.88901865392489,C,Quarterly,Low,"Simple control, bulk ordering"
20404,Tenuta Santo Pietro Pio Il C,750mL,81,8.1,1.62,223.60679774997897,C,Quarterly,Low,"Simple control, bulk ordering"
20405,Tenuta Santo Pietro Viper Su,750mL,106,10.96,2.192,219.90376129929345,C,Quarterly,Low,"Simple control, bulk ordering"
20406,Tenuta Santo Pietro Percept,750mL,71,13.69,2.738,161.03209848395926,C,Quarterly,Low,"Simple control, bulk ordering"
20407,Riondo Blu Prosecco,750mL,49,9.33,1.866,162.04745709023175,C,Quarterly,Low,"Simple control, bulk ordering"
20409,NxNW Red Columbia Valley,750mL,45,9.86,1.972,151.06115522076766,C,Quarterly,Low,"Simple control, bulk ordering"
20410,Beringer Luminus Chard,750mL,14,20.24,4.048,58.808996112120596,C,Quarterly,Low,"Simple control, bulk ordering"
20413,Pepperjack Barossa Red,750mL,2,15.99,3.1980000000000004,25.007816164017765,C,Quarterly,Low,"Simple control, bulk ordering"
20419,Spalletti Toscana Rosso Palz,750mL,263,12.82,2.564,320.27192034912855,B,Monthly,Medium,Moderate control
20420,Vigne A Porrona Rosso,750mL,9,8.66,1.7320000000000002,72.08539969983191,C,Quarterly,Low,"Simple control, bulk ordering"
20422,M Chiarlo Barberesco Anni 09,750mL,113,18.06,3.612,176.87455121074433,B,Monthly,Medium,Moderate control
20424,Viberti Barolo Rsv 06 Volta,750mL,8,60.64,12.128,25.683274846875705,C,Quarterly,Low,"Simple control, bulk ordering"
20425,Fattoria Pagliaatura Verm 11,750mL,30,8.16,1.6320000000000001,135.5815361366601,C,Quarterly,Low,"Simple control, bulk ordering"
20426,Fattoria Illario Rose,750mL,13,9.86,1.972,81.19293127637093,C,Quarterly,Low,"Simple control, bulk ordering"
20427,Fattoria Heba Marellino 11,750mL,40,11.4,2.2800000000000002,132.4532357065044,C,Quarterly,Low,"Simple control, bulk ordering"
20428,Fattoria Poggio Red 10,750mL,2,35.52,7.104000000000001,16.778901380350607,C,Quarterly,Low,"Simple control, bulk ordering"
20429,Carpineto Montepulciano 11,750mL,30,7.53,1.5060000000000002,141.13935923440917,C,Quarterly,Low,"Simple control, bulk ordering"
20439,Torremoron Tinto,750mL,92,4.68,0.9359999999999999,313.5133143753201,C,Quarterly,Low,"Simple control, bulk ordering"
20446,Barefoot Bubbly Brut Cuvee,187mL 4 Pk,364,6.7,1.34,521.1926621171639,B,Monthly,Medium,Moderate control
20447,Barefoot Bubbly Pink Moscato,187mL 4 Pk,226,6.53,1.306,415.98975131679936,C,Quarterly,Low,"Simple control, bulk ordering"
20465,Pali Wine Co Pnt Nr Durell,750mL,6,36.18,7.236000000000001,28.795614186045334,C,Quarterly,Low,"Simple control, bulk ordering"
20475,Hayes Valley Cab Svgn CC,750mL,166,6.75,1.35,350.66075195687773,C,Quarterly,Low,"Simple control, bulk ordering"
20477,Hayes Valley Chard Monterey,750mL,1,6.53,1.306,27.671226645624273,C,Quarterly,Low,"Simple control, bulk ordering"
20483,Joel Gott Pnt Nr,750mL,121,11.91,2.382,225.38333796983497,C,Quarterly,Low,"Simple control, bulk ordering"
20492,Wild Oats Shiraz Cntrl Range,750mL,4,7.38,1.476,52.05792062953535,C,Quarterly,Low,"Simple control, bulk ordering"
20504,Guenoc Cal Chard,750mL,12,3.94,0.788,123.40351046845906,C,Quarterly,Low,"Simple control, bulk ordering"
20506,Citran Haut-Medoc,750mL,7,19.86,3.972,41.980190024359935,C,Quarterly,Low,"Simple control, bulk ordering"
20507,Ch la Pointe Pomerol,750mL,13,20.64,4.128,56.11795440143511,C,Quarterly,Low,"Simple control, bulk ordering"
20508,Calaches Lanessan Haut-Medoc,750mL,5,12.92,2.584,43.988458942361675,C,Quarterly,Low,"Simple control, bulk ordering"
20509,Ch Mylord Cuvee Milady,750mL,123,7.43,1.486,287.7021788961428,C,Quarterly,Low,"Simple control, bulk ordering"
20512,Lacoste Borie Pauillac,750mL,25,25.15,5.03,70.49949593040614,C,Quarterly,Low,"Simple control, bulk ordering"
20513,Petit Caillou St Julien,750mL,14,18.82,3.7640000000000002,60.98727241307667,C,Quarterly,Low,"Simple control, bulk ordering"
20515,Lions de Suduiraut Sauternes,375mL,19,12.74,2.548,86.35293211814127,C,Quarterly,Low,"Simple control, bulk ordering"
20516,Ch Le Gay Pomerol,750mL,10,67.56,13.512,27.204464510142444,C,Quarterly,Low,"Simple control, bulk ordering"
20517,Hauts de Smith Rouge Pessac,750mL,25,22.81,4.562,74.02737742555144,C,Quarterly,Low,"Simple control, bulk ordering"
20519,La Croix de Carbonnieux Roug,750mL,30,12.58,2.516,109.19564274400618,C,Quarterly,Low,"Simple control, bulk ordering"
20520,La Croix de Carbonnieux Blnc,750mL,8,17.33,3.4659999999999997,48.043065889206346,C,Quarterly,Low,"Simple control, bulk ordering"
20532,Bread & Butter Pnt Nr,750mL,10,8.72,1.7440000000000002,75.72281660192283,C,Quarterly,Low,"Simple control, bulk ordering"
20533,Bread & Butter Chard,750mL,1225,8.55,1.7100000000000002,846.3889584616802,A,Weekly,High,"Tight control, frequent replenishment"
20534,Cielo Pnt Nr,750mL,24,5.51,1.102,147.57569038298453,C,Quarterly,Low,"Simple control, bulk ordering"
20549,Fifty Shades Of Grey Wh Silk,750mL,10,7.48,1.4960000000000002,81.75874252096607,C,Quarterly,Low,"Simple control, bulk ordering"
20550,Fifty Shades Of Grey Red Sat,750mL,10,7.14,1.428,83.6827408755723,C,Quarterly,Low,"Simple control, bulk ordering"
20552,Cafaggio Basilica Chianti Cl,750mL,58,9.58,1.9160000000000001,173.98677750734507,C,Quarterly,Low,"Simple control, bulk ordering"
20554,Franzia Moscato,5L,8,11.68,2.336,58.52057359806528,C,Quarterly,Low,"Simple control, bulk ordering"
20555,Red Newt Clrs Rsl Finger Lak,750mL,13,8.21,1.6420000000000003,88.9785040210944,C,Quarterly,Low,"Simple control, bulk ordering"
20557,The Other Red,750mL,264,7.84,1.568,410.3259033241449,B,Monthly,Medium,Moderate control
20567,The Immortal Zin,750mL,3,7.79,1.558,43.8810388578619,C,Quarterly,Low,"Simple control, bulk ordering"
20594,Fritz Pnt Nr RRV,750mL,12,17.87,3.5740000000000003,57.94465066398096,C,Quarterly,Low,"Simple control, bulk ordering"
20598,Perez Cruz Cab Svgn Rsva,750mL,31,10.88,2.176,119.35796382902888,C,Quarterly,Low,"Simple control, bulk ordering"
20600,Felino Vino Cobos Chard,750mL,25,7.56,1.512,128.58612496840993,C,Quarterly,Low,"Simple control, bulk ordering"
20602,Pali Pnt Nr Rancho La Vina,750mL,1,37.41,7.481999999999999,11.56088678177274,C,Quarterly,Low,"Simple control, bulk ordering"
20605,Viu Manent Cab Svgn La Capil,750mL,4,9.65,1.9300000000000002,45.525145360598536,C,Quarterly,Low,"Simple control, bulk ordering"
20626,Les Dauphins Cotes du Rhone,750mL,48,2.7,0.54,298.14239699997194,C,Quarterly,Low,"Simple control, bulk ordering"
20639,Antigal Uno Cab Mendza,750mL,10,9.73,1.9460000000000002,71.6850482732654,C,Quarterly,Low,"Simple control, bulk ordering"
20650,Sho Chiku Bai Takara Sake,18L,10,56.03,11.206000000000001,29.87271468471359,C,Quarterly,Low,"Simple control, bulk ordering"
20653,Natale Verga Prosecco,750mL,2,7.04,1.4080000000000001,37.68891807222045,C,Quarterly,Low,"Simple control, bulk ordering"
20654,Notarious Cab Svgn,750mL,1,26.14,5.228000000000001,13.830319420447756,C,Quarterly,Low,"Simple control, bulk ordering"
20659,The Culprit Red,750mL,7,12.98,2.596,51.92741170409512,C,Quarterly,Low,"Simple control, bulk ordering"
20661,Pali Pnt Nr Cargasacchi Vyd,750mL,2,35.94,7.188,16.68057294081454,C,Quarterly,Low,"Simple control, bulk ordering"
20662,Villa Jolanda Xmas Spumante,750mL,2,6.89,1.3780000000000001,38.096965887972964,C,Quarterly,Low,"Simple control, bulk ordering"
20668,Taylor Fladgate 11 Port,375mL,1,31.07,6.214,12.685698213721505,C,Quarterly,Low,"Simple control, bulk ordering"
20669,Croft Port 11,750mL,1,51.94,10.388,9.811468853477788,C,Quarterly,Low,"Simple control, bulk ordering"
20674,Tolaini Al Passo Toscana,750mL,48,17.23,3.446,118.02200331953608,C,Quarterly,Low,"Simple control, bulk ordering"
20682,A Bichot Chablis Vaucopins,750mL,16,19.86,3.972,63.46808159753768,C,Quarterly,Low,"Simple control, bulk ordering"
20685,A Bichot Ch Gris Nuits St Ge,750mL,2,40.68,8.136000000000001,15.67868113972662,C,Quarterly,Low,"Simple control, bulk ordering"
20689,Charles Fournier Rsl,750mL,1,10.32,2.064,22.011272658140594,C,Quarterly,Low,"Simple control, bulk ordering"
20693,Daou Cab Svgn,750mL,380,13.24,2.648,378.8199199118948,B,Monthly,Medium,Moderate control
20699,Fantini Monteplciano D'Abruz,750mL,218,7.94,1.588,370.51261378977364,B,Monthly,Medium,Moderate control
20702,Sanford La Riconda Pnt Nr,750mL,2,24.67,4.934000000000001,20.133321342825525,C,Quarterly,Low,"Simple control, bulk ordering"
20706,A Proper Claret,750mL,25,10.66,2.132,108.28702045605249,C,Quarterly,Low,"Simple control, bulk ordering"
20722,Ch Musar Hochar Red,750mL,1,20.4,4.08,15.655607277128738,C,Quarterly,Low,"Simple control, bulk ordering"
20724,Spritz and Giggles,750mL,4,10.13,2.0260000000000002,44.433474570293775,C,Quarterly,Low,"Simple control, bulk ordering"
20725,Chronic Cellars Purple Parad,750mL,148,9.86,1.972,273.95384636677045,C,Quarterly,Low,"Simple control, bulk ordering"
20728,Villa Jolanda Cocnut Moscato,750mL,4,6.2,1.2400000000000002,56.79618342470648,C,Quarterly,Low,"Simple control, bulk ordering"
20729,Villa Jolanda Peach Moscato,750mL,158,5.99,1.1980000000000002,363.16177863651535,C,Quarterly,Low,"Simple control, bulk ordering"
20730,Villa Jolanda Pineap Moscato,750mL,24,6.12,1.2240000000000002,140.02800840280096,C,Quarterly,Low,"Simple control, bulk ordering"
20731,Villa Jolanda Strwby Moscato,750mL,238,5.95,1.1900000000000002,447.21359549995793,B,Monthly,Medium,Moderate control
20739,Paydirt Red Paso Robles,750mL,1,12.33,2.466,20.1374031110059,C,Quarterly,Low,"Simple control, bulk ordering"
20743,Churchill's Late Bottled 05,750mL,6,16.88,3.376,42.157457048950704,C,Quarterly,Low,"Simple control, bulk ordering"
20744,Banshee Chard,750mL,10,8.55,1.7100000000000002,76.47191129018725,C,Quarterly,Low,"Simple control, bulk ordering"
20745,Kono Svgn Bl,750mL,42,7.94,1.588,162.62952597976488,C,Quarterly,Low,"Simple control, bulk ordering"
20748,Terrasole 07 Brunelo d Montl,750mL,39,34.48,6.896,75.20274221193597,C,Quarterly,Low,"Simple control, bulk ordering"
20762,Lamole Chianti Clsco Racolto,750mL,28,10.95,2.19,113.0724905883561,C,Quarterly,Low,"Simple control, bulk ordering"
20767,Chehalem Inox Chard Wlmt Vly,750mL,10,13.15,2.6300000000000003,61.66264159782074,C,Quarterly,Low,"Simple control, bulk ordering"
20770,Chehalem Pnt Nr Three Vyd,750mL,29,14.33,2.866,100.59141235739673,C,Quarterly,Low,"Simple control, bulk ordering"
20771,Chehalem Ridge Crest Vyds Pn,750mL,1,27.81,5.562,13.408633111818828,C,Quarterly,Low,"Simple control, bulk ordering"
20772,Dutton Goldfield Chard Dutto,750mL,3,25.99,5.198,24.023843484977352,C,Quarterly,Low,"Simple control, bulk ordering"
20776,JM Gobillard Tradition Brut,750mL,1,23.33,4.6659999999999995,14.639546813491698,C,Quarterly,Low,"Simple control, bulk ordering"
20781,Steele Clear Lake Merlot Cty,750mL,74,9.73,1.9460000000000002,195.00441400121917,C,Quarterly,Low,"Simple control, bulk ordering"
20788,Mt Tabor Galilee Chard,750mL,18,11.1,2.22,90.04503377814963,C,Quarterly,Low,"Simple control, bulk ordering"
20791,Belle Ambiance Pnt Grigio,750mL,217,5.4,1.08,448.24761675431796,C,Quarterly,Low,"Simple control, bulk ordering"
20792,Belle Ambiance Chard,750mL,4,7.18,1.436,52.77798139692595,C,Quarterly,Low,"Simple control, bulk ordering"
20793,Belle Ambiance Cab Svgn,750mL,6,7.43,1.486,63.54278134111912,C,Quarterly,Low,"Simple control, bulk ordering"
20800,Talamonti Moda Montepulciano,750mL,149,5.84,1.168,357.16731814471063,C,Quarterly,Low,"Simple control, bulk ordering"
20801,Catena Historic Rows Chard,750mL,6,20.54,4.108,38.217335748374616,C,Quarterly,Low,"Simple control, bulk ordering"
20814,Tarkettle Chard RRV,750mL,12,9.67,1.9340000000000002,78.77027980368993,C,Quarterly,Low,"Simple control, bulk ordering"
20855,Cockburns Special RSV,750mL,222,8.6,1.72,359.2628111033209,B,Monthly,Medium,Moderate control
20862,W Hill Est Cab Svgn No Cst,750mL,911,8.55,1.7100000000000002,729.8962515396937,A,Weekly,High,"Tight control, frequent replenishment"
20863,W Hill Est Chard N Coast,750mL,737,8.84,1.768,645.6432479472774,A,Weekly,High,"Tight control, frequent replenishment"
20864,W Hill Est Merlot Cntrl Cst,750mL,267,8.55,1.7100000000000002,395.14598679120223,B,Monthly,Medium,Moderate control
20883,Quinta do Noval Port 11,750mL,1,61.22,12.244,9.037292514618134,C,Quarterly,Low,"Simple control, bulk ordering"
20885,Rentas De Fincas Rioja,750mL,8,6.7,1.34,77.26674092862558,C,Quarterly,Low,"Simple control, bulk ordering"
20889,La Lecciaia Brunello di Mont,750mL,4,26.2,5.24,27.628948199776882,C,Quarterly,Low,"Simple control, bulk ordering"
20903,Delamotte Brut,375mL,53,12.66,2.532,144.6791951535139,C,Quarterly,Low,"Simple control, bulk ordering"
20905,Gekkeikan Suzaku Sake,300mL,70,5.95,1.1900000000000002,242.53562503633296,C,Quarterly,Low,"Simple control, bulk ordering"
20912,Whitehall Tre Leoni Red Napa,750mL,61,15.75,3.1500000000000004,139.1584685352615,C,Quarterly,Low,"Simple control, bulk ordering"
20913,Benton Lane First Class Pnt,750mL,1,32.89,6.578,12.329715777434853,C,Quarterly,Low,"Simple control, bulk ordering"
20921,Penfolds Bin 9 Cab Svgn,750mL,62,11.68,2.336,162.9143820858397,C,Quarterly,Low,"Simple control, bulk ordering"
20932,Frey Vyds Organic Agrul Red,750mL,85,7.43,1.486,239.16634035333666,C,Quarterly,Low,"Simple control, bulk ordering"
20935,Chehalem Ian's Chard Rsv,750mL,1,16.33,3.266,17.498140921285422,C,Quarterly,Low,"Simple control, bulk ordering"
20941,Valdivieso Brut,750mL,3,6.75,1.35,47.14045207910317,C,Quarterly,Low,"Simple control, bulk ordering"
20944,Valdivieso Cab Franc Rsva,750mL,20,13.51,2.702,86.03443787443547,C,Quarterly,Low,"Simple control, bulk ordering"
20947,Catalpa Cab Svgn,750mL,24,10.66,2.132,106.0991783534611,C,Quarterly,Low,"Simple control, bulk ordering"
20948,Honig Bartolucci Vyds Cab Sv,750mL,20,51.28,10.256,44.15968753422203,C,Quarterly,Low,"Simple control, bulk ordering"
20952,Bouza Temp Tannat,750mL,2,16.44,3.2880000000000003,24.663181183349504,C,Quarterly,Low,"Simple control, bulk ordering"
20953,Cavit Chard,750mL,1,3.89,0.778,35.85173696910373,C,Quarterly,Low,"Simple control, bulk ordering"
20954,Moonlight Meadery Last Apple,375mL,20,10.45,2.09,97.8231976089037,C,Quarterly,Low,"Simple control, bulk ordering"
20963,Stags Leap Hands of Time Chr,750mL,18,10.96,2.192,90.61831399952653,C,Quarterly,Low,"Simple control, bulk ordering"
20968,Ninety+Cellars Lot 113 B Red,750mL,436,5.8,1.16,613.0759079963241,B,Monthly,Medium,Moderate control
20980,Valley of the Moon Blend 41,750mL,6,12.9,2.58,48.224282217041214,C,Quarterly,Low,"Simple control, bulk ordering"
20991,Les Hauts de Lagarde Blanc,750mL,2,8.96,1.7920000000000003,33.40765523905305,C,Quarterly,Low,"Simple control, bulk ordering"
20992,Les Hauts de Lagarde Rouge,750mL,197,6.7,1.34,383.4252539584923,C,Quarterly,Low,"Simple control, bulk ordering"
21000,Bonpas Ch du Pape Rouge Rsv,750mL,32,27.62,5.524000000000001,76.11112726123628,C,Quarterly,Low,"Simple control, bulk ordering"
21001,Bonpas Cote du Rhone Rouge R,750mL,225,7.38,1.476,390.43440472151514,C,Quarterly,Low,"Simple control, bulk ordering"
21002,Bonpas Blanc Rhone Vly,750mL,38,7.74,1.548,156.67738706517625,C,Quarterly,Low,"Simple control, bulk ordering"
21003,Bonpas Ventoux Rouge Rhone,750mL,4,9.2,1.8399999999999999,46.62524041201569,C,Quarterly,Low,"Simple control, bulk ordering"
21006,Ch Lassegue 05 GC St Emilion,750mL,2,62.08,12.416,12.691827064170239,C,Quarterly,Low,"Simple control, bulk ordering"
21008,Cenyth Sonoma Red,750mL,8,33.55,6.71,34.528978736392446,C,Quarterly,Low,"Simple control, bulk ordering"
21010,La Jota Cab Svgn Howell Mtn,750mL,7,42.48,8.496,28.703956826132167,C,Quarterly,Low,"Simple control, bulk ordering"
21015,WindRacer RRV Chard,750mL,8,22.72,4.544,41.959067914834456,C,Quarterly,Low,"Simple control, bulk ordering"
21016,WindRacer Anderson Vly Chard,750mL,2,23.97,4.794,20.425184255141673,C,Quarterly,Low,"Simple control, bulk ordering"
21017,Estancia Monterey County GSM,750mL,6,9.52,1.904,56.13608914238398,C,Quarterly,Low,"Simple control, bulk ordering"
21019,Black Box Pnt Nr,3L,472,10.66,2.132,470.51925330408227,A,Weekly,High,"Tight control, frequent replenishment"
21027,Kinsella Est Cab Svgn 10,750mL,6,79.3,15.86,19.450198311991272,C,Quarterly,Low,"Simple control, bulk ordering"
21031,Shannon Ridge Chard HE Lake,750mL,1,10.38,2.076,21.947564065307354,C,Quarterly,Low,"Simple control, bulk ordering"
21032,Taylor Fladgate 10-Yr Tawny,750mL,241,15.12,3.024,282.3043874894034,B,Monthly,Medium,Moderate control
21033,Taylor Fladgate 20-Yr Tawny,750mL,212,26.89,5.378,198.5443494122295,A,Weekly,High,"Tight control, frequent replenishment"
21034,Cyrus Cab Svgn Alex Vly,750mL,3,36.73,7.346,20.208550564724703,C,Quarterly,Low,"Simple control, bulk ordering"
21039,Temptation Znfdl,750mL,6,8.49,1.6980000000000002,59.4438298277764,C,Quarterly,Low,"Simple control, bulk ordering"
21041,Alexander Vly Vyds Merlot,750mL,21,10.27,2.054,101.11356616165779,C,Quarterly,Low,"Simple control, bulk ordering"
21045,Eden Ice Cider Honey Crisp,375mL,7,17.56,3.512,44.644890939680266,C,Quarterly,Low,"Simple control, bulk ordering"
21046,Eden Ice Windfall Orchard,187mL,2,9.73,1.9460000000000002,32.05852818187507,C,Quarterly,Low,"Simple control, bulk ordering"
21055,Sandeman Imperial 20-Yr Taw,750mL,195,24.02,4.804,201.47251430815228,B,Monthly,Medium,Moderate control
21058,Ayala Brut Majeur,750mL,21,30.61,6.122,58.568349402902456,C,Quarterly,Low,"Simple control, bulk ordering"
21060,Ayala Rose Majeur,750mL,1,39.45,7.890000000000001,11.25800658616094,C,Quarterly,Low,"Simple control, bulk ordering"
21076,Natura Pnt Nr,750mL,104,6.07,1.2140000000000002,292.68962368947416,C,Quarterly,Low,"Simple control, bulk ordering"
21078,Justin Obtuse,375mL,27,6.49,1.298,144.22632445444708,C,Quarterly,Low,"Simple control, bulk ordering"
21080,Landmark Overlook Pnt Nr,750mL,1,14.86,2.972,18.343220956176328,C,Quarterly,Low,"Simple control, bulk ordering"
21081,Martinelli Belle Vigna Pnt N,750mL,6,26.89,5.378,33.401442750809835,C,Quarterly,Low,"Simple control, bulk ordering"
21098,Rutherford Ranch Chard,750mL,116,9.33,1.866,249.32921800227277,C,Quarterly,Low,"Simple control, bulk ordering"
21103,Farnum Hill Dooryard Still,750mL,20,7.89,1.578,112.5800658616094,C,Quarterly,Low,"Simple control, bulk ordering"
21105,Ken Volk Pnt Nr Cuvee St Mar,750mL,19,19.6,3.9200000000000004,69.6199596057783,C,Quarterly,Low,"Simple control, bulk ordering"
21109,Les Lauzeraies Tavel,750mL,7,7.33,1.4660000000000002,69.10063444545197,C,Quarterly,Low,"Simple control, bulk ordering"
21115,Wicked Smooth Merlot,750mL,20,5.29,1.058,137.49033305079908,C,Quarterly,Low,"Simple control, bulk ordering"
21117,Wicked Bright Pnt Gr Veneto,750mL,32,5.51,1.102,170.405729136922,C,Quarterly,Low,"Simple control, bulk ordering"
21123,Southern Right Svgn Bl,750mL,3,7.99,1.598,43.32835888138614,C,Quarterly,Low,"Simple control, bulk ordering"
21129,St Supery Svgn Bl Napa,750mL,269,11.56,2.3120000000000003,341.10039719832946,B,Monthly,Medium,Moderate control
21144,Cherry Tart Pnt Nr,750mL,70,12.49,2.498,167.39897829541098,C,Quarterly,Low,"Simple control, bulk ordering"
21145,David Girard Vyds Code Rouge,750mL,200,7.79,1.558,358.2871819500093,C,Quarterly,Low,"Simple control, bulk ordering"
21151,Flight Song Svgn Bl,750mL,84,6.57,1.314,252.83777534076947,C,Quarterly,Low,"Simple control, bulk ordering"
21155,Quinta do Crasto Douro S per,750mL,2,15.12,3.024,25.717224993681985,C,Quarterly,Low,"Simple control, bulk ordering"
21157,Huber Hugo Gruner Veltliner,750mL,51,7.38,1.476,185.88395715729553,C,Quarterly,Low,"Simple control, bulk ordering"
21159,Nyers Vyds Sage Canyon Red,750mL,5,13.1,2.62,43.685202833051896,C,Quarterly,Low,"Simple control, bulk ordering"
21160,Nyers Vyds Vista Luna Znfdl,750mL,10,14.56,2.9120000000000004,58.60090386731192,C,Quarterly,Low,"Simple control, bulk ordering"
21166,La Crema Pnt Nr Williamette,750mL,8,19.46,3.8920000000000003,45.3376053445278,C,Quarterly,Low,"Simple control, bulk ordering"
21168,Honoro Vera Merlot Jumilla,750mL,4,5.86,1.1720000000000002,58.420623783698595,C,Quarterly,Low,"Simple control, bulk ordering"
21169,Honoro Vera Organic Jumilla,750mL,28,5.59,1.118,158.2552454711733,C,Quarterly,Low,"Simple control, bulk ordering"
21172,Ornellaia Bolgheri 11,750mL,1,137.92,27.584,6.021038135738601,C,Quarterly,Low,"Simple control, bulk ordering"
21178,Sensi Dalcampo Chianti Rsva,750mL,1,9.03,1.806,23.531040266750583,C,Quarterly,Low,"Simple control, bulk ordering"
21179,Amapola Creek 09 Cab Svgn,750mL,3,40.26,8.052,19.302285912054575,C,Quarterly,Low,"Simple control, bulk ordering"
21181,Belaire Sparkling Rose,750mL,119,19.72,3.944,173.7020834449128,B,Monthly,Medium,Moderate control
21195,Paul Hobbs Las Piedras Cab S,750mL,4,120.68,24.136000000000003,12.873521038076534,C,Quarterly,Low,"Simple control, bulk ordering"
21196,Paul Hobbs Crossbarn Chard,750mL,11,17.33,3.4659999999999997,56.33548834924222,C,Quarterly,Low,"Simple control, bulk ordering"
21201,Bota Box Pnt Nr,3L,180,11.4,2.2800000000000002,280.9757434745082,B,Monthly,Medium,Moderate control
21208,Kendall Jackson Grand Rsv Ch,750mL,411,10.32,2.064,446.23750063922705,B,Monthly,Medium,Moderate control
21216,Il Poggione Monalcino Rsv 07,750mL,9,74.49,14.898,24.578607241885493,C,Quarterly,Low,"Simple control, bulk ordering"
21217,Copain Wentzel Pnt Nr,750mL,1,39.21,7.8420000000000005,11.292408519933923,C,Quarterly,Low,"Simple control, bulk ordering"
21218,Heitz Znfdl Ink Grade Vyd,750mL,42,17.44,3.4880000000000004,109.7327863661072,C,Quarterly,Low,"Simple control, bulk ordering"
21230,The Naked Grape Box Moscato,3L,3,11.84,2.368,35.59342484071871,C,Quarterly,Low,"Simple control, bulk ordering"
21231,La Marca Prosecco,187mL,557,3.08,0.6160000000000001,950.9052419777584,B,Monthly,Medium,Moderate control
21232,Barefoot Bubbly Prosecco,750mL,331,6.62,1.324,500.0,B,Monthly,Medium,Moderate control
21233,Cavicchioli Prosecco,750mL,336,7.53,1.5060000000000002,472.34264016825273,B,Monthly,Medium,Moderate control
21250,Bodega Garzon Albarino,750mL,12,9.73,1.9460000000000002,78.52703595022842,C,Quarterly,Low,"Simple control, bulk ordering"
21251,Renwood Old Vine Zinfandel,750mL,122,11.72,2.3440000000000003,228.13982898644826,C,Quarterly,Low,"Simple control, bulk ordering"
21252,Renwood BBQ Zinfandel,750mL,36,8.05,1.6100000000000003,149.53343588376802,C,Quarterly,Low,"Simple control, bulk ordering"
21254,Renwood Timberline Znfdl,750mL,286,14.28,2.856,316.4491365486861,B,Monthly,Medium,Moderate control
21259,Paul Hobbs Crossbarn Rose PN,750mL,4,12.66,2.532,39.74643167585821,C,Quarterly,Low,"Simple control, bulk ordering"
21260,Benvolio Toscana Rosso,750mL,36,8.78,1.756,143.1821879710043,C,Quarterly,Low,"Simple control, bulk ordering"
21267,Latour 13 Cuvee Bourgog Blnc,750mL,123,10.66,2.132,240.1922307076307,C,Quarterly,Low,"Simple control, bulk ordering"
21270,Kendall Jackson AVANT Svgn B,750mL,40,5.91,1.1820000000000002,183.95909204638758,C,Quarterly,Low,"Simple control, bulk ordering"
21271,Kentia Albarino Rias Baixas,750mL,67,9.2,1.8399999999999999,190.82202042285599,C,Quarterly,Low,"Simple control, bulk ordering"
21272,Comoloco Monastrell Jumilla,750mL,3,6.2,1.2400000000000002,49.186937683796465,C,Quarterly,Low,"Simple control, bulk ordering"
21273,Arindo Verdejo Rueda,750mL,18,7.14,1.428,112.27217828476796,C,Quarterly,Low,"Simple control, bulk ordering"
21277,Nicholson Ranch Chard Son Ct,750mL,271,13.79,2.758,313.4638869341932,B,Monthly,Medium,Moderate control
21280,Rodney Strong Bros Ridge Cab,750mL,2,47.09,9.418000000000001,14.572553378040144,C,Quarterly,Low,"Simple control, bulk ordering"
21281,Rodney Strong Rsv Alex Vy CS,750mL,30,32.23,6.446,68.22059089930038,C,Quarterly,Low,"Simple control, bulk ordering"
21282,Lunetta Rose Brut,750mL,1,7.99,1.598,25.015639663712996,C,Quarterly,Low,"Simple control, bulk ordering"
21284,Elk Cove Pinot Bl,750mL,15,11.99,2.398,79.08990249855556,C,Quarterly,Low,"Simple control, bulk ordering"
21286,Elk Cove Five Mtn Pnt Nr,750mL,8,31.97,6.394,35.371923536383306,C,Quarterly,Low,"Simple control, bulk ordering"
21287,Foley Johnson Cab Svgn,750mL,141,15.43,3.0860000000000003,213.75269324405292,B,Monthly,Medium,Moderate control
21300,Clos LaChance Meritage,750mL,13,6.8,1.36,97.76923610938036,C,Quarterly,Low,"Simple control, bulk ordering"
21308,Chloe Pnt Grigio,750mL,542,7.38,1.476,605.9774517972768,B,Monthly,Medium,Moderate control
21311,Cakebread Clrs Two Creeks 12,750mL,42,26.84,5.368,88.4541862776698,C,Quarterly,Low,"Simple control, bulk ordering"
21313,Kedem Concord Grape Kosher,750mL,24,3.92,0.784,174.9635530559413,C,Quarterly,Low,"Simple control, bulk ordering"
21317,Bartenura Moscato,750mL,226,9.33,1.866,348.0153499713029,B,Monthly,Medium,Moderate control
21318,Barefoot Refresh Crisp Red,750mL,12,3.94,0.788,123.40351046845906,C,Quarterly,Low,"Simple control, bulk ordering"
21319,Wlm Hill Est No Cst Svgn Bl,750mL,169,8.55,1.7100000000000002,314.3730417143384,C,Quarterly,Low,"Simple control, bulk ordering"
21320,Zion Dolev Muscato,750mL,13,7.09,1.4180000000000001,95.74884871908183,C,Quarterly,Low,"Simple control, bulk ordering"
21321,Rex Goliath Red Sangria,750mL,139,4.07,0.8140000000000001,413.233191747312,C,Quarterly,Low,"Simple control, bulk ordering"
21323,Rosatello Sweet Moscato,750mL,32,6.16,1.2320000000000002,161.16459280507604,C,Quarterly,Low,"Simple control, bulk ordering"
21325,Kim Crawford Pnt Gr Homstead,750mL,1,18.61,3.722,16.391240239301066,C,Quarterly,Low,"Simple control, bulk ordering"
21326,Kim Crawford Svgn Bl Sptfire,750mL,92,16.23,3.2460000000000004,168.35253332667963,C,Quarterly,Low,"Simple control, bulk ordering"
21329,Masi Campofiorin,750mL,363,10.52,2.104,415.36552229363735,B,Monthly,Medium,Moderate control
21333,Mas Carlot Marsanne Roussann,750mL,12,8.84,1.768,82.38525545716347,C,Quarterly,Low,"Simple control, bulk ordering"
21338,Vincent Delaporte Sancerre,750mL,31,12.98,2.596,109.27693435545466,C,Quarterly,Low,"Simple control, bulk ordering"
21339,Flowers Sonoma Cst Chard,1.5L,1,64.51,12.902000000000001,8.803826622526362,C,Quarterly,Low,"Simple control, bulk ordering"
21340,Flowers Sonoma Cst Pnt Nr,1.5L,3,66.66,13.332,15.000750056254688,C,Quarterly,Low,"Simple control, bulk ordering"
21341,Essenciel Paradis Prvnc Rose,750mL,70,8.55,1.7100000000000002,202.325659555628,C,Quarterly,Low,"Simple control, bulk ordering"
21342,Dom du Garde Temps Tour Rose,750mL,5,10.52,2.104,48.74859849793948,C,Quarterly,Low,"Simple control, bulk ordering"
21352,C Y Toro Don Melchr Cab Svgn,750mL,2,52.62,10.524000000000001,13.785565247679312,C,Quarterly,Low,"Simple control, bulk ordering"
21353,Smoking Loon Malbec Carancho,750mL,111,4.59,0.918,347.7283892346706,C,Quarterly,Low,"Simple control, bulk ordering"
21355,Cantina Gabriele Dolc White,750mL,5,7.04,1.4080000000000001,59.59141182784951,C,Quarterly,Low,"Simple control, bulk ordering"
21359,Stephen Vincent Pnt Nr,750mL,12,11.33,2.266,72.77138997289951,C,Quarterly,Low,"Simple control, bulk ordering"
21363,Perez Cruz Carmenere Ltd Ed,750mL,30,13.42,2.684,105.72297405446469,C,Quarterly,Low,"Simple control, bulk ordering"
21364,La Caplana Gavi di Gavi,750mL,34,10.34,2.068,128.22248555814198,C,Quarterly,Low,"Simple control, bulk ordering"
21366,Tamaya Svgn Bl,750mL,7,7.84,1.568,66.8153104781061,C,Quarterly,Low,"Simple control, bulk ordering"
21367,KJ Est 12 Chard Camelot High,750mL,17,20.4,4.08,64.54972243679029,C,Quarterly,Low,"Simple control, bulk ordering"
21369,Kendall Jackson Grand Pnt Nr,750mL,34,14.76,2.952,107.32015270279744,C,Quarterly,Low,"Simple control, bulk ordering"
21374,10 Span Chard CC,750mL,84,5.13,1.026,286.1316917596507,C,Quarterly,Low,"Simple control, bulk ordering"
21375,10 Span Cab Svgn CC,750mL,24,4.96,0.992,155.54275420956378,C,Quarterly,Low,"Simple control, bulk ordering"
21380,Bartenura Asti Spumante,750mL,8,12.57,2.5140000000000002,56.41081273265183,C,Quarterly,Low,"Simple control, bulk ordering"
21381,Barkan Clsc Cab Svgn,750mL,45,9.03,1.806,157.85101685321726,C,Quarterly,Low,"Simple control, bulk ordering"
21382,Barkan Clsc Merlot,750mL,26,9.08,1.816,119.65442163472309,C,Quarterly,Low,"Simple control, bulk ordering"
21383,Barkan Clsc Chard,750mL,3,9.26,1.852,40.24761372264411,C,Quarterly,Low,"Simple control, bulk ordering"
21384,Ch Ste Michelle Cold Ck Cab,750mL,9,17.12,3.4240000000000004,51.268944526849744,C,Quarterly,Low,"Simple control, bulk ordering"
21385,Ch Ste Michelle Cold Crk Cha,750mL,3,11.99,2.398,35.37007966412014,C,Quarterly,Low,"Simple control, bulk ordering"
21386,Segal's Cab Svgn Spcl Rsv Ga,750mL,6,13.54,2.708,47.070769185016815,C,Quarterly,Low,"Simple control, bulk ordering"
21407,Bartenura Ovidia Est Chianti,750mL,5,9.14,1.8280000000000003,52.299424081912996,C,Quarterly,Low,"Simple control, bulk ordering"
21408,Ramon Cardova Garnacha,750mL,10,11.99,2.398,64.57663497597784,C,Quarterly,Low,"Simple control, bulk ordering"
21409,Mumm Cordon Rouge Brut,1.5L,20,40.81,8.162,49.50131118334518,C,Quarterly,Low,"Simple control, bulk ordering"
21410,Goose Bay Svgn Bl,750mL,32,13.1,2.62,110.51579279910753,C,Quarterly,Low,"Simple control, bulk ordering"
21411,Segal's Fusion Chard/Colombd,750mL,8,10.52,2.104,61.66264159782074,C,Quarterly,Low,"Simple control, bulk ordering"
21412,Cesari Bardolino Chiaretto,750mL,90,5.29,1.058,291.66104054345084,C,Quarterly,Low,"Simple control, bulk ordering"
21413,Ch de Berne Rose,750mL,16,10.34,2.068,87.95989942670849,C,Quarterly,Low,"Simple control, bulk ordering"
21416,Round Hill Comm Man Wh Znfdl,750mL,24,4.05,0.81,172.13259316477408,C,Quarterly,Low,"Simple control, bulk ordering"
21419,Round Hill Comm Man Cab Svgn,750mL,36,5.47,1.094,181.4022165470701,C,Quarterly,Low,"Simple control, bulk ordering"
21420,Round Hill Common Man Chard,750mL,36,5.36,1.072,183.25416653445782,C,Quarterly,Low,"Simple control, bulk ordering"
21424,Tons de Durum Douro Red,750mL,11,8.1,1.62,82.40220541217403,C,Quarterly,Low,"Simple control, bulk ordering"
21426,Szigeti Gruner Velt Skt Brut,750mL,5,12.66,2.532,44.43786154513493,C,Quarterly,Low,"Simple control, bulk ordering"
21427,Verde Sole Chard,750mL,31,6.8,1.36,150.97720903188937,C,Quarterly,Low,"Simple control, bulk ordering"
21428,Verde Sole Petite Sirah,750mL,39,9.45,1.89,143.64860122855578,C,Quarterly,Low,"Simple control, bulk ordering"
21431,Ch Pape Clement Pess leognan,750mL,2,60.12,12.024000000000001,12.897053875568947,C,Quarterly,Low,"Simple control, bulk ordering"
21435,Ch Phelan Segur St Estephe,750mL,5,24.83,4.966,31.73084550693184,C,Quarterly,Low,"Simple control, bulk ordering"
21442,Chapoutier Cotes du Rhone R,750mL,44,8.66,1.7320000000000002,159.38681577809348,C,Quarterly,Low,"Simple control, bulk ordering"
21446,La Demoiselle Sociando Haut,750mL,1,17.0,3.4000000000000004,17.149858514250884,C,Quarterly,Low,"Simple control, bulk ordering"
21447,Ch Leoville Barton St Julien,750mL,2,59.99,11.998000000000001,12.911020450562603,C,Quarterly,Low,"Simple control, bulk ordering"
21449,Chateau d'Issan Margaux,750mL,7,36.23,7.2459999999999996,31.081348661411074,C,Quarterly,Low,"Simple control, bulk ordering"
21458,Ch Langoa Barton St Julien,750mL,1,45.63,9.126000000000001,10.467904883688794,C,Quarterly,Low,"Simple control, bulk ordering"
21461,Ch Rayne Vigneau Sauternes,750mL,4,39.99,7.998000000000001,22.36347538415741,C,Quarterly,Low,"Simple control, bulk ordering"
21463,Chateau Pontet Canet Pauilac,750mL,3,95.23,19.046000000000003,12.550433802782843,C,Quarterly,Low,"Simple control, bulk ordering"
21468,La Chapelle de la Mission Ha,750mL,2,54.48,10.896,13.548195365085121,C,Quarterly,Low,"Simple control, bulk ordering"
21469,St Supery Cab Svgn,750mL,352,19.6,3.9200000000000004,299.65967090575754,A,Weekly,High,"Tight control, frequent replenishment"
21471,Ch Haut Marbuzet St Estephe,750mL,1,30.32,6.064,12.841637423437852,C,Quarterly,Low,"Simple control, bulk ordering"
21473,Ch Malartic-Lagraviere Rouge,750mL,2,38.81,7.7620000000000005,16.051964057894892,C,Quarterly,Low,"Simple control, bulk ordering"
21475,Ch St Jean Cinq Cep Cab Svgn,750mL,2,55.17,11.034,13.463206528700322,C,Quarterly,Low,"Simple control, bulk ordering"
21481,Chateau Giscours Margaux,750mL,2,34.01,6.802,17.14733703242968,C,Quarterly,Low,"Simple control, bulk ordering"
21485,Ch Lynch Moussas Pauilac,750mL,14,23.22,4.644,54.90576062241803,C,Quarterly,Low,"Simple control, bulk ordering"
21502,Cambridge Chard Carneros,750mL,22,11.33,2.266,98.53292781642931,C,Quarterly,Low,"Simple control, bulk ordering"
21503,Cambrige Meritage Napa Vly,750mL,2,13.42,2.684,27.2975545216307,C,Quarterly,Low,"Simple control, bulk ordering"
21504,Ponte Vinho Verde,750mL,12,6.8,1.36,93.93364366277241,C,Quarterly,Low,"Simple control, bulk ordering"
21510,Mezzacorona Cab Svgn,1.5L,195,7.48,1.4960000000000002,361.03683133842134,C,Quarterly,Low,"Simple control, bulk ordering"
21517,Riunite Lambrusco Cuties,187mL,30,5.06,1.012,172.17511078754546,C,Quarterly,Low,"Simple control, bulk ordering"
21519,Copain Monument Tree Pnt Nr,750mL,1,32.89,6.578,12.329715777434853,C,Quarterly,Low,"Simple control, bulk ordering"
21520,Merriam Cuvee Pnt Nr RRV,750mL,11,16.12,3.224,58.411562810587306,C,Quarterly,Low,"Simple control, bulk ordering"
21526,Listel Grain de Gris Rose,750mL,12,6.66,1.332,94.91579957524989,C,Quarterly,Low,"Simple control, bulk ordering"
21529,Ch St Sulpice Rose 13,750mL,5,8.44,1.688,54.425043023013515,C,Quarterly,Low,"Simple control, bulk ordering"
21533,10 Span Pnt Nr CC,750mL,31,5.13,1.026,173.82297014855965,C,Quarterly,Low,"Simple control, bulk ordering"
21534,Broadbent Vinho Verde Rose,750mL,31,6.66,1.332,152.55580380068557,C,Quarterly,Low,"Simple control, bulk ordering"
21538,La Merika Cab Svgn CC,750mL,3,9.52,1.904,39.694209301872235,C,Quarterly,Low,"Simple control, bulk ordering"
21552,Vindicated Cab Svgn,750mL,108,12.9,2.58,204.59830184114205,C,Quarterly,Low,"Simple control, bulk ordering"
21561,Talley Vyds Chard,750mL,22,14.86,2.972,86.03733265877284,C,Quarterly,Low,"Simple control, bulk ordering"
21562,Talley Vyds Pnt Nr,750mL,10,19.35,3.8700000000000006,50.832856777534886,C,Quarterly,Low,"Simple control, bulk ordering"
21564,Folk Machine Parts & Labor R,750mL,2,10.4,2.08,31.008683647302114,C,Quarterly,Low,"Simple control, bulk ordering"
21573,Casal Garcia Vinho Verde Ros,750mL,97,4.76,0.952,319.203314993001,C,Quarterly,Low,"Simple control, bulk ordering"
21576,Chalk Hill Chard,750mL,129,11.91,2.382,232.714785272949,B,Monthly,Medium,Moderate control
21581,Epiphany Revelation,750mL,25,19.59,3.918,79.8799507632916,C,Quarterly,Low,"Simple control, bulk ordering"
21583,The Big Easy Red,750mL,16,15.48,3.096,71.88851546895894,C,Quarterly,Low,"Simple control, bulk ordering"
21592,Veuve du Vernay Brut Rose,750mL,6,6.7,1.34,66.91496051182058,C,Quarterly,Low,"Simple control, bulk ordering"
21593,Melini Orvieto Clsc Orzalume,750mL,1,5.51,1.102,30.123761656438894,C,Quarterly,Low,"Simple control, bulk ordering"
21595,Veuve du Vernay Sprklng Brut,750mL,136,3.54,0.7080000000000001,438.28118312360385,C,Quarterly,Low,"Simple control, bulk ordering"
21596,Siduri Pnt Nr Sonoma Cst,750mL,260,14.56,2.9120000000000004,298.80715233359837,B,Monthly,Medium,Moderate control
21609,Josh Cellars Legacy Red,750mL,522,9.58,1.9160000000000001,521.9603325220352,A,Weekly,High,"Tight control, frequent replenishment"
21614,Billette Bousquet Prov Rose,750mL,2,8.16,1.6320000000000001,35.00700210070025,C,Quarterly,Low,"Simple control, bulk ordering"
21615,Moonstone Coc Lemongras Sake,300mL,30,4.79,0.9580000000000001,176.9611259104872,C,Quarterly,Low,"Simple control, bulk ordering"
21616,Moonstone Plum Sake,300mL,3,1.31,0.262,107.00645625096325,C,Quarterly,Low,"Simple control, bulk ordering"
21617,Querry Cider,750mL,82,4.79,0.9580000000000001,292.56621397828326,C,Quarterly,Low,"Simple control, bulk ordering"
21622,Lima Loureiro Vino Verde DOC,750mL,9,5.8,1.16,88.08303292720552,C,Quarterly,Low,"Simple control, bulk ordering"
21625,Kirkland Signature Chard 12,750mL,1,10.66,2.132,21.6574040912105,C,Quarterly,Low,"Simple control, bulk ordering"
21627,Ferrari Carano Pnt Grigio,750mL,99,10.27,2.054,219.5418793903153,C,Quarterly,Low,"Simple control, bulk ordering"
21632,Simi Chard Sonoma Cty,375mL,4,7.38,1.476,52.05792062953535,C,Quarterly,Low,"Simple control, bulk ordering"
21634,Estancia Rsv Meritage Paso R,1.5L,5,30.4,6.08,28.67696673382022,C,Quarterly,Low,"Simple control, bulk ordering"
21645,Foxen Chard Block UU,750mL,5,18.82,3.7640000000000002,36.44686639668973,C,Quarterly,Low,"Simple control, bulk ordering"
21672,Peachy Canyon Westside Znfdl,750mL,47,11.33,2.266,144.01872978124163,C,Quarterly,Low,"Simple control, bulk ordering"
21673,Juan Gil Dry Wh Muscat Jumil,750mL,4,6.45,1.29,55.68460463897045,C,Quarterly,Low,"Simple control, bulk ordering"
21685,Cameron Hughes Cam Col Cab S,750mL,162,9.39,1.8780000000000001,293.7038999241769,C,Quarterly,Low,"Simple control, bulk ordering"
21686,Cameron Hughes Cam Coll Char,750mL,5,9.08,1.816,52.471935020139185,C,Quarterly,Low,"Simple control, bulk ordering"
21690,Kenwood Chard 12,750mL,187,5.55,1.11,410.44910582003763,C,Quarterly,Low,"Simple control, bulk ordering"
21691,Tracia Syrah,750mL,6,5.17,1.034,76.17550741785384,C,Quarterly,Low,"Simple control, bulk ordering"
21693,Chalk Hill Pnt Nr RRV,750mL,55,23.17,4.634,108.9440033077143,C,Quarterly,Low,"Simple control, bulk ordering"
21699,Terra de Touros White,750mL,142,2.39,0.47800000000000004,545.0423191891736,C,Quarterly,Low,"Simple control, bulk ordering"
21700,Ram Island Lavender Lemonade,500mL,23,4.05,0.81,168.50834320114555,C,Quarterly,Low,"Simple control, bulk ordering"
21711,Shardana Valli Di Porto Pino,750mL,3,16.66,3.3320000000000003,30.00600180060021,C,Quarterly,Low,"Simple control, bulk ordering"
21729,Santi Pinot Grigio Delle Ve,750mL,52,8.16,1.6320000000000001,178.50138682385415,C,Quarterly,Low,"Simple control, bulk ordering"
21730,Ch Les Ormes Saint-Julien,750mL,18,38.4,7.68,48.41229182759271,C,Quarterly,Low,"Simple control, bulk ordering"
21731,Ch Moulin de la Rose St-Juln,750mL,12,45.94,9.188,36.139332746385065,C,Quarterly,Low,"Simple control, bulk ordering"
21732,Terre du Lion Saint-Julien,750mL,12,25.97,5.194,48.06618463646094,C,Quarterly,Low,"Simple control, bulk ordering"
21733,Dom Fond Croze CdR Serra Grd,750mL,12,8.78,1.756,82.66627476821893,C,Quarterly,Low,"Simple control, bulk ordering"
21734,Gr Montmirail Muscat Venise,375mL,20,13.69,2.738,85.46696378833458,C,Quarterly,Low,"Simple control, bulk ordering"
21735,Millet Roger Sancerrre,750mL,95,17.56,3.512,164.46918828527245,C,Quarterly,Low,"Simple control, bulk ordering"
21737,Paul Hobbs Beckstoffer Cab S,750mL,1,120.8,24.16,6.433562658187235,C,Quarterly,Low,"Simple control, bulk ordering"
21750,Santos Sangria,1.5L,62,6.84,1.368,212.88879121950168,C,Quarterly,Low,"Simple control, bulk ordering"
21752,Flag Hill Cayuga White,750mL,170,7.58,1.516,334.8689343104656,C,Quarterly,Low,"Simple control, bulk ordering"
21761,Ch Riotor Rose Cotes de Prov,750mL,2,11.03,2.206,30.11010318298389,C,Quarterly,Low,"Simple control, bulk ordering"
21769,Eden Sparkling Cider,375mL,14,5.98,1.1960000000000002,108.1928168536576,C,Quarterly,Low,"Simple control, bulk ordering"
21783,Grape Time Winery Amarone,750mL,32,8.7,1.74,135.61270072416207,C,Quarterly,Low,"Simple control, bulk ordering"
21784,Grape Time Winery Rsl Granny,750mL,77,8.66,1.7320000000000002,210.84893840565059,C,Quarterly,Low,"Simple control, bulk ordering"
21789,Carpene Malvolti Sprklg Rose,750mL,21,13.69,2.738,87.57757700551163,C,Quarterly,Low,"Simple control, bulk ordering"
21795,Canyon Rd Cab Svgn,750mL,174,3.24,0.6480000000000001,518.1877251716008,C,Quarterly,Low,"Simple control, bulk ordering"
21813,Canyon Rd Chard,750mL,304,3.19,0.638,690.2818469387458,C,Quarterly,Low,"Simple control, bulk ordering"
21814,Hartford OV Znfdl RRV,750mL,7,21.19,4.238,40.64138913248679,C,Quarterly,Low,"Simple control, bulk ordering"
21824,Taken Red Napa,750mL,91,16.89,3.378,164.1310975102617,C,Quarterly,Low,"Simple control, bulk ordering"
21830,Buoncristiani Family Red OPC,750mL,2,32.25,6.45,17.609018126512474,C,Quarterly,Low,"Simple control, bulk ordering"
21831,Buoncristiani Family Chard,750mL,2,23.22,4.644,20.75242687882301,C,Quarterly,Low,"Simple control, bulk ordering"
21832,Dom Bousquet Cab Svgn Rsv,750mL,27,10.45,2.09,113.66028456361236,C,Quarterly,Low,"Simple control, bulk ordering"
21833,Frey Vyds Organic Blanc,750mL,2,8.78,1.756,33.74836535314135,C,Quarterly,Low,"Simple control, bulk ordering"
21834,Meiomi Chard,750mL,118,10.52,2.104,236.81986865572335,C,Quarterly,Low,"Simple control, bulk ordering"
21836,Merriam Pnt Nr Cuvee RRV,750mL,111,15.03,3.0060000000000002,192.1617748268131,B,Monthly,Medium,Moderate control
21837,Gerard Bertrand Gr Teroir Rd,750mL,8,8.21,1.6420000000000003,69.8004812759776,C,Quarterly,Low,"Simple control, bulk ordering"
21849,Attems Pnt Grigio Ramato,750mL,35,11.72,2.3440000000000003,122.19550161251628,C,Quarterly,Low,"Simple control, bulk ordering"
21854,Signorello's Cab Svgn Napa,750mL,4,41.09,8.218000000000002,22.062103984478718,C,Quarterly,Low,"Simple control, bulk ordering"
21859,Tiefenbrunner Pnt Grigio,750mL,277,8.49,1.6980000000000002,403.89738518845724,B,Monthly,Medium,Moderate control
21860,Le Grande Courtage Brut,750mL,1,10.96,2.192,21.358941442919022,C,Quarterly,Low,"Simple control, bulk ordering"
21861,Diseno Red Blend Mendoza,750mL,110,6.62,1.324,288.2387395840102,C,Quarterly,Low,"Simple control, bulk ordering"
21864,Dom Carneros Brut,750mL,185,15.23,3.0460000000000003,246.4455125911137,B,Monthly,Medium,Moderate control
21884,St Julien Rose CDR,750mL,38,2.36,0.472,283.74015326751197,C,Quarterly,Low,"Simple control, bulk ordering"
21951,Ruffino Aziano Chianti Clsc,750mL,573,8.27,1.654,588.5854992808813,B,Monthly,Medium,Moderate control
21957,Cooks Spumante,750mL,87,4.82,0.9640000000000001,300.4146511999734,C,Quarterly,Low,"Simple control, bulk ordering"
21959,Le Grande Courtage Brut,187mL,25,3.76,0.752,182.3312393723682,C,Quarterly,Low,"Simple control, bulk ordering"
21960,Le Grande Courtage Rose,187mL,36,4.02,0.8039999999999999,211.6036847575795,C,Quarterly,Low,"Simple control, bulk ordering"
21965,Marques de Caceres Blanco Wh,750mL,345,4.69,0.9380000000000002,606.4683321931093,B,Monthly,Medium,Moderate control
21975,Trim Cabernet Sauvignon,750mL,36,8.49,1.6980000000000002,145.607051434887,C,Quarterly,Low,"Simple control, bulk ordering"
21977,Massolino Barolo Margheria,750mL,7,45.2,9.040000000000001,27.82689855492057,C,Quarterly,Low,"Simple control, bulk ordering"
21979,Massolino Dolcetto D'Alba,750mL,26,11.64,2.3280000000000003,105.680579482349,C,Quarterly,Low,"Simple control, bulk ordering"
21980,Massolino Barolo Parussi,750mL,11,44.59,8.918000000000001,35.12065513531726,C,Quarterly,Low,"Simple control, bulk ordering"
21981,Massolino Barolo Serralunga,750mL,27,25.97,5.194,72.0992769546914,C,Quarterly,Low,"Simple control, bulk ordering"
21983,Massolino Barbera D'Alba,750mL,32,11.68,2.336,117.04114719613057,C,Quarterly,Low,"Simple control, bulk ordering"
21985,Menage a Trois Midnight,750mL,1681,6.59,1.318,1129.3437470220413,A,Weekly,High,"Tight control, frequent replenishment"
21992,Art of Eart Montepulciano d',750mL,74,5.26,1.052,265.2210499247635,C,Quarterly,Low,"Simple control, bulk ordering"
22000,Cooks Brut,1.5L,25,7.33,1.4660000000000002,130.58792441389255,C,Quarterly,Low,"Simple control, bulk ordering"
22004,Smashberry Red,750mL,68,3.91,0.782,294.88391230979425,C,Quarterly,Low,"Simple control, bulk ordering"
22007,Schmitt Sohne Auslese Michls,750mL,36,10.8,2.16,129.09944487358055,C,Quarterly,Low,"Simple control, bulk ordering"
22008,Schmitt Sohne Kabinett Mchls,750mL,15,8.78,1.756,92.4237049142066,C,Quarterly,Low,"Simple control, bulk ordering"
22010,LiDestri Red Sangria,1.5L,2,5.99,1.1980000000000002,40.85889232227184,C,Quarterly,Low,"Simple control, bulk ordering"
22012,Vieux Clocher Chateauneuf Du,750mL,6,23.8,4.760000000000001,35.50358012483631,C,Quarterly,Low,"Simple control, bulk ordering"
22014,Foss Marai Prosecco,750mL,96,9.93,1.986,219.85988397172508,C,Quarterly,Low,"Simple control, bulk ordering"
22016,Foss Marai Prosecco,187mL,23,4.44,0.8880000000000001,160.93756833288148,C,Quarterly,Low,"Simple control, bulk ordering"
22019,Mumm Napa Brut Rose,750mL,328,9.73,1.9460000000000002,410.5494776355766,B,Monthly,Medium,Moderate control
22022,Lower East Side Cab Svgn,750mL,22,21.91,4.382000000000001,70.85575888284907,C,Quarterly,Low,"Simple control, bulk ordering"
22027,Jacobs Crk Cab Svgn,750mL,153,4.79,0.9580000000000001,399.6344885340694,C,Quarterly,Low,"Simple control, bulk ordering"
22028,Gramercy Clrs Grenache,750mL,24,34.01,6.802,59.40011790935108,C,Quarterly,Low,"Simple control, bulk ordering"
22032,Hob Nob Wicked Red Ltd Ed,750mL,2,6.53,1.306,39.13302400974161,C,Quarterly,Low,"Simple control, bulk ordering"
22043,Five Oaks Wh Moscato,750mL,36,2.54,0.508,266.2069528248341,C,Quarterly,Low,"Simple control, bulk ordering"
22047,Woodwork Pnt Nr,750mL,184,6.49,1.298,376.50570850414675,C,Quarterly,Low,"Simple control, bulk ordering"
22048,Maggy Hawk Afleet Pnt Nr,750mL,3,35.94,7.188,20.42944616113592,C,Quarterly,Low,"Simple control, bulk ordering"
22050,Maggy Hawk Stormin Pnt Nr,750mL,3,37.92,7.5840000000000005,19.888932104393252,C,Quarterly,Low,"Simple control, bulk ordering"
22055,The Girls in the Vineyard Wh,750mL,2,11.61,2.322,29.34836354418746,C,Quarterly,Low,"Simple control, bulk ordering"
22057,Le Macchiole Bolgheri Rosso,750mL,13,17.41,3.482,61.102262658680154,C,Quarterly,Low,"Simple control, bulk ordering"
22073,Opus One 11,750mL,1,156.46,31.292,5.65305667096743,C,Quarterly,Low,"Simple control, bulk ordering"
22075,Kesselstatt Piesporter Gold,750mL,19,20.4,4.08,68.24121002076413,C,Quarterly,Low,"Simple control, bulk ordering"
22077,C Y Toro Casa Diablo Chard,750mL,62,6.07,1.2140000000000002,225.98858421985292,C,Quarterly,Low,"Simple control, bulk ordering"
22079,C Y Toro Casa Diblo Cab Svgn,750mL,521,4.59,0.918,753.3512635959773,B,Monthly,Medium,Moderate control
22086,Queens Peak Cab Svgn Sonoma,750mL,12,9.33,1.866,80.19269397646255,C,Quarterly,Low,"Simple control, bulk ordering"
22087,Juxtapoz Red North Cst,750mL,44,13.79,2.758,126.30751979850793,C,Quarterly,Low,"Simple control, bulk ordering"
22092,Latour L'Ardeche Chard,750mL,2,8.1,1.62,35.136418446315325,C,Quarterly,Low,"Simple control, bulk ordering"
22097,Hacienda Haro Lopez Cri Rsva,750mL,6,9.33,1.866,56.70479771237427,C,Quarterly,Low,"Simple control, bulk ordering"
22105,Castello Di Cacchiano Chiant,750mL,3,26.66,5.332000000000001,23.720047642554203,C,Quarterly,Low,"Simple control, bulk ordering"
22107,Emmolo Merlot,750mL,5,39.99,7.998000000000001,25.003125586059596,C,Quarterly,Low,"Simple control, bulk ordering"
22108,Emmolo Svgn Blanc,750mL,4,9.08,1.816,46.93232544639321,C,Quarterly,Low,"Simple control, bulk ordering"
22119,Don Simon Selecion Chard,750mL,6,3.24,0.6480000000000001,96.22504486493762,C,Quarterly,Low,"Simple control, bulk ordering"
22120,Don Simon Selecion Shiraz,750mL,1,3.24,0.6480000000000001,39.2837100659193,C,Quarterly,Low,"Simple control, bulk ordering"
22143,Simi Cab Svgn,750mL,2887,10.52,2.104,1171.387335160059,A,Weekly,High,"Tight control, frequent replenishment"
22168,Tangent Pnt Gris,750mL,62,7.43,1.486,204.26146387863076,C,Quarterly,Low,"Simple control, bulk ordering"
22170,Bone Shaker Znfdl,750mL,72,13.07,2.6140000000000003,165.9638330453731,C,Quarterly,Low,"Simple control, bulk ordering"
22171,Lucienne Smith Vyd Pnt Nr,750mL,1,31.03,6.206,12.693871989191834,C,Quarterly,Low,"Simple control, bulk ordering"
22173,Lucienne Doctor's Vyd Pnt Nr,750mL,2,29.65,5.93,18.36486123448497,C,Quarterly,Low,"Simple control, bulk ordering"
22174,QM Alvarinho White,750mL,19,13.69,2.738,83.3028919320132,C,Quarterly,Low,"Simple control, bulk ordering"
22192,Placido Chianti,1.5L,203,7.23,1.4460000000000002,374.68289958583244,C,Quarterly,Low,"Simple control, bulk ordering"
22194,Placido Pinot Grigio Venezi,1.5L,465,7.48,1.4960000000000002,557.5202929090093,B,Monthly,Medium,Moderate control
22195,Placido Pinot Grigio Venezi,750mL,6,5.33,1.066,75.02344849205329,C,Quarterly,Low,"Simple control, bulk ordering"
22201,Tormaresca Primitivo,750mL,1,8.21,1.6420000000000003,24.6781968201642,C,Quarterly,Low,"Simple control, bulk ordering"
22207,Star Insolia Chard,750mL,4,10.73,2.1460000000000004,43.17328917763455,C,Quarterly,Low,"Simple control, bulk ordering"
22222,LaLuca Prosecco,750mL,117,7.28,1.4560000000000002,283.4733547569204,C,Quarterly,Low,"Simple control, bulk ordering"
22225,Gifft Chardonnay,750mL,2,8.05,1.6100000000000003,35.245368842512065,C,Quarterly,Low,"Simple control, bulk ordering"
22227,Gifft Red Blend,750mL,15,6.49,1.298,107.49995520836133,C,Quarterly,Low,"Simple control, bulk ordering"
22228,Luiano Ottantuno Chianti,750mL,5,27.15,5.43,30.344856451720226,C,Quarterly,Low,"Simple control, bulk ordering"
22230,Glam Prosecco,750mL,62,8.96,1.7920000000000003,186.00595228571123,C,Quarterly,Low,"Simple control, bulk ordering"
22234,Casalini Monteplciano D'Abrz,750mL,12,4.79,0.9580000000000001,111.9200430369955,C,Quarterly,Low,"Simple control, bulk ordering"
22263,Volker Eisele Family Est Cab,750mL,1,32.46,6.492000000000001,12.41111341865908,C,Quarterly,Low,"Simple control, bulk ordering"
22264,Cuttings Red,750mL,24,33.11,6.622,60.20201569756727,C,Quarterly,Low,"Simple control, bulk ordering"
22270,Markham Cab Svgn,750mL,41,27.02,5.404,87.10322963518259,C,Quarterly,Low,"Simple control, bulk ordering"
22275,Markham Merlot,750mL,201,14.93,2.986,259.4496726127981,B,Monthly,Medium,Moderate control
22279,Cruz Garcia Real Sangria Rd,750mL,8,4.45,0.8900000000000001,94.80909262799544,C,Quarterly,Low,"Simple control, bulk ordering"
22289,Pichot Dom Moriette Vouvray,750mL,124,8.84,1.768,264.83154382802445,C,Quarterly,Low,"Simple control, bulk ordering"
22291,Locations E Red Spanish,750mL,53,11.4,2.2800000000000002,152.46512399590839,C,Quarterly,Low,"Simple control, bulk ordering"
22294,The Calling Pnt Nr RRV,750mL,35,17.23,3.446,100.78047144293387,C,Quarterly,Low,"Simple control, bulk ordering"
22297,Zorvino Vyds Pearz,750mL,110,6.75,1.35,285.44961285922506,C,Quarterly,Low,"Simple control, bulk ordering"
22298,Zorvino Vyds Sangiovese,750mL,33,8.06,1.612,143.07852396446896,C,Quarterly,Low,"Simple control, bulk ordering"
22318,Lecciaia Brunello M Reserve,750mL,32,27.92,5.5840000000000005,75.70111641044645,C,Quarterly,Low,"Simple control, bulk ordering"
22324,Hillinger Leitheberg Blaufra,750mL,3,19.73,3.946,27.572877217175787,C,Quarterly,Low,"Simple control, bulk ordering"
22326,Saved Red,750mL,33,13.42,2.684,110.88319064318593,C,Quarterly,Low,"Simple control, bulk ordering"
22336,EnRoute Pnt Nr,750mL,26,36.18,7.236000000000001,59.94285098483521,C,Quarterly,Low,"Simple control, bulk ordering"
22337,Maison L'Envoye The Attache,750mL,14,24.66,4.932,53.27856068238002,C,Quarterly,Low,"Simple control, bulk ordering"
22338,Maison L'Envoye Two Messenge,750mL,39,17.1,3.4200000000000004,106.7872125861979,C,Quarterly,Low,"Simple control, bulk ordering"
22339,Heartland Spice Trader Sh/CS,750mL,60,9.08,1.816,181.76811485266745,C,Quarterly,Low,"Simple control, bulk ordering"
22340,Gerard Bertrand Languedoc Rg,750mL,85,7.14,1.428,243.9750182371333,C,Quarterly,Low,"Simple control, bulk ordering"
22344,Rioja Bordon Rsva Tempranllo,750mL,217,9.99,1.9980000000000002,329.55820215647583,B,Monthly,Medium,Moderate control
22345,Rioja Bordon Gran Rsva Tempr,750mL,1,14.83,2.966,18.36176507645327,C,Quarterly,Low,"Simple control, bulk ordering"
22352,Terlato Fmly Vyd Angels Peak,750mL,16,22.72,4.544,59.33908290969267,C,Quarterly,Low,"Simple control, bulk ordering"
22353,Dylan's Ghost Hell Hollow CS,750mL,32,30.51,6.102,72.4167262124758,C,Quarterly,Low,"Simple control, bulk ordering"
22355,Wairau River Svgn Bl,750mL,12,10.32,2.064,76.24928516630233,C,Quarterly,Low,"Simple control, bulk ordering"
22358,Seifried Nelson Svgn Blanc,750mL,2,11.03,2.206,30.11010318298389,C,Quarterly,Low,"Simple control, bulk ordering"
22361,Ecco Domani Prosecco,750mL,162,3.24,0.6480000000000001,499.99999999999994,C,Quarterly,Low,"Simple control, bulk ordering"
22362,Barefoot Bubbly Peach Fusion,750mL,162,6.45,1.29,354.374653931171,C,Quarterly,Low,"Simple control, bulk ordering"
22363,Andre Moscato,750mL,1,3.56,0.7120000000000001,37.476584449793066,C,Quarterly,Low,"Simple control, bulk ordering"
22367,Ch Massiac Viognier,750mL,27,9.93,1.986,116.59831115047076,C,Quarterly,Low,"Simple control, bulk ordering"
22385,Lake Chalice Cracklin Savie,750mL,1,11.1,2.22,21.223817998900444,C,Quarterly,Low,"Simple control, bulk ordering"
22387,Gnarly Head Authentic Black,750mL,262,6.62,1.324,444.8428895403661,B,Monthly,Medium,Moderate control
22389,Villa Cornaro Prosecco,187mL,97,3.37,0.674,379.36382793643827,C,Quarterly,Low,"Simple control, bulk ordering"
22396,Allegrini Dedicato A Walter,750mL,2,58.06,11.612000000000002,13.12385683882104,C,Quarterly,Low,"Simple control, bulk ordering"
22397,Allegrini Solosole Vermentin,750mL,11,11.03,2.206,70.61445124968863,C,Quarterly,Low,"Simple control, bulk ordering"
22398,Allegrini Sondraia,750mL,6,34.01,6.802,29.70005895467554,C,Quarterly,Low,"Simple control, bulk ordering"
22399,Truchard Vyds The Shepard Rd,750mL,3,13.15,2.6300000000000003,33.774019758482815,C,Quarterly,Low,"Simple control, bulk ordering"
22407,Three Wishes Chard,750mL,1,2.25,0.45,47.14045207910317,C,Quarterly,Low,"Simple control, bulk ordering"
22413,Harthill Farms Cab Svgn,750mL,127,2.49,0.49800000000000005,504.9951290074837,C,Quarterly,Low,"Simple control, bulk ordering"
22416,Layer Cake Sea of Stones Red,750mL,109,10.45,2.09,228.37055424867475,C,Quarterly,Low,"Simple control, bulk ordering"
22418,Pizzolato Moscato,750mL,4,9.58,1.9160000000000001,45.69116623849538,C,Quarterly,Low,"Simple control, bulk ordering"
22421,Marchesi di Barolo Monferrat,750mL,1,8.72,1.7440000000000002,23.945657130528783,C,Quarterly,Low,"Simple control, bulk ordering"
22438,Ch Fuisse Pouilly Fuisse 12,750mL,16,34.24,6.848000000000001,48.336824452283174,C,Quarterly,Low,"Simple control, bulk ordering"
22439,S Aviron Cd Brouilly 12 Viel,750mL,4,12.25,2.45,40.40610178208843,C,Quarterly,Low,"Simple control, bulk ordering"
22440,S Aviron 12 Fleurie Madrieir,750mL,3,14.86,2.972,31.77139067055956,C,Quarterly,Low,"Simple control, bulk ordering"
22441,Omaka Springs Svgn Bl,750mL,175,10.06,2.012,294.92055067886275,B,Monthly,Medium,Moderate control
22447,Pizzolato Pnt Grigio,750mL,2039,4.72,0.944,1469.6794300522288,A,Weekly,High,"Tight control, frequent replenishment"
22448,Jam Cab Svgn,750mL,15,13.99,2.798,73.21865966367426,C,Quarterly,Low,"Simple control, bulk ordering"
22449,Bota Brick Pnt Grigio,1.5L,3,6.66,1.332,47.457899787624946,C,Quarterly,Low,"Simple control, bulk ordering"
22450,Bota Brick Cab Svgn,1.5L,5,6.7,1.34,61.08472217815261,C,Quarterly,Low,"Simple control, bulk ordering"
22451,Bota Brick Chard,1.5L,1,6.66,1.332,27.399831217559548,C,Quarterly,Low,"Simple control, bulk ordering"
22456,L'Ecole No 41 Red Columbia V,750mL,11,13.81,2.7620000000000005,63.10801287412773,C,Quarterly,Low,"Simple control, bulk ordering"
22471,Dom Specht Rsl Alsace,750mL,12,11.48,2.2960000000000003,72.29440390678198,C,Quarterly,Low,"Simple control, bulk ordering"
22475,MSH Cellars Svgn Bl Napa Vly,750mL,99,8.21,1.6420000000000003,245.54495806507913,C,Quarterly,Low,"Simple control, bulk ordering"
22477,Mionetto IL Moscato,750mL,2,8.49,1.6980000000000002,34.31991115272901,C,Quarterly,Low,"Simple control, bulk ordering"
22478,Mionetto IL Lambrusco Sprklg,750mL,1,9.58,1.9160000000000001,22.84558311924769,C,Quarterly,Low,"Simple control, bulk ordering"
22508,Blindfold White,750mL,32,20.68,4.136,87.95989942670849,C,Quarterly,Low,"Simple control, bulk ordering"
22509,Alderbrook Pnt Nr RRV,750mL,317,12.07,2.414,362.3773111808434,B,Monthly,Medium,Moderate control
22515,Justin Vyds 13 Svgn Bl C Cst,750mL,183,8.78,1.756,322.82212285844616,B,Monthly,Medium,Moderate control
22517,J Lohr Cypress Cab Svgn,750mL,57,5.91,1.1820000000000002,219.5981563078504,C,Quarterly,Low,"Simple control, bulk ordering"
22524,Dry Creek Vyds Est Block 10,750mL,38,18.82,3.7640000000000002,100.47707665457801,C,Quarterly,Low,"Simple control, bulk ordering"
22531,BV Coastal Estate Chard,750mL,99,6.16,1.2320000000000002,283.4733547569204,C,Quarterly,Low,"Simple control, bulk ordering"
22533,Jadot Marsannay Clos Roy 12,750mL,4,23.02,4.604,29.475578546806904,C,Quarterly,Low,"Simple control, bulk ordering"
22534,Jadot Fixin 12,750mL,1,22.72,4.544,14.834770727423168,C,Quarterly,Low,"Simple control, bulk ordering"
22543,Jadot Santenay Clos Rous 12,750mL,1,23.48,4.696000000000001,14.592710135444474,C,Quarterly,Low,"Simple control, bulk ordering"
22547,Jadot Savigny Narbantons 12,750mL,1,22.57,4.514,14.883984964325055,C,Quarterly,Low,"Simple control, bulk ordering"
22549,Jadot Savigny Les Beaune 12,750mL,1,23.33,4.6659999999999995,14.639546813491698,C,Quarterly,Low,"Simple control, bulk ordering"
22556,Piccini Chianti,750mL,12,7.94,1.588,86.9291381699617,C,Quarterly,Low,"Simple control, bulk ordering"
22566,LaBelle Winery 2013 Dry Rsl,750mL,90,9.14,1.8280000000000003,221.88766452283022,C,Quarterly,Low,"Simple control, bulk ordering"
22567,Our Daily Red Cab Svgn,750mL,4,3.21,0.642,78.93370379638584,C,Quarterly,Low,"Simple control, bulk ordering"
22568,Beringer The Waymaker Red,750mL,32,17.0,3.4000000000000004,97.01425001453318,C,Quarterly,Low,"Simple control, bulk ordering"
22569,Bota Box Svgn Bl,3L,174,11.72,2.3440000000000003,272.4556512742263,B,Monthly,Medium,Moderate control
22583,Cambria Julias Vyd Pnt Nr,750mL,263,13.6,2.72,310.9520485068208,B,Monthly,Medium,Moderate control
22584,Cambria Katherines Chard,750mL,284,11.91,2.382,345.29341129313735,B,Monthly,Medium,Moderate control
22593,The Divining Rod Red,750mL,124,7.58,1.516,285.99684482640646,C,Quarterly,Low,"Simple control, bulk ordering"
22596,Erath Leland Pnt Nr,750mL,6,25.51,5.102,34.292993571213124,C,Quarterly,Low,"Simple control, bulk ordering"
22597,Erath Prince Hill Pnt Nr,750mL,2,24.99,4.998,20.00400120040014,C,Quarterly,Low,"Simple control, bulk ordering"
22599,Antica Fratta Franciacorta B,750mL,4,18.91,3.782,32.521400024371864,C,Quarterly,Low,"Simple control, bulk ordering"
22600,Jos Phelps Insignia 11,1.5L,2,236.84,47.368,6.497891776122492,C,Quarterly,Low,"Simple control, bulk ordering"
22617,Viberti Barbera D'Alba Gemel,750mL,38,6.8,1.36,167.15614398097438,C,Quarterly,Low,"Simple control, bulk ordering"
22619,Promesses de France CdRhone,750mL,5,5.51,1.102,67.35877880179903,C,Quarterly,Low,"Simple control, bulk ordering"
22621,A Bichot Adelie Mercury,750mL,3,22.81,4.562,25.643835770426485,C,Quarterly,Low,"Simple control, bulk ordering"
22624,A Bichot Merc Champs M,750mL,11,28.1,5.620000000000001,44.24133105666556,C,Quarterly,Low,"Simple control, bulk ordering"
22625,True Myth Cab,750mL,5,6.19,1.2380000000000002,63.55133525935684,C,Quarterly,Low,"Simple control, bulk ordering"
22629,Ryan Patrick Ryan's Rsl,750mL,12,7.84,1.568,87.48177652797065,C,Quarterly,Low,"Simple control, bulk ordering"
22630,Ryan Patrick Rsv Cab,750mL,2,20.54,4.108,22.06478908203439,C,Quarterly,Low,"Simple control, bulk ordering"
22632,Buil & Gine Montsant 17X1,750mL,38,7.48,1.4960000000000002,159.37712984840886,C,Quarterly,Low,"Simple control, bulk ordering"
22643,Chartron Trebuchet Puligny,750mL,2,42.85,8.57,15.276525413351825,C,Quarterly,Low,"Simple control, bulk ordering"
22644,Gaston & Ravaut Bourgn Chard,750mL,4,18.91,3.782,32.521400024371864,C,Quarterly,Low,"Simple control, bulk ordering"
22645,Gaston & Ravaut Bourgog Vlg,750mL,14,22.36,4.472,55.95167861550416,C,Quarterly,Low,"Simple control, bulk ordering"
22646,Guillaume Vrignaud Chablis,750mL,3,16.77,3.354,29.90743022772896,C,Quarterly,Low,"Simple control, bulk ordering"
22648,San Felice Il Grigio Gr Sel,750mL,12,24.99,4.998,48.999595755002524,C,Quarterly,Low,"Simple control, bulk ordering"
22649,San Felice Campogiovanni Bru,750mL,13,33.55,6.71,44.015984090323855,C,Quarterly,Low,"Simple control, bulk ordering"
22653,Esser Vyds Chard,750mL,2,8.96,1.7920000000000003,33.40765523905305,C,Quarterly,Low,"Simple control, bulk ordering"
22657,Iron Horse Est Chard,750mL,2,19.59,3.918,22.59346194622841,C,Quarterly,Low,"Simple control, bulk ordering"
22661,Iron Horse Est Brut Rose,750mL,1,30.82,6.164000000000001,12.737045052816692,C,Quarterly,Low,"Simple control, bulk ordering"
22662,Trefethen Chard Napa,750mL,57,21.19,4.238,115.973016014957,C,Quarterly,Low,"Simple control, bulk ordering"
22665,Trefethen Cab Svgn,750mL,25,35.56,7.112000000000001,59.289000681406115,C,Quarterly,Low,"Simple control, bulk ordering"
22671,Round Hill Chard,1.5L,30,9.14,1.8280000000000003,128.1069028421134,C,Quarterly,Low,"Simple control, bulk ordering"
22672,Mumm Brut Cve Napa,187mL,6,4.56,0.9119999999999999,81.11071056538127,C,Quarterly,Low,"Simple control, bulk ordering"
22675,For A Song  The Score,750mL,128,5.33,1.066,346.518465459368,C,Quarterly,Low,"Simple control, bulk ordering"
22696,Delish Svgn Bl,750mL,42,6.66,1.332,177.57120130114436,C,Quarterly,Low,"Simple control, bulk ordering"
22697,Girard Old Vine Znfdl,750mL,64,10.46,2.092,174.90778777865043,C,Quarterly,Low,"Simple control, bulk ordering"
22702,Peter Michael Danseuse Pnt N,750mL,18,68.24,13.648,36.31631259331193,C,Quarterly,Low,"Simple control, bulk ordering"
22703,Carne Humana Red,750mL,12,23.33,4.6659999999999995,50.71287776150136,C,Quarterly,Low,"Simple control, bulk ordering"
22725,Adelsheim Chard Willmete Vly,750mL,12,11.76,2.352,71.42857142857143,C,Quarterly,Low,"Simple control, bulk ordering"
22757,Black Opal Cshmre Cab/Merlot,750mL,87,4.82,0.9640000000000001,300.4146511999734,C,Quarterly,Low,"Simple control, bulk ordering"
22758,Copain Tous Ensemble 12 Chrd,750mL,441,10.45,2.09,459.35257122279745,B,Monthly,Medium,Moderate control
22765,Renacer Red Mendoza,750mL,7,40.81,8.162,29.285370632871135,C,Quarterly,Low,"Simple control, bulk ordering"
22768,Stags Leap Hand of Time Red,750mL,12,15.99,3.1980000000000004,61.25638918316888,C,Quarterly,Low,"Simple control, bulk ordering"
22778,Orestiadi Ludovico,750mL,2,19.04,3.808,22.917462425705285,C,Quarterly,Low,"Simple control, bulk ordering"
22781,Rage Znfdl,750mL,1,37.74,7.548000000000001,11.51023138790327,C,Quarterly,Low,"Simple control, bulk ordering"
22789,Bolla Prosecco 3pk/187mls,187mL 3 Pk,22,10.34,2.068,103.14212462587933,C,Quarterly,Low,"Simple control, bulk ordering"
22793,Kenwood Yulupa Pnt Nr,750mL,12,6.2,1.2400000000000002,98.37387536759293,C,Quarterly,Low,"Simple control, bulk ordering"
22798,Elk Cove La Boheme Pnt Nr,750mL,9,31.33,6.266,37.89885239801462,C,Quarterly,Low,"Simple control, bulk ordering"
22799,Farmers of Wine Italian Red,750mL,4,9.65,1.9300000000000002,45.525145360598536,C,Quarterly,Low,"Simple control, bulk ordering"
22801,Fetzer Valley Oaks Cab Svgn,1.5L,437,6.57,1.314,576.690816925086,B,Monthly,Medium,Moderate control
22808,Honeymaker Spiced Mead,375mL,10,8.38,1.6760000000000002,77.24368655218261,C,Quarterly,Low,"Simple control, bulk ordering"
22809,Opici Toscano Twist Neck 12,750mL,13,7.84,1.568,91.05391988558544,C,Quarterly,Low,"Simple control, bulk ordering"
22813,Angels Landing Cab Svgn,750mL,8,12.98,2.596,55.51273816533689,C,Quarterly,Low,"Simple control, bulk ordering"
22819,Rozes Infanta Isabel 10 Yr,750mL,15,15.86,3.172,68.76683560916084,C,Quarterly,Low,"Simple control, bulk ordering"
22820,Rozes Vintage 2000 Old Port,750mL,5,27.74,5.548,30.020420831610497,C,Quarterly,Low,"Simple control, bulk ordering"
22821,Corvo Pnt Grigio,750mL,18,6.89,1.3780000000000001,114.2908976639189,C,Quarterly,Low,"Simple control, bulk ordering"
22822,Corvo Pnt Nr,750mL,40,8.21,1.6420000000000003,156.07862099528717,C,Quarterly,Low,"Simple control, bulk ordering"
22828,Beaux Freres Vyds Pnt Nr,750mL,7,59.2,11.840000000000002,24.314938128981865,C,Quarterly,Low,"Simple control, bulk ordering"
22830,Beaux Freres Pnt Nr Will Vly,750mL,19,39.73,7.946,48.89928625578491,C,Quarterly,Low,"Simple control, bulk ordering"
22831,Grady Family Vyds Znfdl,750mL,24,9.08,1.816,114.9602497859021,C,Quarterly,Low,"Simple control, bulk ordering"
22836,Veracruz Joven Verdejo,750mL,1,7.89,1.578,25.173668017796203,C,Quarterly,Low,"Simple control, bulk ordering"
22838,Vinchio Vaglio Barbera,750mL,14,7.43,1.486,97.06320178790197,C,Quarterly,Low,"Simple control, bulk ordering"
22841,Banfi Poggio Alle Mura Rsva,750mL,4,64.93,12.986000000000002,17.550613262049225,C,Quarterly,Low,"Simple control, bulk ordering"
22842,Corral De Peidra Cab Svgn,750mL,107,7.28,1.4560000000000002,271.08856668810466,C,Quarterly,Low,"Simple control, bulk ordering"
22854,Vega Sindoa Cab Svgn Navarra,750mL,37,8.27,1.654,149.5660793492242,C,Quarterly,Low,"Simple control, bulk ordering"
22858,Canary Hill Vyd Pnt Nr,375mL,1,18.7,3.74,16.351748504193214,C,Quarterly,Low,"Simple control, bulk ordering"
22860,Graham's Six Grapes Gift Pk,750mL,20,12.25,2.45,90.35079029052513,C,Quarterly,Low,"Simple control, bulk ordering"
22863,Vino Dious Gruner Veltlnr 13,750mL,4,8.05,1.6100000000000003,49.844478627922676,C,Quarterly,Low,"Simple control, bulk ordering"
22864,Vino Dious Chard 13,750mL,3,8.72,1.7440000000000002,41.475094770699826,C,Quarterly,Low,"Simple control, bulk ordering"
22865,Vino Dious Welch Rsl 13,750mL,6,7.99,1.598,61.27555276542502,C,Quarterly,Low,"Simple control, bulk ordering"
22866,Vino Dious Cab Svgn Rose 13,750mL,6,8.78,1.756,58.453883464038,C,Quarterly,Low,"Simple control, bulk ordering"
22867,Vino Dious Cab Svgn 11,750mL,3,9.52,1.904,39.694209301872235,C,Quarterly,Low,"Simple control, bulk ordering"
22883,Citra Trebbiano D'Abruzzo,1.5L,52,7.48,1.4960000000000002,186.4386180188269,C,Quarterly,Low,"Simple control, bulk ordering"
22898,Dona Paula Est Red Blend,750mL,10,8.05,1.6100000000000003,78.81104062391006,C,Quarterly,Low,"Simple control, bulk ordering"
22899,Simi Svgn Bl,750mL,2968,6.53,1.306,1507.5105489283212,A,Weekly,High,"Tight control, frequent replenishment"
22901,Hermann J Wiemer Dry Rsl,750mL,31,12.32,2.4640000000000004,112.16580954626427,C,Quarterly,Low,"Simple control, bulk ordering"
22902,Hermann J Wiemer Semi Dry Rs,750mL,31,11.1,2.22,118.16921749746828,C,Quarterly,Low,"Simple control, bulk ordering"
22903,Banfi Sangiovese CollePino,750mL,554,5.4,1.08,716.2143275325919,B,Monthly,Medium,Moderate control
22905,Mercer Canyons Chard,750mL,50,4.65,0.9300000000000002,231.86944788008412,C,Quarterly,Low,"Simple control, bulk ordering"
22906,Mercer Canyons Red,750mL,19,3.87,0.774,156.67738706517625,C,Quarterly,Low,"Simple control, bulk ordering"
22914,Mount Veeder Cab Svgn,750mL,114,19.86,3.972,169.41341843080457,B,Monthly,Medium,Moderate control
22918,Blossom Hill Merlot,1.5L,12,7.38,1.476,90.16696346674323,C,Quarterly,Low,"Simple control, bulk ordering"
22919,Complicated Pnt Nr,750mL,36,12.92,2.584,118.03342130469505,C,Quarterly,Low,"Simple control, bulk ordering"
22922,Patricius Tokaj Furmint,750mL,8,12.32,2.4640000000000004,56.98028822981897,C,Quarterly,Low,"Simple control, bulk ordering"
22923,Patricius Tokaj Harslevelu,750mL,9,12.24,2.4480000000000004,60.63390625908324,C,Quarterly,Low,"Simple control, bulk ordering"
22924,Patricius Sarga Muskotaly,750mL,3,12.16,2.4320000000000004,35.121967934313524,C,Quarterly,Low,"Simple control, bulk ordering"
22927,Paydirt Svgn Blanc,750mL,6,9.65,1.9300000000000002,55.756688299749655,C,Quarterly,Low,"Simple control, bulk ordering"
22928,Desert Wind Ruah Red,750mL,6,12.83,2.5660000000000003,48.355658204976145,C,Quarterly,Low,"Simple control, bulk ordering"
22934,Carol Shelton Rocky Rsv Znfd,750mL,3,22.6,4.5200000000000005,25.762701996477233,C,Quarterly,Low,"Simple control, bulk ordering"
22935,Adelsheim Bryan Creek Pnt Nr,750mL,4,46.66,9.331999999999999,20.703445650635786,C,Quarterly,Low,"Simple control, bulk ordering"
22937,Tranzind Red Blend,750mL,20,8.55,1.7100000000000002,108.14761408717503,C,Quarterly,Low,"Simple control, bulk ordering"
22938,Black Stallion Carnrs Pnt Nr,750mL,100,12.74,2.548,198.10721293758183,C,Quarterly,Low,"Simple control, bulk ordering"
22939,Lynch Bages 09 Pauillac,1.5L,1,442.56,88.512,3.3612353546252804,C,Quarterly,Low,"Simple control, bulk ordering"
22941,Haut-Bailly Pessc Leognan 06,1.5L,2,225.15,45.03,6.664445554938632,C,Quarterly,Low,"Simple control, bulk ordering"
22942,Clos de Marquis 09 St Julien,1.5L,4,161.37,32.274,11.132779268696686,C,Quarterly,Low,"Simple control, bulk ordering"
22943,D'Armailhac Pauillac 05,1.5L,3,188.43,37.686,8.922172292343678,C,Quarterly,Low,"Simple control, bulk ordering"
22944,Talbot St Julien 10,1.5L,1,165.58,33.11600000000001,5.495169122202159,C,Quarterly,Low,"Simple control, bulk ordering"
22950,Pierre Andre Chablis,750mL,7,18.61,3.722,43.36714535310548,C,Quarterly,Low,"Simple control, bulk ordering"
22951,Pierre Andre Meursault,750mL,13,35.17,7.034000000000001,42.99030182042592,C,Quarterly,Low,"Simple control, bulk ordering"
22957,Guigal Cote Rotie Br et Blnd,750mL,8,42.48,8.496,30.685820596610778,C,Quarterly,Low,"Simple control, bulk ordering"
22958,Cavit Select Red Blend,750mL,2,4.57,0.9140000000000001,46.77802697249879,C,Quarterly,Low,"Simple control, bulk ordering"
22963,Phillipine de St-Cyrille CdP,750mL,242,16.55,3.3100000000000005,270.39190534729653,B,Monthly,Medium,Moderate control
22966,Adelsheim Auxerrois Ribbon S,750mL,6,14.86,2.972,44.93153158175935,C,Quarterly,Low,"Simple control, bulk ordering"
22968,Klinker Brick Marisa Znfdl,750mL,20,23.33,4.6659999999999995,65.47004366951575,C,Quarterly,Low,"Simple control, bulk ordering"
22970,Bluegray Priorat DOQ,750mL,2,11.68,2.336,29.26028679903264,C,Quarterly,Low,"Simple control, bulk ordering"
23014,Marietta Clrs Angeli Cuvee,750mL,7,17.23,3.446,45.07039699017529,C,Quarterly,Low,"Simple control, bulk ordering"
23021,Jarhead Red,750mL,9,9.08,1.816,70.39848816958981,C,Quarterly,Low,"Simple control, bulk ordering"
23022,Jarhead Chard,750mL,22,8.38,1.6760000000000002,114.57090226919766,C,Quarterly,Low,"Simple control, bulk ordering"
23024,Louis de Sacy Brut Gr Cru,750mL,1,35.33,7.066,11.89633494688226,C,Quarterly,Low,"Simple control, bulk ordering"
23025,Carlo Rossi Red Sangria Cal,4L,12,10.2,2.04,76.69649888473704,C,Quarterly,Low,"Simple control, bulk ordering"
23039,Trombetta Family Wines Pnt N,750mL,11,33.11,6.622,40.75695729696112,C,Quarterly,Low,"Simple control, bulk ordering"
23040,Aquilon 06 Garnacha de Borja,750mL,1,59.2,11.840000000000002,9.190182776172596,C,Quarterly,Low,"Simple control, bulk ordering"
23041,Spring Valley Katherine Cab,750mL,2,22.57,4.514,21.04913339870572,C,Quarterly,Low,"Simple control, bulk ordering"
23042,Nozzole Le Bruniche Chardon,750mL,5,8.9,1.7800000000000002,52.999894000317994,C,Quarterly,Low,"Simple control, bulk ordering"
23044,Phantom Bay Svgn Bl,750mL,2,5.88,1.176,41.23930494211613,C,Quarterly,Low,"Simple control, bulk ordering"
23045,El Enemigo 11 Cab Franc Mend,750mL,15,16.33,3.266,67.77000837772896,C,Quarterly,Low,"Simple control, bulk ordering"
23049,Benziger Svgn Bl N Cst,750mL,362,6.12,1.2240000000000002,543.830519543477,B,Monthly,Medium,Moderate control
23066,Toad Hollow Risque Sparkling,750mL,7,10.13,2.0260000000000002,58.77996179975495,C,Quarterly,Low,"Simple control, bulk ordering"
23067,Perrier Jouet Grand Brut,375mL,110,13.81,2.7620000000000005,199.5650592894726,C,Quarterly,Low,"Simple control, bulk ordering"
23069,Delamotte Bl de Bl Brut,375mL,9,16.66,3.3320000000000003,51.971919650642775,C,Quarterly,Low,"Simple control, bulk ordering"
23071,Rombauer Vyds Chard Carneros,375mL,23,11.76,2.352,98.88837932045327,C,Quarterly,Low,"Simple control, bulk ordering"
23074,Madrigal Cab Svgn,750mL,342,13.69,2.738,353.42423866546,B,Monthly,Medium,Moderate control
23075,Madrigal Petite Sirah,750mL,157,11.72,2.3440000000000003,258.8040227359311,B,Monthly,Medium,Moderate control
23076,Madrigal Znfdl,750mL,379,9.08,1.816,456.83743337059667,B,Monthly,Medium,Moderate control
23078,Sbragia Home Ranch Merlot,750mL,1,14.19,2.838,18.771276394456944,C,Quarterly,Low,"Simple control, bulk ordering"
23079,Bolla Torr'Alta Veronese Ros,750mL,78,10.06,2.012,196.89437682738057,C,Quarterly,Low,"Simple control, bulk ordering"
23095,Glen Ellen Cab Svgn RSV,1.5L,2079,4.76,0.952,1477.776549215667,A,Weekly,High,"Tight control, frequent replenishment"
23101,Steelhead Red,750mL,69,6.53,1.306,229.85447157075708,C,Quarterly,Low,"Simple control, bulk ordering"
23105,DeLille Cellars D2,750mL,4,28.18,5.636,26.640630772354093,C,Quarterly,Low,"Simple control, bulk ordering"
23107,Duckhorn Howell Mtn Cab Svgn,1.5L,5,109.67,21.934,15.098231587305813,C,Quarterly,Low,"Simple control, bulk ordering"
23109,DeLille Cellars Chaleur Blnc,750mL,1,24.83,4.966,14.190465507408673,C,Quarterly,Low,"Simple control, bulk ordering"
23110,Duckhorn Estates Merlot,1.5L,1,109.67,21.934,6.7521344338500695,C,Quarterly,Low,"Simple control, bulk ordering"
23114,Patz & Hall Pnt Nr Sonoma Cs,750mL,7,26.84,5.368,36.11127033223079,C,Quarterly,Low,"Simple control, bulk ordering"
23116,Patz & Hall Sonoma Cst Chard,750mL,26,21.28,4.256,78.16023641463079,C,Quarterly,Low,"Simple control, bulk ordering"
23121,Steele Stymie Merlot Lake Cy,750mL,5,15.23,3.0460000000000003,40.51539269592877,C,Quarterly,Low,"Simple control, bulk ordering"
23122,Innocenti Vignalsole Rosso,750mL,6,17.0,3.4000000000000004,42.00840252084029,C,Quarterly,Low,"Simple control, bulk ordering"
23123,Federico Ferrero Chard Langh,750mL,24,8.78,1.756,116.907766928076,C,Quarterly,Low,"Simple control, bulk ordering"
23126,Giorgio Carnevale Barbr Asti,750mL,28,8.1,1.62,131.46843962443592,C,Quarterly,Low,"Simple control, bulk ordering"
23129,Sensi 18K Prosecco,750mL,209,12.24,2.4480000000000004,292.1914047220829,B,Monthly,Medium,Moderate control
23130,Alexanders Crown Cab Svgn,750mL,4,46.66,9.331999999999999,20.703445650635786,C,Quarterly,Low,"Simple control, bulk ordering"
23137,Circadia Cab Svgn Napa Vly,750mL,1,23.97,4.794,14.442786293795379,C,Quarterly,Low,"Simple control, bulk ordering"
23143,Bogle Chard,750mL,1731,4.65,0.9300000000000002,1364.2911428945968,A,Weekly,High,"Tight control, frequent replenishment"
23144,Ch Andron Blanquet St Esteph,750mL,3,20.64,4.128,26.9581933008596,C,Quarterly,Low,"Simple control, bulk ordering"
23145,Ch de Chantegrive Graves Rou,750mL,17,19.2,3.84,66.53633092779714,C,Quarterly,Low,"Simple control, bulk ordering"
23146,Ch Dupray St-Emilion,750mL,22,12.24,2.4480000000000004,94.79940983242017,C,Quarterly,Low,"Simple control, bulk ordering"
23147,Ch Floreal Laguens Brdx,750mL,47,7.99,1.598,171.49858514250883,C,Quarterly,Low,"Simple control, bulk ordering"
23148,Jekel Rsl Monterey,750mL,42,7.48,1.4960000000000002,167.55556185982138,C,Quarterly,Low,"Simple control, bulk ordering"
23149,Ch Fougere La Noble Rouge,750mL,52,7.09,1.4180000000000001,191.49769743816367,C,Quarterly,Low,"Simple control, bulk ordering"
23151,Ch La Bouree Castillion Brdx,750mL,9,12.49,2.498,60.02401440960672,C,Quarterly,Low,"Simple control, bulk ordering"
23155,Rocca Delle Macie Chianti C,750mL,81,12.58,2.516,179.4267501365025,C,Quarterly,Low,"Simple control, bulk ordering"
23156,Bertani Amarone Valpolicell,750mL,5,58.82,11.764000000000001,20.6161466217645,C,Quarterly,Low,"Simple control, bulk ordering"
23157,Champlain Orchards Sprklng C,375mL,3,17.21,3.442,29.52264024511387,C,Quarterly,Low,"Simple control, bulk ordering"
23159,Champlain Orchards Ice Cider,375mL,31,17.56,3.512,93.95147295849392,C,Quarterly,Low,"Simple control, bulk ordering"
23160,Champlain Orchards Ice Cider,100mL,1,6.03,1.2060000000000002,28.795614186045334,C,Quarterly,Low,"Simple control, bulk ordering"
23161,Loft Cab Svgn,3L,139,13.69,2.738,225.31529730450092,B,Monthly,Medium,Moderate control
23167,Loft Chard,3L,1,15.89,3.1780000000000004,17.738751654443554,C,Quarterly,Low,"Simple control, bulk ordering"
23168,Blanc de Bleu Mousseux Brut,750mL,131,9.93,1.986,256.8301620232213,C,Quarterly,Low,"Simple control, bulk ordering"
23170,Marchesi di Barolo Sarmsa 07,750mL,1,52.41,10.482,9.7673763574577,C,Quarterly,Low,"Simple control, bulk ordering"
23172,Castello Banfi Brun Montalcn,375mL,37,20.4,4.08,95.22934133438281,C,Quarterly,Low,"Simple control, bulk ordering"
23173,Four Star Cab Svgn,750mL,197,9.45,1.89,322.85105580252366,B,Monthly,Medium,Moderate control
23185,Lee Family Farm Albarino Mon,750mL,3,8.78,1.756,41.33313738410946,C,Quarterly,Low,"Simple control, bulk ordering"
23186,Morgan Winery Double L  Rsl,750mL,5,13.42,2.684,43.16122342049055,C,Quarterly,Low,"Simple control, bulk ordering"
23188,Jean Dauvissat Chablis St Pi,750mL,17,18.36,3.672,68.04138174397717,C,Quarterly,Low,"Simple control, bulk ordering"
23189,Walt La Brisa Chard,750mL,5,21.56,4.312,34.05223533019972,C,Quarterly,Low,"Simple control, bulk ordering"
23190,Walt La Brisa Pnt Nr,750mL,4,26.52,5.304,27.461751819054484,C,Quarterly,Low,"Simple control, bulk ordering"
23191,Clos Pegase Svgn Bl Napa,750mL,477,9.93,1.986,490.08292041467354,B,Monthly,Medium,Moderate control
23192,Martinelli Bondi Home Pnt Nr,750mL,2,41.72,8.344,15.482028055565813,C,Quarterly,Low,"Simple control, bulk ordering"
23193,Martinelli Vellu Ranch Znfdl,750mL,4,36.98,7.396,23.25581395348837,C,Quarterly,Low,"Simple control, bulk ordering"
23194,Gary Farrell RRV Chard,750mL,8,21.19,4.238,43.447472530378114,C,Quarterly,Low,"Simple control, bulk ordering"
23195,Gary Farrell RRV Pnt Nr,750mL,26,27.58,5.516,68.65537525295454,C,Quarterly,Low,"Simple control, bulk ordering"
23196,Yellow Tail Sangria Bubbles,750mL,63,3.39,0.678,304.82840087875815,C,Quarterly,Low,"Simple control, bulk ordering"
23197,Yellow Tail Sangria Blanco,1.5L,65,6.84,1.368,217.97848490858206,C,Quarterly,Low,"Simple control, bulk ordering"
23201,Sterling Vntnr Coll Rose Ltd,750mL,13,6.66,1.332,98.79149639396987,C,Quarterly,Low,"Simple control, bulk ordering"
23202,Truvee Chard,750mL,6,6.75,1.35,66.66666666666667,C,Quarterly,Low,"Simple control, bulk ordering"
23203,Truvee Red,750mL,9,6.8,1.36,81.34892168199606,C,Quarterly,Low,"Simple control, bulk ordering"
23205,M & R Prosecco Frizzante,187mL 4 Pk,9,10.66,2.132,64.9722122736315,C,Quarterly,Low,"Simple control, bulk ordering"
23212,The Dreaming Tree Pnt Nr CA,750mL,199,7.99,1.598,352.8890240984571,B,Monthly,Medium,Moderate control
23218,Tangent Chard,750mL,700,6.7,1.34,722.7641798688508,B,Monthly,Medium,Moderate control
23220,Parducci Pnt Nr,750mL,63,7.74,1.548,201.73664619648224,C,Quarterly,Low,"Simple control, bulk ordering"
23229,Ch St Jean Belle Terre Chard,750mL,587,10.34,2.068,532.7749333384693,A,Weekly,High,"Tight control, frequent replenishment"
23230,High Valley Svgn Bl 13 Lake,750mL,283,9.39,1.8780000000000001,388.19096559824516,B,Monthly,Medium,Moderate control
23231,Stags Leap The Investor Red,750mL,21,37.16,7.4319999999999995,53.15655129052543,C,Quarterly,Low,"Simple control, bulk ordering"
23235,Mud House Svgn Bl,750mL,179,7.18,1.436,353.0606330150081,C,Quarterly,Low,"Simple control, bulk ordering"
23236,Scaggs Vyds Mt Vedeer Montag,750mL,3,26.89,5.378,23.61838667051188,C,Quarterly,Low,"Simple control, bulk ordering"
23239,Hay Maker Svgn Bl,750mL,142,6.12,1.2240000000000002,340.6069169811805,C,Quarterly,Low,"Simple control, bulk ordering"
23241,14 Hands Svgn Bl,750mL,112,5.8,1.16,310.7277331329327,C,Quarterly,Low,"Simple control, bulk ordering"
23242,Columbia Crest H3 Svgn Bl,750mL,13,4.84,0.968,115.88680712710875,C,Quarterly,Low,"Simple control, bulk ordering"
23245,Torres Altos Ibericos Rioja,750mL,49,7.94,1.588,175.65996462997344,C,Quarterly,Low,"Simple control, bulk ordering"
23246,Torres Celeste Crianza,750mL,26,10.66,2.132,110.43152607484654,C,Quarterly,Low,"Simple control, bulk ordering"
23249,Rosemount Gewurz/Rsl,750mL,95,6.57,1.314,268.88347982533855,C,Quarterly,Low,"Simple control, bulk ordering"
23250,Ch de Jarnioux Bjls,750mL,456,3.94,0.788,760.7103279472977,B,Monthly,Medium,Moderate control
23253,Summers Cab Svgn Rsv,750mL,547,13.07,2.6140000000000003,457.4470924458326,A,Weekly,High,"Tight control, frequent replenishment"
23255,Balletto Vyds Pnt Gris,750mL,351,7.94,1.588,470.1411975055361,B,Monthly,Medium,Moderate control
23256,Robert Hall Cab Svgn,750mL,923,9.39,1.8780000000000001,701.0565584812422,A,Weekly,High,"Tight control, frequent replenishment"
23257,Jason Stephens Syrah,750mL,293,9.33,1.866,396.2579518645182,B,Monthly,Medium,Moderate control
23258,David Bruce Pnt Nr Anderson,750mL,171,19.35,3.8700000000000006,210.2047728088682,B,Monthly,Medium,Moderate control
23259,Vegan Vines Chard,750mL,305,6.12,1.2240000000000002,499.1823379647438,B,Monthly,Medium,Moderate control
23260,Penny Wise Svgn Bl,750mL,84,4.51,0.902,305.16616098334464,C,Quarterly,Low,"Simple control, bulk ordering"
23267,Siduri Pnt Nr 13 Clos Pepe,750mL,9,30.71,6.142,38.27950812679254,C,Quarterly,Low,"Simple control, bulk ordering"
23270,Campo Viejo Gr Cava Brut Rsv,750mL,181,6.7,1.34,367.5250016878738,C,Quarterly,Low,"Simple control, bulk ordering"
23271,Darkhorse Merlot,750mL,610,5.36,1.072,754.3406728702017,B,Monthly,Medium,Moderate control
23273,Apothic Crush,750mL,55,6.45,1.29,206.4840403390264,C,Quarterly,Low,"Simple control, bulk ordering"
23275,Black Ink Red Wine,750mL,149,7.09,1.4180000000000001,324.15671217476716,C,Quarterly,Low,"Simple control, bulk ordering"
23278,Turnbull Cab Svgn 11,750mL,12,33.33,6.666,42.4285283506487,C,Quarterly,Low,"Simple control, bulk ordering"
23279,Turnbull Syrah 11,750mL,223,16.44,3.2880000000000003,260.4273112179747,B,Monthly,Medium,Moderate control
23284,Ch Les Carruades 11 Lafitte,750mL,6,142.85,28.57,14.491739044194325,C,Quarterly,Low,"Simple control, bulk ordering"
23286,Ch Pape Clement Bl Gr Cru 11,750mL,1,132.44,26.488,6.14434249775262,C,Quarterly,Low,"Simple control, bulk ordering"
23287,Ch Lynch Bages Paulliac 11,750mL,12,92.71,18.541999999999998,25.43972044953588,C,Quarterly,Low,"Simple control, bulk ordering"
23289,Ch Mouton Rothschild 11 Paui,750mL,1,479.45,95.89,3.229336793002632,C,Quarterly,Low,"Simple control, bulk ordering"
23291,Ch Cantenac Brown Margx 11,750mL,2,40.81,8.162,15.653689050413563,C,Quarterly,Low,"Simple control, bulk ordering"
23292,Ch La Mission Haut Brion 11,750mL,1,299.31,59.862,4.087185874158096,C,Quarterly,Low,"Simple control, bulk ordering"
23293,Ch Pavie Macquin St Emiln 11,750mL,13,55.03,11.006,34.36821067705809,C,Quarterly,Low,"Simple control, bulk ordering"
23295,Ch Giscours Margaux 11 Gr Cr,750mL,6,42.1,8.42,26.694364079973965,C,Quarterly,Low,"Simple control, bulk ordering"
23297,Fonterutoli Chianti Clsco,750mL,31,14.76,2.952,102.47611923541082,C,Quarterly,Low,"Simple control, bulk ordering"
23307,Ch St Sulpice,750mL,403,6.62,1.324,551.7070460421617,B,Monthly,Medium,Moderate control
23308,Ch Canon St Emilion Gr Cr 11,750mL,3,87.58,17.516000000000002,13.08709211032335,C,Quarterly,Low,"Simple control, bulk ordering"
23323,Alter Ego de Palmer Mrgx 11,750mL,25,54.24,10.848,48.005960790160536,C,Quarterly,Low,"Simple control, bulk ordering"
23326,Ch Bernadotte Haut-Medoc 11,750mL,9,16.12,3.224,52.83524652572602,C,Quarterly,Low,"Simple control, bulk ordering"
23328,Ch Clerc Milon Pauillac 11,750mL,1,52.41,10.482,9.7673763574577,C,Quarterly,Low,"Simple control, bulk ordering"
23331,Ch Ducru Beaucaillou 11 Jul,750mL,6,98.68,19.736000000000004,17.43596774544233,C,Quarterly,Low,"Simple control, bulk ordering"
23332,Ch Haut Beausejour 11 Esteph,750mL,5,17.99,3.598,37.27815610695964,C,Quarterly,Low,"Simple control, bulk ordering"
23334,Ch Lalande Borie 11 Julien,750mL,15,20.64,4.128,60.280352771301516,C,Quarterly,Low,"Simple control, bulk ordering"
23335,Ch Leoville Las Cases 11 Jul,750mL,5,133.33,26.666000000000004,13.69323510413775,C,Quarterly,Low,"Simple control, bulk ordering"
23337,Ch Pichon Longevile 11 Comts,750mL,7,94.59,18.918000000000003,19.235851223730958,C,Quarterly,Low,"Simple control, bulk ordering"
23338,Ch Talbot St Julien 11 GC,750mL,5,35.48,7.096,26.54472306194161,C,Quarterly,Low,"Simple control, bulk ordering"
23340,Le Petit Mout Roths 11 Pauil,750mL,13,100.66,20.132,25.4113779310149,C,Quarterly,Low,"Simple control, bulk ordering"
23341,Les Fiefs de Lagrange 11 Jul,750mL,12,22.75,4.55,51.35525910130955,C,Quarterly,Low,"Simple control, bulk ordering"
23344,Gekkeikan Nama Sake,300mL,12,2.97,0.5940000000000001,142.13381090374028,C,Quarterly,Low,"Simple control, bulk ordering"
23345,Neyers Vyd Chard Carneros,750mL,52,14.28,2.856,134.93436520458852,C,Quarterly,Low,"Simple control, bulk ordering"
23349,Guigal Cotes du Rhone Rose,750mL,12,9.99,1.9980000000000002,77.49842582921285,C,Quarterly,Low,"Simple control, bulk ordering"
23350,Lapierre Raisins 14 Gaulois,750mL,1,9.58,1.9160000000000001,22.84558311924769,C,Quarterly,Low,"Simple control, bulk ordering"
23351,Renwood California Znfdl,750mL,40,4.89,0.978,202.2369785697524,C,Quarterly,Low,"Simple control, bulk ordering"
23353,Parducci True Grit 11 Cab Sv,750mL,653,10.95,2.19,546.0526677727481,A,Weekly,High,"Tight control, frequent replenishment"
23354,Paul Dolan Deep Red 09 Mendo,750mL,6,10.88,2.176,52.510503151050365,C,Quarterly,Low,"Simple control, bulk ordering"
23355,Paul Dolan 12 Cab Svgn,750mL,1151,9.6,1.92,774.2603997794713,A,Weekly,High,"Tight control, frequent replenishment"
23356,Bacio Divino 12 Pazzo,750mL,198,14.47,2.894,261.5672291058019,B,Monthly,Medium,Moderate control
23357,Saddleback Clrs 09 Cab Svgn,750mL,275,24.51,4.902000000000001,236.85343823468207,A,Weekly,High,"Tight control, frequent replenishment"
23360,Ninety+Cellars Lot 35 Tempo,750mL,157,6.16,1.2320000000000002,356.9804825688162,C,Quarterly,Low,"Simple control, bulk ordering"
23365,Elderton Barossa Shiraz,750mL,26,14.28,2.856,95.41300465126666,C,Quarterly,Low,"Simple control, bulk ordering"
23366,DeWetshof Limestone Hl Chard,750mL,36,9.26,1.852,139.4218237020519,C,Quarterly,Low,"Simple control, bulk ordering"
23373,M D 20/20 Banana Red,750mL,245,2.71,0.542,672.3314065958863,C,Quarterly,Low,"Simple control, bulk ordering"
23379,Luiano Sangiovese,750mL,119,7.99,1.598,272.88841145490767,C,Quarterly,Low,"Simple control, bulk ordering"
23381,Pacifica Cab Svgn/Merlot 11,750mL,144,11.76,2.352,247.43582965269675,B,Monthly,Medium,Moderate control
23382,Haywood Chamizal Znfdl 09,750mL,635,10.88,2.176,540.2035291824521,A,Weekly,High,"Tight control, frequent replenishment"
23383,Vivanco Rioja Rsva 08,750mL,233,11.48,2.2960000000000003,318.5605691810174,B,Monthly,Medium,Moderate control
23384,Dom Fouassier Sancerre 13,750mL,68,12.16,2.4320000000000004,167.21401351498466,C,Quarterly,Low,"Simple control, bulk ordering"
23385,Dom Roux Bourgogne Chard,750mL,21,12.74,2.548,90.78412990032037,C,Quarterly,Low,"Simple control, bulk ordering"
23386,Dom Roux Bourgogne Pnt Nr,750mL,32,12.58,2.516,112.77677488692018,C,Quarterly,Low,"Simple control, bulk ordering"
23388,Light Horse Cab Svgn,750mL,180,6.84,1.368,362.7381250550058,C,Quarterly,Low,"Simple control, bulk ordering"
23389,Opici Fish Bottle Bianco,750mL,117,7.53,1.5060000000000002,278.7279014162171,C,Quarterly,Low,"Simple control, bulk ordering"
23391,Trombetta Family Pnt Nr Gaps,750mL,3,48.27,9.654000000000002,17.628159855416822,C,Quarterly,Low,"Simple control, bulk ordering"
23392,Stonehedge Amador 12 Znfdl,750mL,346,6.62,1.324,511.2037804398082,B,Monthly,Medium,Moderate control
23393,Havens Cab Svgn 11,750mL,161,11.68,2.336,262.52853726159435,B,Monthly,Medium,Moderate control
23394,Couleurs Du Sud Viognier,750mL,44,6.75,1.35,180.534186769688,C,Quarterly,Low,"Simple control, bulk ordering"
23395,Pavilion St Pierre Cdu Rhone,750mL,764,6.45,1.29,769.5765472098951,B,Monthly,Medium,Moderate control
23397,Secoli 13 Prosecco Valdobbia,750mL,136,8.05,1.6100000000000003,290.6407571030618,C,Quarterly,Low,"Simple control, bulk ordering"
23400,Pico & Vine Cab Svgn Napa,750mL,111,7.14,1.428,278.80296346519486,C,Quarterly,Low,"Simple control, bulk ordering"
23401,Bridlewood Slct Pnt Nr Lucia,750mL,112,10.8,2.16,227.7100170213244,C,Quarterly,Low,"Simple control, bulk ordering"
23403,La Merika Pnt Grigio Montery,750mL,161,6.16,1.2320000000000002,361.49940274061055,C,Quarterly,Low,"Simple control, bulk ordering"
23404,Secoli 14 Pnt Grigio Venezia,750mL,3,6.8,1.36,46.966821831386206,C,Quarterly,Low,"Simple control, bulk ordering"
23406,The Naked Grape Box Merlot,3L,70,11.91,2.382,171.42657229652787,C,Quarterly,Low,"Simple control, bulk ordering"
23414,Barefoot Cellars Rosa Red,750mL,54,1.62,0.32400000000000007,408.248290463863,C,Quarterly,Low,"Simple control, bulk ordering"
23415,Darkhorse Svgn Bl,750mL,18,2.95,0.5900000000000001,174.66675292187458,C,Quarterly,Low,"Simple control, bulk ordering"
23420,Dom D'Andezon CdRhone Red,750mL,74,8.27,1.654,211.51837788664335,C,Quarterly,Low,"Simple control, bulk ordering"
23423,Santa Rita RSV Chard,750mL,98,6.8,1.36,268.43774609657964,C,Quarterly,Low,"Simple control, bulk ordering"
23425,La Jota Howell Mtn Merlot,750mL,2,43.91,8.782,15.09100911594563,C,Quarterly,Low,"Simple control, bulk ordering"
23432,Perrusset Macon Villages,750mL,35,10.59,2.118,128.5496931430666,C,Quarterly,Low,"Simple control, bulk ordering"
23434,Bruno Colin Chass-Mont Rouge,750mL,6,44.51,8.902,25.961622472102135,C,Quarterly,Low,"Simple control, bulk ordering"
23436,Dom R Bouvier Marsny Rose 14,750mL,5,12.41,2.482,44.88323107698186,C,Quarterly,Low,"Simple control, bulk ordering"
23438,Frost Bitten Ice Rsl,375mL,124,8.55,1.7100000000000002,269.28538742947217,C,Quarterly,Low,"Simple control, bulk ordering"
23452,Santa Rita Secret Rsv Red,750mL,93,5.84,1.168,282.1759870563633,C,Quarterly,Low,"Simple control, bulk ordering"
23460,Marilyn Meritage Red,750mL,4,33.79,6.758,24.328811973441383,C,Quarterly,Low,"Simple control, bulk ordering"
23464,Kendall Jackson Pnt Gris VR,750mL,145,7.23,1.4460000000000002,316.66484675898386,C,Quarterly,Low,"Simple control, bulk ordering"
23468,Il Poggione di Montalcino,1.5L,1,116.99,23.398,6.537483890229469,C,Quarterly,Low,"Simple control, bulk ordering"
23469,Hugel Les Amours Pnt Bl,750mL,20,7.43,1.486,116.0127156904977,C,Quarterly,Low,"Simple control, bulk ordering"
23472,Dom Vocoret & Fils Chabls 13,750mL,2,11.48,2.2960000000000003,29.51406680504776,C,Quarterly,Low,"Simple control, bulk ordering"
23473,Auvigue Saint-Veran 13,750mL,2,10.66,2.132,30.628194591584442,C,Quarterly,Low,"Simple control, bulk ordering"
23474,Anew Rose,750mL,25,6.89,1.3780000000000001,134.69311461009133,C,Quarterly,Low,"Simple control, bulk ordering"
23477,Luna di Luna Prosecco,750mL,2,11.03,2.206,30.11010318298389,C,Quarterly,Low,"Simple control, bulk ordering"
23479,Handcraft Pnt Grigio,750mL,210,6.2,1.2400000000000002,411.52744587655076,C,Quarterly,Low,"Simple control, bulk ordering"
23493,Ch Bouscaut Rouge 11 GCG,750mL,13,24.13,4.8260000000000005,51.901273872514174,C,Quarterly,Low,"Simple control, bulk ordering"
23494,Ch Doisy-Daene Sauternes 11,375mL,4,20.13,4.026,31.520500902563946,C,Quarterly,Low,"Simple control, bulk ordering"
23495,Ch Cantegril Sauternes 11,375mL,5,12.24,2.4480000000000004,45.1938453788867,C,Quarterly,Low,"Simple control, bulk ordering"
23496,Ch Reserve d La Cometesse 11,750mL,3,31.5,6.300000000000001,21.821789023599237,C,Quarterly,Low,"Simple control, bulk ordering"
23497,Ch Gruaud Larose 11 St Julin,750mL,11,54.79,10.958,31.683320788821,C,Quarterly,Low,"Simple control, bulk ordering"
23508,Vino.e Falanghina Beneventno,750mL,3,8.9,1.7800000000000002,41.05354136279799,C,Quarterly,Low,"Simple control, bulk ordering"
23510,Plantaze Vranac Montenegro,750mL,34,7.14,1.428,154.30334996209191,C,Quarterly,Low,"Simple control, bulk ordering"
23511,Plantaze Cab Montenegro,750mL,18,7.43,1.486,110.05932573705796,C,Quarterly,Low,"Simple control, bulk ordering"
23512,Plantaze Krstac Montenegro W,750mL,29,7.41,1.4820000000000002,139.88620785159097,C,Quarterly,Low,"Simple control, bulk ordering"
23513,Plantaze Merlot Montenegro W,750mL,19,7.48,1.4960000000000002,112.69664928185881,C,Quarterly,Low,"Simple control, bulk ordering"
23514,Plantaze Vranac ProCorde Red,750mL,52,9.05,1.8100000000000003,169.49714383421272,C,Quarterly,Low,"Simple control, bulk ordering"
23516,Chloe Pnt Nr,750mL,323,7.58,1.516,461.5849716095955,B,Monthly,Medium,Moderate control
23517,Luiano Rosato,750mL,1,8.27,1.654,24.58851198024517,C,Quarterly,Low,"Simple control, bulk ordering"
23520,Slow Press Cab Svgn,750mL,3,10.2,2.04,38.34824944236852,C,Quarterly,Low,"Simple control, bulk ordering"
23521,Insurrection Cab/Shiraz,750mL,353,7.43,1.486,487.39149670799253,B,Monthly,Medium,Moderate control
23522,13 Celsius Svgn Bl,750mL,74,4.11,0.8220000000000001,300.04054876006893,C,Quarterly,Low,"Simple control, bulk ordering"
23523,19 Crimes Cab Svgn,750mL,573,6.57,1.314,660.3582810571323,B,Monthly,Medium,Moderate control
23525,La Vieille Ferme Red B/B,3L,1,17.0,3.4000000000000004,17.149858514250884,C,Quarterly,Low,"Simple control, bulk ordering"
23528,Santa Maria Alla Pieve Soave,750mL,3,9.08,1.816,40.64458609525536,C,Quarterly,Low,"Simple control, bulk ordering"
23530,Santa Maria Alla Pieve Ripas,750mL,3,15.12,3.024,31.4970394174356,C,Quarterly,Low,"Simple control, bulk ordering"
23533,Yellow Tail Moscato Bubbles,750mL,3,8.49,1.6980000000000002,42.033135170919856,C,Quarterly,Low,"Simple control, bulk ordering"
23534,Zenato Alanera Rosso Verones,750mL,5,10.38,2.076,49.07624519055888,C,Quarterly,Low,"Simple control, bulk ordering"
23535,Wente Pnt Nr Riva Ranch,750mL,31,16.89,3.378,95.79680488991602,C,Quarterly,Low,"Simple control, bulk ordering"
23538,Vin Vault Cab Svgn,3L,6,6.9,1.3800000000000001,65.9380473395787,C,Quarterly,Low,"Simple control, bulk ordering"
23539,Vin Vault Chard,3L,50,12.41,2.482,141.9332389509149,C,Quarterly,Low,"Simple control, bulk ordering"
23542,Vin Vault Pnt Nr,3L,14,6.86,1.372,101.01525445522107,C,Quarterly,Low,"Simple control, bulk ordering"
23543,Guillermo Mndza Kosher Malbc,750mL,9,8.6,1.72,72.33642332556181,C,Quarterly,Low,"Simple control, bulk ordering"
23566,Vin Vault Red,3L,1,7.23,1.4460000000000002,26.297584151910847,C,Quarterly,Low,"Simple control, bulk ordering"
23587,The Cottage Svgn Blanc,750mL,4,8.21,1.6420000000000003,49.3563936403284,C,Quarterly,Low,"Simple control, bulk ordering"
23592,Daou Soul of a Lion Red,750mL,1,75.16,15.032,8.156270422562056,C,Quarterly,Low,"Simple control, bulk ordering"
23595,Almaden Burgundy B/B,5L,390,9.93,1.986,443.1417632727652,B,Monthly,Medium,Moderate control
23596,Menage A Trois Znfdl,750mL,1,8.78,1.756,23.863697995167385,C,Quarterly,Low,"Simple control, bulk ordering"
23603,Sidebar Svgn Bl,750mL,4,15.68,3.136,35.714285714285715,C,Quarterly,Low,"Simple control, bulk ordering"
23632,Firesteed Wines Rose Pnt Nr,750mL,15,9.26,1.852,89.9964002159856,C,Quarterly,Low,"Simple control, bulk ordering"
23633,Chateau Simon Bordeaux Blanc,750mL,25,9.67,1.9340000000000002,113.69510562200631,C,Quarterly,Low,"Simple control, bulk ordering"
23635,Tortoise Creek Rose le Charm,750mL,12,8.1,1.62,86.06629658238704,C,Quarterly,Low,"Simple control, bulk ordering"
23649,Tom Gore Cabernet Svgn CA,750mL,112,7.89,1.578,266.41306064955626,C,Quarterly,Low,"Simple control, bulk ordering"
23650,Tom Gore Chardonnay CA,750mL,66,7.99,1.598,203.22801734453898,C,Quarterly,Low,"Simple control, bulk ordering"
23660,Chapoutier Bel Cotes Rhn Ros,750mL,19,8.55,1.7100000000000002,105.40925533894597,C,Quarterly,Low,"Simple control, bulk ordering"
23661,Bouvier Morey St Denis Rue d,750mL,6,32.66,6.532,30.307669113666435,C,Quarterly,Low,"Simple control, bulk ordering"
23662,Dom Cachot Monot Ct Nuits,750mL,11,17.99,3.598,55.292440984430016,C,Quarterly,Low,"Simple control, bulk ordering"
23663,Higher Ground Pinot Noir,750mL,12,8.49,1.6980000000000002,84.06627034183971,C,Quarterly,Low,"Simple control, bulk ordering"
23665,Cooks Brut,187mL 4 Pk,3,5.19,1.038,53.760333057047035,C,Quarterly,Low,"Simple control, bulk ordering"
23666,Cooks Extra Dry Champagne,187mL 4 Pk,10,5.36,1.072,96.58342616078197,C,Quarterly,Low,"Simple control, bulk ordering"
23680,A Bichot Cremant Brut Rose,750mL,13,13.42,2.684,69.59538158957895,C,Quarterly,Low,"Simple control, bulk ordering"
23692,R Mondavi Merlot Napa,750mL,195,12.66,2.532,277.51435640247274,B,Monthly,Medium,Moderate control
23694,Dom Perignon Rose,750mL,1,157.53,31.506,5.633825168959909,C,Quarterly,Low,"Simple control, bulk ordering"
23712,Bell'Agio Chianti Flask,750mL,532,6.8,1.36,625.4410208710613,B,Monthly,Medium,Moderate control
23739,Liberty School Cab Svgn,750mL,1246,7.25,1.4500000000000002,926.9899378243466,A,Weekly,High,"Tight control, frequent replenishment"
23746,Ch Brannon 12 Pessac-Leognan,750mL,3,59.6,11.920000000000002,15.864357924258808,C,Quarterly,Low,"Simple control, bulk ordering"
23747,Ch Cantemerie 12 Haut-Medoc,750mL,3,27.88,5.5760000000000005,23.19525999171412,C,Quarterly,Low,"Simple control, bulk ordering"
23750,Ch Clerc Milon 12 Pauillac,750mL,5,45.45,9.090000000000002,23.453251491009727,C,Quarterly,Low,"Simple control, bulk ordering"
23752,Ch Gloria St Julien 12,750mL,20,23.52,4.704,65.20506636966263,C,Quarterly,Low,"Simple control, bulk ordering"
23755,Ch Haut Brion 12 Pessac-Leog,750mL,1,359.86,71.97200000000001,3.7275048255842766,C,Quarterly,Low,"Simple control, bulk ordering"
23763,Ch Marquis de Terme 12 Mrgx,750mL,5,35.8,7.16,26.425821129084497,C,Quarterly,Low,"Simple control, bulk ordering"
23764,Cashmore Black Opal Shiraz,750mL,188,4.69,0.9380000000000002,447.69011518282304,C,Quarterly,Low,"Simple control, bulk ordering"
23768,Sociando Mallet 12 Haut-Medo,750mL,13,29.93,5.986000000000001,46.60186741008974,C,Quarterly,Low,"Simple control, bulk ordering"
23769,Ch Pape Clement 12 Pess-Leog,750mL,4,73.68,14.736000000000002,16.475560157973415,C,Quarterly,Low,"Simple control, bulk ordering"
23772,Ch Pontet Canet 12 Pauillac,750mL,1,86.45,17.290000000000003,7.605057523922031,C,Quarterly,Low,"Simple control, bulk ordering"
23777,Ch Smith Haut Lafitte 12 Whi,750mL,13,87.16,17.432,27.308513937153624,C,Quarterly,Low,"Simple control, bulk ordering"
23778,M Chiarlo Barbera D'Asti,750mL,275,6.45,1.29,461.7123504668718,B,Monthly,Medium,Moderate control
23780,La Chapelle Mission Haut Bri,750mL,9,55.03,11.006,28.596079809711203,C,Quarterly,Low,"Simple control, bulk ordering"
23781,Le Clarence de Haut Brion 12,750mL,1,89.93,17.986,7.4564602235873405,C,Quarterly,Low,"Simple control, bulk ordering"
23783,Pavillon du Ch Margaux 12 Ma,750mL,2,114.28,22.856,9.3543773292914,C,Quarterly,Low,"Simple control, bulk ordering"
23784,Zolo Malbec Rsv,750mL,10,11.72,2.3440000000000003,65.31624303414551,C,Quarterly,Low,"Simple control, bulk ordering"
23785,Pink Pegau Rose,750mL,10,11.03,2.206,67.32823752668477,C,Quarterly,Low,"Simple control, bulk ordering"
23792,Camila Malbec,750mL,12,6.61,1.322,95.27410888855545,C,Quarterly,Low,"Simple control, bulk ordering"
23793,Les Embruns Rose,750mL,23,8.16,1.6320000000000001,118.71451998345425,C,Quarterly,Low,"Simple control, bulk ordering"
23795,Casa Silva Carmenere,750mL,228,10.8,2.16,324.89314482696545,B,Monthly,Medium,Moderate control
23796,Mayu Pedro Ximenez,750mL,115,8.84,1.768,255.03970057380926,C,Quarterly,Low,"Simple control, bulk ordering"
23797,Mayu Carmenere Syrah,750mL,112,8.84,1.768,251.69111285381683,C,Quarterly,Low,"Simple control, bulk ordering"
23798,Aquitania Cab Svgn,750mL,8,10.38,2.076,62.077085524420085,C,Quarterly,Low,"Simple control, bulk ordering"
23799,Casa Silva Svgn Gris,750mL,19,10.66,2.132,94.4024358130109,C,Quarterly,Low,"Simple control, bulk ordering"
23800,Boya Svgn Bl,750mL,66,9.2,1.8399999999999999,189.39262186630003,C,Quarterly,Low,"Simple control, bulk ordering"
23801,Boya Pnt Nr,750mL,44,10.66,2.132,143.6589666073064,C,Quarterly,Low,"Simple control, bulk ordering"
23805,Cappelletti Apertivoch,750mL,1,13.42,2.684,19.302285912054572,C,Quarterly,Low,"Simple control, bulk ordering"
23807,Couly-Dutheil Chinon Rose,750mL,4,12.66,2.532,39.74643167585821,C,Quarterly,Low,"Simple control, bulk ordering"
23810,Angels Landing Rsv Cab Svgn,750mL,1,19.99,3.9979999999999998,15.815342630852664,C,Quarterly,Low,"Simple control, bulk ordering"
23820,Le Mistral Red,750mL,114,16.12,3.224,188.04202054018072,B,Monthly,Medium,Moderate control
23823,Round Hill Cab Svgn,1.5L,18,9.08,1.816,99.55849673999579,C,Quarterly,Low,"Simple control, bulk ordering"
23825,Tortiose Crk La Charmel Mus1,750mL,8,6.66,1.332,77.49842582921285,C,Quarterly,Low,"Simple control, bulk ordering"
23827,Fattoria di Basciano Chianti,750mL,32,9.93,1.986,126.93616319507537,C,Quarterly,Low,"Simple control, bulk ordering"
23831,Manon Rose de Provence,750mL,9,9.33,1.866,69.44891018152789,C,Quarterly,Low,"Simple control, bulk ordering"
23832,Manon Rose de Provence,375mL,36,5.91,1.1820000000000002,174.518918148945,C,Quarterly,Low,"Simple control, bulk ordering"
23840,Roth Est Red Heritage Sonoma,750mL,140,11.68,2.336,244.8091232967331,B,Monthly,Medium,Moderate control
23848,Dom Cherrier Sancerre,750mL,53,10.73,2.1460000000000004,157.15314474743244,C,Quarterly,Low,"Simple control, bulk ordering"
23851,Louis M Martini Cab Svgn,750mL,119,6.81,1.362,295.586725821111,C,Quarterly,Low,"Simple control, bulk ordering"
23853,Matrix Pnt Nr RRV,750mL,15,18.24,3.6479999999999997,64.12364700532214,C,Quarterly,Low,"Simple control, bulk ordering"
23858,Pezzi King Znfdl Dry Creek,750mL,33,14.48,2.8960000000000004,106.74749469804615,C,Quarterly,Low,"Simple control, bulk ordering"
23861,Concannon Founder Chard,750mL,24,5.95,1.1900000000000002,142.01432049934525,C,Quarterly,Low,"Simple control, bulk ordering"
23863,Bisol Crede Prosseco Super V,750mL,1,14.38,2.8760000000000003,18.646853515705036,C,Quarterly,Low,"Simple control, bulk ordering"
23866,Landhaus Mayer Gruner Veltli,750mL,160,8.16,1.6320000000000001,313.11214554257475,C,Quarterly,Low,"Simple control, bulk ordering"
23870,Col-di-Sasso Sangiovese/Cab,750mL,208,6.16,1.2320000000000002,410.890701806659,C,Quarterly,Low,"Simple control, bulk ordering"
23873,Cloudy Bay 12 Te Koko,750mL,4,26.66,5.332000000000001,27.389551783238833,C,Quarterly,Low,"Simple control, bulk ordering"
23875,Inglenook 1882 Cab Svgn,750mL,12,32.44,6.4879999999999995,43.00660919012402,C,Quarterly,Low,"Simple control, bulk ordering"
23877,Love Lane Carmenere,750mL,34,7.38,1.476,151.77361546824773,C,Quarterly,Low,"Simple control, bulk ordering"
23878,Love Lane Svgn Bl,750mL,2,8.49,1.6980000000000002,34.31991115272901,C,Quarterly,Low,"Simple control, bulk ordering"
23889,Corbett Canyon Wh Znfdl,1.5L,472,4.82,0.9640000000000001,699.7332034544291,B,Monthly,Medium,Moderate control
23891,Cycles Gladiator Cab Svgn,750mL,24,9.33,1.866,113.40959542474855,C,Quarterly,Low,"Simple control, bulk ordering"
23894,Lindemans Bin 45 Cab Svgn,750mL,12,6.66,1.332,94.91579957524989,C,Quarterly,Low,"Simple control, bulk ordering"
23895,Lindemans Bin 50 Shiraz,750mL,273,5.4,1.08,502.77010429994516,C,Quarterly,Low,"Simple control, bulk ordering"
23896,Riebeek Cellars Cape Rose,750mL,5,7.58,1.516,57.42954844242458,C,Quarterly,Low,"Simple control, bulk ordering"
23897,Michel Chapoutier Vigne Rose,750mL,3,10.66,2.132,37.511724246026645,C,Quarterly,Low,"Simple control, bulk ordering"
23898,Dr Konstantin Frank Rose,750mL,24,9.08,1.816,114.9602497859021,C,Quarterly,Low,"Simple control, bulk ordering"
23899,Vino Rose,750mL,6,8.1,1.62,60.858061945018456,C,Quarterly,Low,"Simple control, bulk ordering"
23900,Salmon Run Rose,750mL,2,7.89,1.578,35.600942725445215,C,Quarterly,Low,"Simple control, bulk ordering"
23902,Dom St Andrieu Rose CdP,750mL,20,10.52,2.104,97.49719699587897,C,Quarterly,Low,"Simple control, bulk ordering"
23905,King Rabbit Malbec Pay D'Oc,750mL,12,5.33,1.066,106.0991783534611,C,Quarterly,Low,"Simple control, bulk ordering"
23917,Mionetto Prosecco DOC Brut,1.5L,27,18.54,3.708,85.33201859828614,C,Quarterly,Low,"Simple control, bulk ordering"
23919,J J Vincent Pouilly Fuisse,750mL,28,13.99,2.798,100.03573342976296,C,Quarterly,Low,"Simple control, bulk ordering"
23920,Broadside Cab Svgn Paso Rob,750mL,2,5.86,1.1720000000000002,41.30961923860138,C,Quarterly,Low,"Simple control, bulk ordering"
23921,Landmark 12 Overlook Chard S,750mL,12,19.6,3.9200000000000004,55.32833351724881,C,Quarterly,Low,"Simple control, bulk ordering"
23925,Cote Mas Blanc Mediterrane,Liter,13,5.8,1.16,105.86263057247416,C,Quarterly,Low,"Simple control, bulk ordering"
23926,St Paul's Pnt Nr Alto Aldige,750mL,12,13.42,2.684,66.86507980379896,C,Quarterly,Low,"Simple control, bulk ordering"
23928,La Mura Rosso,750mL,12,4.79,0.9580000000000001,111.9200430369955,C,Quarterly,Low,"Simple control, bulk ordering"
23934,Talmard Macon Chard,750mL,12,11.91,2.382,70.97734409876762,C,Quarterly,Low,"Simple control, bulk ordering"
23935,Dom Sourdais Chinon,750mL,7,9.73,1.9460000000000002,59.97601439040671,C,Quarterly,Low,"Simple control, bulk ordering"
23938,Alphonse Dolly Pouilly-Fume,750mL,10,14.93,2.986,57.870215325633886,C,Quarterly,Low,"Simple control, bulk ordering"
23943,Canella Bellini Fusion,250mL,98,4.13,0.8260000000000001,344.447481913586,C,Quarterly,Low,"Simple control, bulk ordering"
23944,Ch du Courlat 10,750mL,19,17.23,3.446,74.25388206512268,C,Quarterly,Low,"Simple control, bulk ordering"
23945,Ch Haut Piquat 09,750mL,11,13.01,2.6020000000000003,65.0193609195671,C,Quarterly,Low,"Simple control, bulk ordering"
23946,Ch La Cardone Medoc 09,750mL,34,13.6,2.72,111.80339887498948,C,Quarterly,Low,"Simple control, bulk ordering"
23947,Ch Larose Trintaudon 09,750mL,67,15.48,3.096,147.10821483990964,C,Quarterly,Low,"Simple control, bulk ordering"
23948,Ch La Croix Lartigue 09,750mL,21,25.15,5.03,64.61385531146347,C,Quarterly,Low,"Simple control, bulk ordering"
23949,Ch Valfontaine 10,750mL,72,6.49,1.298,235.5206015936579,C,Quarterly,Low,"Simple control, bulk ordering"
23950,Ch Haut-Robert 10,750mL,58,7.38,1.476,198.23065593880665,C,Quarterly,Low,"Simple control, bulk ordering"
23951,Ch Moulin de Pillardot 10,750mL,75,7.28,1.4560000000000002,226.96032475080088,C,Quarterly,Low,"Simple control, bulk ordering"
23954,Notre Dame Luberon Rose,750mL,4,6.49,1.298,55.51273816533689,C,Quarterly,Low,"Simple control, bulk ordering"
23957,Angels & Cowboys Rose,750mL,23,9.45,1.89,110.31460542154956,C,Quarterly,Low,"Simple control, bulk ordering"
23959,Thorn Napa Valley Merlot,750mL,7,26.52,5.304,36.328482939696904,C,Quarterly,Low,"Simple control, bulk ordering"
23961,Ken Wright Cellars Pnt Nr,750mL,1,36.66,7.332,11.678545896676294,C,Quarterly,Low,"Simple control, bulk ordering"
23962,Enzo Boglietti Dolcetto Alba,750mL,8,12.66,2.532,56.20994273193427,C,Quarterly,Low,"Simple control, bulk ordering"
23964,La Font de Notre Dame Rastea,750mL,2,13.99,2.798,26.735674352058677,C,Quarterly,Low,"Simple control, bulk ordering"
23965,Dom le Clos des Lumieres CdR,750mL,13,9.86,1.972,81.19293127637093,C,Quarterly,Low,"Simple control, bulk ordering"
23966,Nortico Alvarinho,750mL,24,9.52,1.904,112.27217828476796,C,Quarterly,Low,"Simple control, bulk ordering"
23968,Santa Julia Malbec,750mL,84,8.27,1.654,225.35743475160402,C,Quarterly,Low,"Simple control, bulk ordering"
23969,Bellafina Prosecco,750mL,83,5.51,1.102,274.4405297249604,C,Quarterly,Low,"Simple control, bulk ordering"
23973,Catena RSV Cab Svgn,750mL,189,10.38,2.076,301.729120947491,B,Monthly,Medium,Moderate control
23974,Catena RSV Chard,750mL,90,11.25,2.25,200.0,C,Quarterly,Low,"Simple control, bulk ordering"
23982,Earthshaker La Quete Lirac C,750mL,12,10.45,2.09,75.77352304240824,C,Quarterly,Low,"Simple control, bulk ordering"
23983,King Estate Dom Pnt Nr 12,750mL,1,44.59,8.918000000000001,10.589275952301445,C,Quarterly,Low,"Simple control, bulk ordering"
23984,Triennes Rose 2012,750mL,2,9.86,1.972,31.8464877649241,C,Quarterly,Low,"Simple control, bulk ordering"
23987,Gerard Bertrand 14 Gris Bl,750mL,18,8.6,1.72,102.29915092057102,C,Quarterly,Low,"Simple control, bulk ordering"
23988,Rio Madre 2014 Rose Rioja,750mL,7,6.66,1.332,72.49313936680667,C,Quarterly,Low,"Simple control, bulk ordering"
23989,Sierra Cantabria 14 Rose Rio,750mL,1,8.96,1.7920000000000003,23.6227795630767,C,Quarterly,Low,"Simple control, bulk ordering"
23990,Moncigale Rose Cd Provnce 14,750mL,13,8.66,1.7320000000000002,86.63586827668681,C,Quarterly,Low,"Simple control, bulk ordering"
23991,Martin Ray 14 Rose of Pnt Nr,750mL,20,9.86,1.972,100.7074368138451,C,Quarterly,Low,"Simple control, bulk ordering"
23997,Pascal Jolivet Sancerre Rose,750mL,2,13.24,2.648,27.482485496465635,C,Quarterly,Low,"Simple control, bulk ordering"
23998,Belguardo Serrata Toscana,750mL,213,6.75,1.35,397.2125095937662,C,Quarterly,Low,"Simple control, bulk ordering"
24001,Lee Family Farm Rio Tinto S,750mL,28,11.64,2.3280000000000003,109.66992025589654,C,Quarterly,Low,"Simple control, bulk ordering"
24002,Corbett Canyon Chard,1.5L,1395,4.63,0.926,1227.3872582202687,A,Weekly,High,"Tight control, frequent replenishment"
24003,Corbett Canyon Cab Svgn,1.5L,335,4.54,0.908,607.406561766938,C,Quarterly,Low,"Simple control, bulk ordering"
24012,Bertani Secco 11 Orig V Ed,750mL,25,17.12,3.4240000000000004,85.4482408780829,C,Quarterly,Low,"Simple control, bulk ordering"
24013,Heritance Cab Svgn,750mL,6,17.1,3.4200000000000004,41.88539082916955,C,Quarterly,Low,"Simple control, bulk ordering"
24014,Au Contraire Chard RRV,750mL,45,9.08,1.816,157.41580506041757,C,Quarterly,Low,"Simple control, bulk ordering"
24015,Mazzei Zisola Notto Rosso,750mL,4,12.33,2.466,40.2748062220118,C,Quarterly,Low,"Simple control, bulk ordering"
24018,Fontanafredda Barolo Serralu,Liter,48,24.99,4.998,97.99919151000505,C,Quarterly,Low,"Simple control, bulk ordering"
24020,Rosenblum Vntr Cve XXX Znfdl,750mL,135,7.38,1.476,302.42918945456694,C,Quarterly,Low,"Simple control, bulk ordering"
24022,Fulchino Vyds 603 Red,750mL,30,10.06,2.012,122.10870885945873,C,Quarterly,Low,"Simple control, bulk ordering"
24024,Fulchino Vyds Barbera Red,750mL,38,13.69,2.738,117.80807955515334,C,Quarterly,Low,"Simple control, bulk ordering"
24029,W Hill Est Cntrl Cst Pnt Nr,750mL,143,10.34,2.068,262.9618530703888,C,Quarterly,Low,"Simple control, bulk ordering"
24033,Canyon Rd Svgn Bl,750mL,72,3.15,0.63,338.06170189140664,C,Quarterly,Low,"Simple control, bulk ordering"
24040,Merieau 12 Les Hex PN VdP,750mL,12,8.78,1.756,82.66627476821893,C,Quarterly,Low,"Simple control, bulk ordering"
24047,Kikkoman Plum Wine,750mL,47,5.8,1.16,201.28894996822441,C,Quarterly,Low,"Simple control, bulk ordering"
24048,Ozeki Dry Sake,750mL,63,6.7,1.34,216.82925396065525,C,Quarterly,Low,"Simple control, bulk ordering"
24049,Ozeki Hana Awaka Sprkl Sake,250mL,40,5.91,1.1820000000000002,183.95909204638758,C,Quarterly,Low,"Simple control, bulk ordering"
24050,Choyomusubi Ryo Junmai Sake,180mL,34,8.9,1.7800000000000002,138.2068145769434,C,Quarterly,Low,"Simple control, bulk ordering"
24051,Genbei San Demonslayer Sake,180mL,20,3.89,0.778,160.33384194871647,C,Quarterly,Low,"Simple control, bulk ordering"
24052,Poochi Poochi Sparkling Sake,300mL,8,9.73,1.9460000000000002,64.11705636375014,C,Quarterly,Low,"Simple control, bulk ordering"
24053,Ozeki Yamadanishiki Jun Sake,300mL,2,6.75,1.35,38.49001794597505,C,Quarterly,Low,"Simple control, bulk ordering"
24055,La Volpe Pnt Grigio,750mL,12,9.33,1.866,80.19269397646255,C,Quarterly,Low,"Simple control, bulk ordering"
24056,Honig Svgn Bl Rsv,750mL,40,12.74,2.548,125.29400275814703,C,Quarterly,Low,"Simple control, bulk ordering"
24075,Bouvet Brut,750mL,72,5.56,1.1119999999999999,254.4566789039913,C,Quarterly,Low,"Simple control, bulk ordering"
24086,Hess Select Chard,750mL,508,7.14,1.428,596.4413608384042,B,Monthly,Medium,Moderate control
24088,Hess Select Cab Svgn,750mL,552,8.75,1.75,561.630280013971,A,Weekly,High,"Tight control, frequent replenishment"
24094,Gallo Copperidge Cab Svgn,1.5L,350,4.57,0.9140000000000001,618.8151309575173,C,Quarterly,Low,"Simple control, bulk ordering"
24095,Gallo Copperidge Cab Svgn,750mL,22,2.7,0.54,201.84335693983277,C,Quarterly,Low,"Simple control, bulk ordering"
24096,Gallo Copperidge Chard Cal,1.5L,415,4.57,0.9140000000000001,673.8309432222326,B,Monthly,Medium,Moderate control
24097,Gallo Copperidge Chard Cal,750mL,74,2.57,0.514,379.4323017289524,C,Quarterly,Low,"Simple control, bulk ordering"
24098,Gallo Copperidge Wh Znfdl,1.5L,171,4.66,0.932,428.34144657012286,C,Quarterly,Low,"Simple control, bulk ordering"
24099,Gallo Copperidge Wh Znfdl,750mL,38,2.62,0.524,269.2936760666051,C,Quarterly,Low,"Simple control, bulk ordering"
24101,Soli White Blend,750mL,412,5.36,1.072,619.9422216698547,B,Monthly,Medium,Moderate control
24109,Beringer KVR Cab Svgn,750mL,26,34.24,6.848000000000001,61.6176027768252,C,Quarterly,Low,"Simple control, bulk ordering"
24118,Cecchi La Mora Morellino,750mL,23,9.93,1.986,107.61536819760524,C,Quarterly,Low,"Simple control, bulk ordering"
24119,Cecchi La Mora Vermentino,750mL,47,8.55,1.7100000000000002,165.78715305161333,C,Quarterly,Low,"Simple control, bulk ordering"
24123,Garnacha de Fuego 14 Rose Ar,750mL,6,6.53,1.306,67.78038583868523,C,Quarterly,Low,"Simple control, bulk ordering"
24124,Tarima 14 Blanco Alicante,750mL,14,6.07,1.2140000000000002,107.38773303283205,C,Quarterly,Low,"Simple control, bulk ordering"
24125,Botani 13 Muscat Srra Malaga,750mL,7,10.06,2.012,58.98411013577255,C,Quarterly,Low,"Simple control, bulk ordering"
24135,Chanson Vire Clesse,750mL,1,15.43,3.0860000000000003,18.00122412486215,C,Quarterly,Low,"Simple control, bulk ordering"
24136,Chanson Le Bourgogne Pnt Nr,750mL,5,15.03,3.0060000000000002,40.7840653526997,C,Quarterly,Low,"Simple control, bulk ordering"
24144,Ozeki Junmai Reishu Sake,18L,2,49.31,9.862000000000002,14.240738076707167,C,Quarterly,Low,"Simple control, bulk ordering"
24146,Louis Latour 12 Marsannay Bl,750mL,355,13.24,2.648,366.1467521483173,B,Monthly,Medium,Moderate control
24147,Toucas Vinho Verde DOC,750mL,2,5.91,1.1820000000000002,41.13450348948635,C,Quarterly,Low,"Simple control, bulk ordering"
24148,Roncolato Valpo Super S Barb,750mL,12,9.66,1.9320000000000002,78.81104062391006,C,Quarterly,Low,"Simple control, bulk ordering"
24151,Mas Janeil Cotes Roussillon,750mL,656,7.33,1.4660000000000002,668.9365631445153,B,Monthly,Medium,Moderate control
24152,Grape Time Super Tuscan,750mL,25,9.24,1.848,116.31052629980886,C,Quarterly,Low,"Simple control, bulk ordering"
24153,Grape Time Wh Cranbery Pnt G,750mL,30,8.72,1.7440000000000002,131.15576564675044,C,Quarterly,Low,"Simple control, bulk ordering"
24159,Krupp Bros The Doctor Red,750mL,1,67.56,13.512,8.602807037726697,C,Quarterly,Low,"Simple control, bulk ordering"
24165,Enzo Boglietti Brl Case Nere,750mL,6,55.19,11.038,23.314732143341164,C,Quarterly,Low,"Simple control, bulk ordering"
24166,Enzo Boglietti Barolo Fosati,750mL,8,50.33,10.066,28.19139264937484,C,Quarterly,Low,"Simple control, bulk ordering"
24170,Adelsheim Caitlins Rsv Chard,750mL,3,25.97,5.194,24.03309231823047,C,Quarterly,Low,"Simple control, bulk ordering"
24178,Ch Alie d'Argent Mout-Rth 12,750mL,2,74.82,14.963999999999999,11.56088678177274,C,Quarterly,Low,"Simple control, bulk ordering"
24180,Boscarelli Vino Nobile Monte,750mL,9,24.18,4.836,43.13979814072881,C,Quarterly,Low,"Simple control, bulk ordering"
24181,Constanti Brunello Montalcno,750mL,4,54.1,10.82,19.227214231343208,C,Quarterly,Low,"Simple control, bulk ordering"
24182,Conterno Barolo Sori Gnestra,750mL,12,62.49,12.498000000000001,30.98634577648569,C,Quarterly,Low,"Simple control, bulk ordering"
24183,CaRome Barbaresco Chiarmanti,750mL,1,55.84,11.168000000000001,9.462639551305806,C,Quarterly,Low,"Simple control, bulk ordering"
24185,Conterno Fantino Barolo Mosc,750mL,14,63.26,12.652000000000001,33.26476243496364,C,Quarterly,Low,"Simple control, bulk ordering"
24188,St Francis Cab Svgn Sonoma,750mL,722,8.55,1.7100000000000002,649.7862896539309,A,Weekly,High,"Tight control, frequent replenishment"
24191,Mirafiore Dolcetto D'Alba,750mL,4,13.79,2.758,38.08315012473062,C,Quarterly,Low,"Simple control, bulk ordering"
24193,Ch Montaud Cotes de Provence,1.5L,32,14.19,2.838,106.18637464037978,C,Quarterly,Low,"Simple control, bulk ordering"
24195,Casa E Mirafiori Barb d'Alba,750mL,9,16.33,3.266,52.49442276385627,C,Quarterly,Low,"Simple control, bulk ordering"
24203,Vega Sindoa 14 Garnacha Nava,750mL,20,4.82,0.9640000000000001,144.03780047891934,C,Quarterly,Low,"Simple control, bulk ordering"
24205,Raeburn Chard RRV,750mL,460,6.81,1.362,581.1528367623663,B,Monthly,Medium,Moderate control
24208,R M Woodbridge Znfdl Cal,1.5L,38,6.07,1.2140000000000002,176.9222504429903,C,Quarterly,Low,"Simple control, bulk ordering"
24216,Dom Ste Michelle Extra Dry,750mL,10,8.78,1.756,75.46363905912276,C,Quarterly,Low,"Simple control, bulk ordering"
24243,Tenet Syrah The Pundit,750mL,18,12.98,2.596,83.26910724800534,C,Quarterly,Low,"Simple control, bulk ordering"
24244,Ch Corconnac Svgn Bl,750mL,74,14.47,2.894,159.90667630793507,C,Quarterly,Low,"Simple control, bulk ordering"
24253,Franzia Dark Red Blend,5L,1,12.16,2.4320000000000004,20.277677641345317,C,Quarterly,Low,"Simple control, bulk ordering"
24260,Red Car Ritchie Vyd Chard,750mL,2,36.54,7.308,16.543055566182172,C,Quarterly,Low,"Simple control, bulk ordering"
24265,Antinori Chianti Clsc Pepoli,750mL,42,14.09,2.818,122.0827070756825,C,Quarterly,Low,"Simple control, bulk ordering"
24273,von Buhl Jazz Rsl,750mL,9,10.45,2.09,65.62179588897106,C,Quarterly,Low,"Simple control, bulk ordering"
24274,Armand Kabinett Rsl,750mL,1,12.9,2.58,19.687480773953943,C,Quarterly,Low,"Simple control, bulk ordering"
24275,Becker Family Pnt Bl,750mL,4,11.64,2.3280000000000003,41.45133361448391,C,Quarterly,Low,"Simple control, bulk ordering"
24276,Paul Buisse Svgn Bl Touraine,750mL,2,8.05,1.6100000000000003,35.245368842512065,C,Quarterly,Low,"Simple control, bulk ordering"
24279,Fontanafredda La Rosa Barolo,750mL,1,46.35,9.270000000000001,10.386282547495929,C,Quarterly,Low,"Simple control, bulk ordering"
24280,Mazzei Siepi,750mL,12,58.21,11.642000000000001,32.105306883988824,C,Quarterly,Low,"Simple control, bulk ordering"
24281,Col D'Orcia Brunello Montalc,750mL,3,73.82,14.764,14.254717310139142,C,Quarterly,Low,"Simple control, bulk ordering"
24285,Dom Clavel Languedoc,750mL,14,9.03,1.806,88.04509063256238,C,Quarterly,Low,"Simple control, bulk ordering"
24286,Kendall Jackson Gr RSV Cab S,750mL,197,14.83,2.966,257.719654070859,B,Monthly,Medium,Moderate control
24287,Bollini RSV Pinot Grigio,750mL,3,10.45,2.09,37.88676152120412,C,Quarterly,Low,"Simple control, bulk ordering"
24288,Olivier & Lafont Ventoux Bl,750mL,20,7.14,1.428,118.34526708278773,C,Quarterly,Low,"Simple control, bulk ordering"
24289,Thierry Delaunay Tour Svgn B,750mL,53,9.58,1.9160000000000001,166.31835559281518,C,Quarterly,Low,"Simple control, bulk ordering"
24290,Ch La Gr Metaine Entre Mers,750mL,49,8.16,1.6320000000000001,173.275820020918,C,Quarterly,Low,"Simple control, bulk ordering"
24291,Dom Fond Croze La Croix Coq,750mL,128,11.99,2.398,231.0363929031631,C,Quarterly,Low,"Simple control, bulk ordering"
24292,Olivier & Lafont Ventx Rouge,750mL,36,7.48,1.4960000000000002,155.12630699850573,C,Quarterly,Low,"Simple control, bulk ordering"
24294,La Gr Comtadine Vacqueyras C,750mL,134,12.98,2.596,227.19567260793494,B,Monthly,Medium,Moderate control
24297,Motto Cab Svgn Backbone,750mL,59,7.43,1.486,199.25838274852717,C,Quarterly,Low,"Simple control, bulk ordering"
24299,Rosemount Diamond Merlot,750mL,125,5.88,1.176,326.02533184831316,C,Quarterly,Low,"Simple control, bulk ordering"
24301,Mija Sangria,750mL,33,5.47,1.094,173.6793995292503,C,Quarterly,Low,"Simple control, bulk ordering"
24303,Cupcake Black Forest,750mL,81,4.99,0.9980000000000001,284.8900220248133,C,Quarterly,Low,"Simple control, bulk ordering"
24305,Marquis d Gelida Brut Rsv,750mL,29,11.18,2.236,113.88410139691975,C,Quarterly,Low,"Simple control, bulk ordering"
24310,Hi! Prosecco,750mL,140,6.53,1.306,327.41036906349035,C,Quarterly,Low,"Simple control, bulk ordering"
24311,Ch Calon 12 Segur St-Estphe,750mL,18,60.68,12.136000000000001,38.51221244723226,C,Quarterly,Low,"Simple control, bulk ordering"
24312,Ch Clos Fourtet 12 St-Emilin,750mL,14,67.11,13.422,32.2964955820479,C,Quarterly,Low,"Simple control, bulk ordering"
24314,Ch Pez 12 St-Estephe,750mL,4,28.38,5.676,26.546593660094945,C,Quarterly,Low,"Simple control, bulk ordering"
24322,Ch Phelan Segur St-Estphe 12,750mL,5,32.89,6.578,27.570082621595997,C,Quarterly,Low,"Simple control, bulk ordering"
24323,Ch Pichon Long Comtesse L 12,750mL,17,88.43,17.686000000000003,31.00342333168045,C,Quarterly,Low,"Simple control, bulk ordering"
24325,La Crema Chard Sonoma Cst,750mL,1662,10.88,2.176,873.9489485695846,A,Weekly,High,"Tight control, frequent replenishment"
24327,La Crema Pnt Nr Sonoma Cst,750mL,600,13.1,2.62,478.54742041702224,A,Weekly,High,"Tight control, frequent replenishment"
24330,Ch Reserve de la Comtesse 12,750mL,18,32.41,6.481999999999999,52.696496121531446,C,Quarterly,Low,"Simple control, bulk ordering"
24331,Ch Talbot St-Julien 12 GCC,750mL,21,39.6,7.920000000000001,51.49286505444372,C,Quarterly,Low,"Simple control, bulk ordering"
24334,Sea Pearl Svgn Bl,750mL,12,8.96,1.7920000000000003,81.83170883849714,C,Quarterly,Low,"Simple control, bulk ordering"
24335,Gran Passione Gavi,750mL,20,7.99,1.598,111.87334157740449,C,Quarterly,Low,"Simple control, bulk ordering"
24336,Meridian Cab Svgn Cal,750mL,2,7.58,1.516,36.3216356146074,C,Quarterly,Low,"Simple control, bulk ordering"
24341,Dom Henri Boillot Mersault,750mL,2,46.35,9.270000000000001,14.688421641307723,C,Quarterly,Low,"Simple control, bulk ordering"
24346,Antinori Badia Chianti Clsc,750mL,1,24.99,4.998,14.144964899666775,C,Quarterly,Low,"Simple control, bulk ordering"
24347,Fess Parker Marcella's White,750mL,3,10.13,2.0260000000000002,38.48051775628425,C,Quarterly,Low,"Simple control, bulk ordering"
24349,Fess Parker Pnt Nr Bien Naci,750mL,5,35.48,7.096,26.54472306194161,C,Quarterly,Low,"Simple control, bulk ordering"
24353,Diora Pnt Nr,750mL,4,11.48,2.2960000000000003,41.7391935564841,C,Quarterly,Low,"Simple control, bulk ordering"
24357,Bota Box Nighthawk Dark Red,3L,131,12.24,2.4480000000000004,231.32892576464542,C,Quarterly,Low,"Simple control, bulk ordering"
24359,Stradanova Barolo,750mL,1,32.44,6.4879999999999995,12.414938696425567,C,Quarterly,Low,"Simple control, bulk ordering"
24361,JJ Prum Graacher Him Rsl Aus,750mL,7,30.71,6.142,33.75935293778967,C,Quarterly,Low,"Simple control, bulk ordering"
24363,Mommessin Les Gr Mises Amour,750mL,1,16.21,3.2420000000000004,17.562789445387732,C,Quarterly,Low,"Simple control, bulk ordering"
24365,Mommessin Les Gr Morgon C Py,750mL,3,17.12,3.4240000000000004,29.60013892364469,C,Quarterly,Low,"Simple control, bulk ordering"
24369,Forefront Pine Ridge Znfdl,750mL,1029,8.21,1.6420000000000003,791.6279346039466,A,Weekly,High,"Tight control, frequent replenishment"
24377,Bon Affair Svgn Bl Spritzer,330mL,88,3.39,0.678,360.2686640890153,C,Quarterly,Low,"Simple control, bulk ordering"
24378,Napa Highlands Meritage,750mL,1386,6.84,1.368,1006.557447310804,A,Weekly,High,"Tight control, frequent replenishment"
24379,Madison's Ranch Cab Svgn,750mL,1909,8.78,1.756,1042.6551877522584,A,Weekly,High,"Tight control, frequent replenishment"
24387,Steph Avrn Julienas Vielles,750mL,14,13.42,2.684,72.22254066446158,C,Quarterly,Low,"Simple control, bulk ordering"
24388,Steph Avrn Chn Vielles Vig,750mL,2,13.6,2.72,27.116307227332022,C,Quarterly,Low,"Simple control, bulk ordering"
24392,Ch Fuisse Pouilly Fuisse Tet,750mL,16,24.82,4.964,56.77329558036595,C,Quarterly,Low,"Simple control, bulk ordering"
24398,Fleur de Pnt Nr California,750mL,90,11.4,2.2800000000000002,198.67985355975657,C,Quarterly,Low,"Simple control, bulk ordering"
24404,Carpineto Valcolomba Verment,750mL,1,7.89,1.578,25.173668017796203,C,Quarterly,Low,"Simple control, bulk ordering"
24406,St Mayhem White Aged/Peppers,750mL,19,15.64,3.128,77.93695399458439,C,Quarterly,Low,"Simple control, bulk ordering"
24408,Chapelle de Bastion Picpoul,750mL,23,6.8,1.36,130.04524099667142,C,Quarterly,Low,"Simple control, bulk ordering"
24410,Marques de Grinon 10 Caliza,750mL,5,12.32,2.4640000000000004,45.04687313477795,C,Quarterly,Low,"Simple control, bulk ordering"
24411,Marques de Grinon 10 Cab Svg,750mL,3,27.02,5.404,23.561501173052562,C,Quarterly,Low,"Simple control, bulk ordering"
24415,Hidalgo Gobernador Oloroso S,750mL,4,19.86,3.972,31.73404079876884,C,Quarterly,Low,"Simple control, bulk ordering"
24416,Hidlago Morenita Crm Sherry,750mL,39,8.44,1.688,152.00087303316255,C,Quarterly,Low,"Simple control, bulk ordering"
24418,Hidlago Panesa Fino Sherry,750mL,36,9.26,1.852,139.4218237020519,C,Quarterly,Low,"Simple control, bulk ordering"
24419,Bonterra Mendocino Org Chard,750mL,982,6.74,1.348,853.5142921382587,A,Weekly,High,"Tight control, frequent replenishment"
24424,Adaption by Odette Chard,750mL,2,21.05,4.21,21.795857001338646,C,Quarterly,Low,"Simple control, bulk ordering"
24426,Plumpjack Rsv Chard,750mL,1,30.91,6.182,12.718488441509727,C,Quarterly,Low,"Simple control, bulk ordering"
24429,Baracchi O'Lillo,750mL,758,8.1,1.62,684.0330654053948,A,Weekly,High,"Tight control, frequent replenishment"
24430,Eden Ice Sprklng Cider Semi,375mL,6,5.74,1.1480000000000001,72.29440390678198,C,Quarterly,Low,"Simple control, bulk ordering"
24432,Tintero Langhe Arneis,750mL,37,5.95,1.1900000000000002,176.3304765909453,C,Quarterly,Low,"Simple control, bulk ordering"
24449,Santa Barbara Winery Chard,750mL,4,10.34,2.068,43.979949713354245,C,Quarterly,Low,"Simple control, bulk ordering"
24451,Llopart Rose Cava Brut Rsva,750mL,14,15.12,3.024,68.04138174397717,C,Quarterly,Low,"Simple control, bulk ordering"
24452,Vega Sindoa 14 Chard Navarra,750mL,21,7.58,1.516,117.69555108016328,C,Quarterly,Low,"Simple control, bulk ordering"
24453,Estancia Meritage,750mL,301,15.43,3.0860000000000003,312.3095660847571,B,Monthly,Medium,Moderate control
24454,Convento Las Claras 12 Tinto,750mL,25,14.28,2.856,93.56014857063997,C,Quarterly,Low,"Simple control, bulk ordering"
24455,Franciscan Cab Svgn Napa,750mL,832,11.71,2.342,596.0301346699437,A,Weekly,High,"Tight control, frequent replenishment"
24456,Franciscan Est Chard Napa,750mL,458,8.21,1.6420000000000003,528.1364751832627,B,Monthly,Medium,Moderate control
24458,Franciscan Magnificat Red,750mL,72,26.52,5.304,116.5103456070926,B,Monthly,Medium,Moderate control
24476,Les Pasquets Entre Deux Mers,750mL,12,6.7,1.34,94.63204468147676,C,Quarterly,Low,"Simple control, bulk ordering"
24483,Daou Rsv Cab Svgn,750mL,9,35.94,7.188,35.38483872158037,C,Quarterly,Low,"Simple control, bulk ordering"
24486,Farmstead Long Meadow Chard,750mL,11,12.49,2.498,66.35904473585046,C,Quarterly,Low,"Simple control, bulk ordering"
24489,Hunt & Harvest Cab Svgn,750mL,108,12.49,2.498,207.9292852633705,C,Quarterly,Low,"Simple control, bulk ordering"
24493,Buehler Cab Svgn Napa,750mL,499,14.76,2.952,411.1422386223578,A,Weekly,High,"Tight control, frequent replenishment"
24494,Buehler Wh Znfdl Napa,750mL,12,6.8,1.36,93.93364366277241,C,Quarterly,Low,"Simple control, bulk ordering"
24495,Ch Giscours Margaux 06,375mL,4,23.33,4.6659999999999995,29.279093626983396,C,Quarterly,Low,"Simple control, bulk ordering"
24496,Luce Brunello Montalcino 10,750mL,5,70.74,14.148,18.799118116455897,C,Quarterly,Low,"Simple control, bulk ordering"
24497,Killibinbin Seduction Cab Sv,750mL,78,8.1,1.62,219.42686286812776,C,Quarterly,Low,"Simple control, bulk ordering"
24498,Cuvaison Chard,750mL,50,16.55,3.3100000000000005,122.90541152149844,C,Quarterly,Low,"Simple control, bulk ordering"
24503,Far Niente Chard Napa,750mL,50,47.29,9.458,72.70852715988241,B,Monthly,Medium,Moderate control
24512,Tin Barn Cab Svgn Sonoma Cty,750mL,12,13.79,2.758,65.96195092830646,C,Quarterly,Low,"Simple control, bulk ordering"
24513,R8 Cab Svgn,750mL,12,7.99,1.598,86.65671776277227,C,Quarterly,Low,"Simple control, bulk ordering"
24520,I Lauri Spumante Brut Rose,750mL,26,8.96,1.7920000000000003,120.45301395742894,C,Quarterly,Low,"Simple control, bulk ordering"
24527,Scott Family Est Chard Arroy,750mL,19,13.07,2.6140000000000003,85.25581470094193,C,Quarterly,Low,"Simple control, bulk ordering"
24528,Scott Family Est Pnt Nr Arro,750mL,15,16.43,3.286,67.56345499155307,C,Quarterly,Low,"Simple control, bulk ordering"
24529,Joseph Drouhin Mersault,750mL,3,38.35,7.670000000000001,19.777115296204705,C,Quarterly,Low,"Simple control, bulk ordering"
24530,Joseph Drouhin Puligny-Montr,750mL,6,44.96,8.992,25.831372136935897,C,Quarterly,Low,"Simple control, bulk ordering"
24531,Joseph Drouhin Cote de Beaun,750mL,6,17.1,3.4200000000000004,41.88539082916955,C,Quarterly,Low,"Simple control, bulk ordering"
24532,Joseph Drouhin Cote de Nuits,750mL,1,19.2,3.84,16.137430609197573,C,Quarterly,Low,"Simple control, bulk ordering"
24534,Joseph Drouhin Nuits St Geo,750mL,4,44.44,8.888,21.21426417532435,C,Quarterly,Low,"Simple control, bulk ordering"
24539,Stonestreet Est Vyds Svgn Bl,750mL,1,19.99,3.9979999999999998,15.815342630852664,C,Quarterly,Low,"Simple control, bulk ordering"
24540,Signo 11 Bobal de Manchuela,750mL,45,13.79,2.758,127.7347687143409,C,Quarterly,Low,"Simple control, bulk ordering"
24546,Selini Nano Svgn Bl,187mL,32,2.66,0.532,245.2557357939863,C,Quarterly,Low,"Simple control, bulk ordering"
24552,Gnarly Head 1924 Double Blac,750mL,411,6.7,1.34,553.8198424672483,B,Monthly,Medium,Moderate control
24554,Merieau L'Arpent des Vaudons,750mL,16,8.66,1.7320000000000002,96.11386626644254,C,Quarterly,Low,"Simple control, bulk ordering"
24555,Claude Riffault Chass Sancer,750mL,2,18.24,3.6479999999999997,23.41464528954235,C,Quarterly,Low,"Simple control, bulk ordering"
24556,Mas Alta Black Slate Priorat,750mL,12,11.64,2.3280000000000003,71.7958158617738,C,Quarterly,Low,"Simple control, bulk ordering"
24557,Dom La Fage Tess Carignan VV,750mL,36,8.78,1.756,143.1821879710043,C,Quarterly,Low,"Simple control, bulk ordering"
24558,Dom La Fage Cve Nicholas VdP,750mL,101,7.43,1.486,260.7061535896602,C,Quarterly,Low,"Simple control, bulk ordering"
24559,Dom Janasse Terre d'Argile,750mL,12,13.42,2.684,66.86507980379896,C,Quarterly,Low,"Simple control, bulk ordering"
24560,Dom La Fage Tessellae CdRous,750mL,6,8.6,1.72,59.06244232186183,C,Quarterly,Low,"Simple control, bulk ordering"
24564,Chronic Cellars Suite Petite,750mL,1,10.27,2.054,22.06478908203439,C,Quarterly,Low,"Simple control, bulk ordering"
24567,Ravenswood Mendocino OV Znfd,750mL,13,9.08,1.816,84.60845293686704,C,Quarterly,Low,"Simple control, bulk ordering"
24572,Galerie Latro Cab S Knights,750mL,3,33.33,6.666,21.21426417532435,C,Quarterly,Low,"Simple control, bulk ordering"
24574,Galerie Pleinair Cab Svgn NV,750mL,3,32.89,6.578,21.355694169400763,C,Quarterly,Low,"Simple control, bulk ordering"
24575,Failla Pnt Nr Sonoma Cst,750mL,27,23.17,4.634,76.33151239300653,C,Quarterly,Low,"Simple control, bulk ordering"
24576,Failla Chard Sonoma Cst,750mL,13,23.8,4.760000000000001,52.25985492684408,C,Quarterly,Low,"Simple control, bulk ordering"
24578,Jean Laurent Blanc de Noirs,750mL,7,26.81,5.362,36.131468676496205,C,Quarterly,Low,"Simple control, bulk ordering"
24579,Mt Beautiful Svgn Bl,750mL,10,10.27,2.054,69.77498959044452,C,Quarterly,Low,"Simple control, bulk ordering"
24580,Mt Beautiful Pnt Nr,750mL,37,12.25,2.45,122.89036095775181,C,Quarterly,Low,"Simple control, bulk ordering"
24585,Moshin Vyds Pnt Nr RRV,750mL,4,14.93,2.986,36.60033782267716,C,Quarterly,Low,"Simple control, bulk ordering"
24587,Woodbridge Harvest Spice Red,750mL,151,4.51,0.902,409.15249598009365,C,Quarterly,Low,"Simple control, bulk ordering"
24588,Boundary Breaks OLN Rsl,750mL,25,10.2,2.04,110.70186069251191,C,Quarterly,Low,"Simple control, bulk ordering"
24589,Navardia Rioja Organic,750mL,1,8.96,1.7920000000000003,23.6227795630767,C,Quarterly,Low,"Simple control, bulk ordering"
24591,Dominios Ribera del Duero Cr,750mL,2,9.67,1.9340000000000002,32.15783206921657,C,Quarterly,Low,"Simple control, bulk ordering"
24592,Vendange Cab Svgn,1.5L,451,4.69,0.9380000000000002,693.4048128918473,B,Monthly,Medium,Moderate control
24593,Bodegas La Cartuja Priorat,750mL,60,10.13,2.0260000000000002,172.09010702487853,C,Quarterly,Low,"Simple control, bulk ordering"
24594,Torresella Prosecco Xtra Dry,750mL,26,8.84,1.768,121.2678125181665,C,Quarterly,Low,"Simple control, bulk ordering"
24595,Greg Norman Svgn Blanc Marlb,750mL,132,5.86,1.1720000000000002,335.6009331752861,C,Quarterly,Low,"Simple control, bulk ordering"
24602,Terre del Barolo Barbrsco 10,750mL,3,15.17,3.0340000000000003,31.44508978712735,C,Quarterly,Low,"Simple control, bulk ordering"
24603,Zeni 11 Amarone Classico,750mL,41,20.13,4.026,100.91484165261559,C,Quarterly,Low,"Simple control, bulk ordering"
24604,Dark Horse Pnt Nr,750mL,361,5.4,1.08,578.1515884776753,B,Monthly,Medium,Moderate control
24605,Fortant Chard,750mL,434,5.29,1.058,640.4747766372276,B,Monthly,Medium,Moderate control
24606,Fortant Cab Svgn,750mL,724,5.15,1.03,838.3988438441595,B,Monthly,Medium,Moderate control
24612,Estancia Pnt Nr Monterey,750mL,443,5.82,1.1640000000000001,616.9150609604717,B,Monthly,Medium,Moderate control
24621,Cline Chard Sonoma Cst,750mL,43,5.88,1.176,191.21879052629777,C,Quarterly,Low,"Simple control, bulk ordering"
24631,Acumen Moutainside Red Napa,750mL,606,16.77,3.354,425.0644484439367,A,Weekly,High,"Tight control, frequent replenishment"
24634,Marques de Caceres RSV Red,750mL,435,10.27,2.054,460.19766296351276,B,Monthly,Medium,Moderate control
24646,Pierre Dupond Renjardire CdR,750mL,80,5.94,1.1880000000000002,259.499648053841,C,Quarterly,Low,"Simple control, bulk ordering"
24647,Dom Perignon P2 Blanc 1998,750mL,3,193.54,38.708,8.803599177544797,C,Quarterly,Low,"Simple control, bulk ordering"
24648,Mumm Napa Bl de Blanc,750mL,271,9.67,1.9340000000000002,374.3315310518298,B,Monthly,Medium,Moderate control
24650,Perrier Jouet BE Luxury Case,750mL,29,77.23,15.446000000000002,43.33022894154719,B,Monthly,Medium,Moderate control
24662,Silver Totem Cab Svgn,750mL,22,13.51,2.702,90.23367969005312,C,Quarterly,Low,"Simple control, bulk ordering"
24663,M Chiarlo Rovereto Gavi 13,750mL,6,10.95,2.19,52.342392259021366,C,Quarterly,Low,"Simple control, bulk ordering"
24664,M Chiarlo 10 Chiarlo Rosso,750mL,498,6.62,1.324,613.2967719738913,B,Monthly,Medium,Moderate control
24665,Nardi Casale 08 Bosco Brunel,750mL,374,19.3,3.8600000000000003,311.2734998515687,A,Weekly,High,"Tight control, frequent replenishment"
24666,Salviano Orvieto 13 Clsco,750mL,282,5.19,1.038,521.2257673772802,C,Quarterly,Low,"Simple control, bulk ordering"
24668,Darioush Merlot Napa Valley,750mL,7,41.37,8.274,29.086486358157504,C,Quarterly,Low,"Simple control, bulk ordering"
24670,Freemark Abbey Cab Svgn Ruth,750mL,6,47.61,9.522,25.10218561694025,C,Quarterly,Low,"Simple control, bulk ordering"
24671,Palacios Bolo Godello Valdeo,750mL,5,9.58,1.9160000000000001,51.08427684025952,C,Quarterly,Low,"Simple control, bulk ordering"
24672,Bolla Merlot,1.5L,49,8.49,1.6980000000000002,169.87489334070153,C,Quarterly,Low,"Simple control, bulk ordering"
24673,Bolla Pinot Grigio,1.5L,338,8.96,1.7920000000000003,434.2995181076896,B,Monthly,Medium,Moderate control
24684,F Coppola Vendetta Cab/Malbc,750mL,14,15.53,3.106,67.13721041670577,C,Quarterly,Low,"Simple control, bulk ordering"
24686,Barco Negro Douro,750mL,766,5.51,1.102,833.7264650422203,B,Monthly,Medium,Moderate control
24691,Ch Vignot 09 St Emilion Gr C,750mL,1,39.47,7.894,11.255153930195682,C,Quarterly,Low,"Simple control, bulk ordering"
24692,Calmel & Joseph Chard,750mL,8,8.49,1.6980000000000002,68.63982230545803,C,Quarterly,Low,"Simple control, bulk ordering"
24694,Cormons Schioppettino,750mL,2,8.96,1.7920000000000003,33.40765523905305,C,Quarterly,Low,"Simple control, bulk ordering"
24699,Alfred Gratien Champagne Bru,750mL,16,31.07,6.214,50.74279285488602,C,Quarterly,Low,"Simple control, bulk ordering"
24700,Cavas Hill 1887 Brut Cava,750mL,17,8.44,1.688,100.35482074815023,C,Quarterly,Low,"Simple control, bulk ordering"
24701,Gratien & Meyer Cremant Brut,750mL,12,10.2,2.04,76.69649888473704,C,Quarterly,Low,"Simple control, bulk ordering"
24703,Kenwood J London Cab Svgn,750mL,37,15.43,3.0860000000000003,109.49717160621185,C,Quarterly,Low,"Simple control, bulk ordering"
24704,Kenwood Chard Sonoma,750mL,12,7.94,1.588,86.9291381699617,C,Quarterly,Low,"Simple control, bulk ordering"
24705,Kenwood Merlot Sonoma,750mL,26,7.84,1.568,128.7696884094282,C,Quarterly,Low,"Simple control, bulk ordering"
24706,Kenwood J London Znfdl,750mL,5,12.74,2.548,44.29811949614587,C,Quarterly,Low,"Simple control, bulk ordering"
24715,Banfi Summus Tuscany Red,750mL,3,39.47,7.894,19.494498454107454,C,Quarterly,Low,"Simple control, bulk ordering"
24717,Merum Monastrell Jumilla,750mL,12,7.94,1.588,86.9291381699617,C,Quarterly,Low,"Simple control, bulk ordering"
24720,Tenuta Sette Ponti Crognolo,750mL,7,18.54,3.708,43.44893715889175,C,Quarterly,Low,"Simple control, bulk ordering"
24722,Feudo Saia Nero d'Avola 13,750mL,7,19.17,3.8340000000000005,42.729023291004836,C,Quarterly,Low,"Simple control, bulk ordering"
24723,Tenuta di Biserno Il Pino,750mL,2,41.37,8.274,15.54738093389993,C,Quarterly,Low,"Simple control, bulk ordering"
24724,Nozzole La Forra Chianti Gra,750mL,4,25.34,5.0680000000000005,28.09387802771537,C,Quarterly,Low,"Simple control, bulk ordering"
24725,Nozzole Vineto Il Pareto,750mL,5,40.9,8.18,24.72340882170744,C,Quarterly,Low,"Simple control, bulk ordering"
24727,Nardi Brunllo d Montlcino 10,750mL,34,34.86,6.972,69.83301121219611,C,Quarterly,Low,"Simple control, bulk ordering"
24728,Nardi Rosso di Montalcino 13,750mL,27,15.06,3.0120000000000005,94.67916046467046,C,Quarterly,Low,"Simple control, bulk ordering"
24732,Masi Serego Alighieri Vaio A,750mL,4,41.17,8.234,22.04065843483248,C,Quarterly,Low,"Simple control, bulk ordering"
24734,Dom Piquemal Cotes du Roussi,750mL,12,10.34,2.068,76.17550741785384,C,Quarterly,Low,"Simple control, bulk ordering"
24736,Dumangin Champagne Cuvee 17,750mL,23,26.66,5.332000000000001,65.67783792573145,C,Quarterly,Low,"Simple control, bulk ordering"
24751,Lugny Macon Vllgs Vielle Rsv,750mL,12,10.73,2.1460000000000004,74.7783303855266,C,Quarterly,Low,"Simple control, bulk ordering"
24752,A Bichot Petit Chablis,750mL,24,5.95,1.1900000000000002,142.01432049934525,C,Quarterly,Low,"Simple control, bulk ordering"
24754,Girl & Dragon Malbec,750mL,9,9.45,1.89,69.00655593423542,C,Quarterly,Low,"Simple control, bulk ordering"
24755,Sokol Blosser Evolution Pnt,750mL,336,7.79,1.558,464.3932643562575,B,Monthly,Medium,Moderate control
24757,Domain Drouhin Pnt Nr Ore,750mL,23,26.45,5.29,65.9380473395787,C,Quarterly,Low,"Simple control, bulk ordering"
24759,Sokol Blosser Evolution Sprk,750mL,25,11.03,2.206,106.4552907145728,C,Quarterly,Low,"Simple control, bulk ordering"
24766,Tenshen Red,750mL,546,10.27,2.054,515.5800469472481,A,Weekly,High,"Tight control, frequent replenishment"
24768,Vinsacro Rioja,750mL,649,10.95,2.19,544.3776556430934,A,Weekly,High,"Tight control, frequent replenishment"
24771,Les Darons Lang J Carrel Rou,750mL,296,8.66,1.7320000000000002,413.40137014848733,B,Monthly,Medium,Moderate control
24772,3 Ball Znfdl,750mL,184,8.78,1.756,323.7029488417402,C,Quarterly,Low,"Simple control, bulk ordering"
24774,J Bouchon Canto Norte,750mL,21,8.38,1.6760000000000002,111.9367363092245,C,Quarterly,Low,"Simple control, bulk ordering"
24775,J Bouchon Canto Sur,750mL,30,8.9,1.7800000000000002,129.82269672237462,C,Quarterly,Low,"Simple control, bulk ordering"
24778,Rocca Delle Macie Chianti C,1.5L,107,14.66,2.9320000000000004,191.0336641690124,C,Quarterly,Low,"Simple control, bulk ordering"
24779,Straccali Chianti,1.5L,616,6.84,1.368,671.0382982072027,A,Weekly,High,"Tight control, frequent replenishment"
24782,Casa Silva Los Lingues Cab S,750mL,83,10.95,2.19,194.67805058350936,C,Quarterly,Low,"Simple control, bulk ordering"
24786,Opus One 12,750mL,39,159.73,31.945999999999998,34.940093260787954,A,Weekly,High,"Tight control, frequent replenishment"
24787,Rodney Strong Chard Sonoma C,750mL,61,12.98,2.596,153.28955852218388,C,Quarterly,Low,"Simple control, bulk ordering"
24788,Gentleman's Collection Cab S,750mL,314,9.45,1.89,407.5997621902718,B,Monthly,Medium,Moderate control
24791,St Mayhem Red Coffee & Peppe,750mL,11,15.53,3.106,59.510776483824024,C,Quarterly,Low,"Simple control, bulk ordering"
24792,St Mayhem Wh Peach & Ginger,750mL,3,15.43,3.0860000000000003,31.179034782695844,C,Quarterly,Low,"Simple control, bulk ordering"
24798,The Pinot Project Pnt Nr,750mL,46,8.38,1.6760000000000002,165.6692509670713,C,Quarterly,Low,"Simple control, bulk ordering"
24799,The Chard Project Chard,750mL,26,8.55,1.7100000000000002,123.3072518653023,C,Quarterly,Low,"Simple control, bulk ordering"
24805,Menage a Trois Silk Soft Red,750mL,1077,6.84,1.368,887.2883982980877,A,Weekly,High,"Tight control, frequent replenishment"
24812,Tortoise Creek Cal Pnt Nr,750mL,36,8.78,1.756,143.1821879710043,C,Quarterly,Low,"Simple control, bulk ordering"
24817,Mirassou Pnt Nr,1.5L,33,13.1,2.62,112.22931812734248,C,Quarterly,Low,"Simple control, bulk ordering"
24819,Brancaia Blu Rosso Toscana,750mL,3,48.38,9.676000000000002,17.608108170274548,C,Quarterly,Low,"Simple control, bulk ordering"
24825,Anakota 11 Helena Montana CS,750mL,3,54.05,10.81,16.65895597152038,C,Quarterly,Low,"Simple control, bulk ordering"
24829,Cecchi Chianti Classico,750mL,2278,7.53,1.5060000000000002,1229.8846294914126,A,Weekly,High,"Tight control, frequent replenishment"
24837,Wycliff Brut,750mL,468,3.42,0.684,827.1701918685111,C,Quarterly,Low,"Simple control, bulk ordering"
24840,Honig Svgn Bl Napa,750mL,730,8.44,1.688,657.6202969619349,A,Weekly,High,"Tight control, frequent replenishment"
24842,Jacobs Crk Shrz/Cab Svgn,750mL,225,4.6,0.9199999999999999,494.53535504684027,C,Quarterly,Low,"Simple control, bulk ordering"
24846,Franciscan Merlot Napa,750mL,272,12.25,2.45,333.19725113401716,B,Monthly,Medium,Moderate control
24857,Ch du Parc Brdx Rouge,750mL,3,8.49,1.6980000000000002,42.033135170919856,C,Quarterly,Low,"Simple control, bulk ordering"
24858,Ch Plaisance Cuvee Alix Roug,750mL,116,10.13,2.0260000000000002,239.28158351465194,C,Quarterly,Low,"Simple control, bulk ordering"
24860,Mystos Longboard Vyd 13 Pnt,750mL,2,35.48,7.096,16.788356946826866,C,Quarterly,Low,"Simple control, bulk ordering"
24863,Double Canyon Heaven H Cab S,750mL,54,16.54,3.308,127.76565609690198,C,Quarterly,Low,"Simple control, bulk ordering"
24868,Ch St Sulpice Brdx Blanc,750mL,16,7.48,1.4960000000000002,103.41753799900383,C,Quarterly,Low,"Simple control, bulk ordering"
24872,Soter Vyds Brut Rose,750mL,1,38.4,7.68,11.41088661469096,C,Quarterly,Low,"Simple control, bulk ordering"
24874,Benziger Merlot,750mL,113,7.94,1.588,266.7558624966327,C,Quarterly,Low,"Simple control, bulk ordering"
24875,Glen Ellen Merlot RSV,1.5L,2007,4.57,0.9140000000000001,1481.83752509034,A,Weekly,High,"Tight control, frequent replenishment"
24876,Wine & Soul Manoela Douro,750mL,31,13.15,2.6300000000000003,108.56828378189464,C,Quarterly,Low,"Simple control, bulk ordering"
24881,Monjardin El Cerezo Chard,750mL,5,8.21,1.6420000000000003,55.1821256520063,C,Quarterly,Low,"Simple control, bulk ordering"
24882,Boones Strawberry Hill,750mL,133,1.94,0.388,585.4771602331206,C,Quarterly,Low,"Simple control, bulk ordering"
24883,Foz Arouce 11 Beira Atlantic,750mL,1,12.41,2.482,20.072391147592505,C,Quarterly,Low,"Simple control, bulk ordering"
24885,Passadouro 12 Tinto Douro,750mL,1,9.45,1.89,23.002185311411807,C,Quarterly,Low,"Simple control, bulk ordering"
24888,Armand de Brignac Brut Rose,750mL,2,278.14,55.628,5.996091821783221,C,Quarterly,Low,"Simple control, bulk ordering"
24897,Carpineto Rosso di Montalcno,750mL,20,18.91,3.782,72.7200611779588,C,Quarterly,Low,"Simple control, bulk ordering"
24907,Bogle Old Vine Znfdl Cal,750mL,580,6.89,1.3780000000000001,648.76795147581,B,Monthly,Medium,Moderate control
24921,Appolo Vyds Seyval,750mL,3,10.4,2.08,37.97772626563749,C,Quarterly,Low,"Simple control, bulk ordering"
24922,Appolo Vyds China Girl,750mL,5,10.47,2.0940000000000003,48.86486052449468,C,Quarterly,Low,"Simple control, bulk ordering"
24924,Sea Smoke Sea Spray Blanc,750mL,1,53.68,10.736,9.651142956027286,C,Quarterly,Low,"Simple control, bulk ordering"
24926,Herzog Kosher Znfdl,750mL,13,6.84,1.368,97.4829419776003,C,Quarterly,Low,"Simple control, bulk ordering"
24928,Rive Droite Rive Gauche CDR,750mL,290,6.16,1.2320000000000002,485.16967175371786,B,Monthly,Medium,Moderate control
24929,Corvo Nero d'Avola & Pnt Gr,750mL 2 Pk,34,11.84,2.368,119.8253233173527,C,Quarterly,Low,"Simple control, bulk ordering"
24930,L'Ecole No 41 Cab 12 Walla W,750mL,7,28.28,5.656000000000001,35.17987723651459,C,Quarterly,Low,"Simple control, bulk ordering"
24933,Lancaster Est Cab Svgn,750mL,8,25.97,5.194,39.24587541391115,C,Quarterly,Low,"Simple control, bulk ordering"
24936,T-Vine Petite Sirah Napa,750mL,643,9.67,1.9340000000000002,576.6034699258292,A,Weekly,High,"Tight control, frequent replenishment"
24937,NH Winter Warmer Red,750mL,21,11.43,2.286,95.84545740950243,C,Quarterly,Low,"Simple control, bulk ordering"
24938,NH Barnett Hill Dry White,750mL,17,10.59,2.118,89.59040148236575,C,Quarterly,Low,"Simple control, bulk ordering"
24939,NH 1761 Walpole Rose,750mL,7,13.01,2.6020000000000003,51.86750696001786,C,Quarterly,Low,"Simple control, bulk ordering"
24952,Jackhammer Chard Monterey,750mL,12,9.2,1.8399999999999999,80.75728530872483,C,Quarterly,Low,"Simple control, bulk ordering"
24963,Ch Messile Aubert Montgne St,750mL,29,15.17,3.0340000000000003,97.76675726764957,C,Quarterly,Low,"Simple control, bulk ordering"
24964,Ch Jean de Gue Lalande de Po,750mL,4,26.14,5.228000000000001,27.660638840895512,C,Quarterly,Low,"Simple control, bulk ordering"
24967,Terra d'Oro Ch Bl/Viognier,750mL,81,8.1,1.62,223.60679774997897,C,Quarterly,Low,"Simple control, bulk ordering"
24970,Hayes Ranch Red Blend,750mL,4,6.16,1.2320000000000002,56.98028822981897,C,Quarterly,Low,"Simple control, bulk ordering"
24971,Hugel Gentil White,750mL,114,7.18,1.436,281.7573186796156,C,Quarterly,Low,"Simple control, bulk ordering"
24975,Tenshen White,750mL,88,11.76,2.352,193.42948582466573,C,Quarterly,Low,"Simple control, bulk ordering"
24991,Ch Behere Courtin Pauillac,750mL,9,40.4,8.08,33.37456196174886,C,Quarterly,Low,"Simple control, bulk ordering"
24992,Buglioni L'Amarone,750mL,31,36.18,7.236000000000001,65.45330305759829,C,Quarterly,Low,"Simple control, bulk ordering"
24993,Tardieu Laurent Le Becs Fins,750mL,31,12.92,2.584,109.5303794605305,C,Quarterly,Low,"Simple control, bulk ordering"
24994,Couvent des Thorins Moulin,750mL,2,17.44,3.4880000000000004,23.945657130528783,C,Quarterly,Low,"Simple control, bulk ordering"
24997,W Hill Merlot Napa,750mL,16,16.43,3.286,69.77923626520518,C,Quarterly,Low,"Simple control, bulk ordering"
24998,Royal Tokaji Mad Cuvee,375mL,13,11.1,2.22,76.52356405615106,C,Quarterly,Low,"Simple control, bulk ordering"
24999,Schramsberg Mirabelle B Rose,750mL,28,17.23,3.446,90.14079398035058,C,Quarterly,Low,"Simple control, bulk ordering"
25003,Tenuta Sette Cieli Indaco,750mL,16,32.65,6.53,49.49979504033549,C,Quarterly,Low,"Simple control, bulk ordering"
25004,Tenuta Sette Cieli Yantra,750mL,5,14.56,2.9120000000000004,41.43709650823724,C,Quarterly,Low,"Simple control, bulk ordering"
25005,Volpaia Chianti Clsco,750mL,77,11.68,2.336,181.55530498204476,C,Quarterly,Low,"Simple control, bulk ordering"
25007,St Supery Elu Meritage Red,750mL,2,36.18,7.236000000000001,16.62515560179388,C,Quarterly,Low,"Simple control, bulk ordering"
25008,St Supery Dollarhide Svgn Bl,750mL,4,19.47,3.894,32.050294323210466,C,Quarterly,Low,"Simple control, bulk ordering"
25009,St Supery Dollarhide Cab Svg,750mL,11,52.62,10.524000000000001,32.33001624789461,C,Quarterly,Low,"Simple control, bulk ordering"
25011,St Supery Rutherford Merlot,750mL,10,25.48,5.096,44.29811949614587,C,Quarterly,Low,"Simple control, bulk ordering"
25012,Virtu St Supery White Blend,750mL,9,13.6,2.72,57.52237416355278,C,Quarterly,Low,"Simple control, bulk ordering"
25015,Ch Graves de Pez St Estephe,750mL,9,20.4,4.08,46.96682183138621,C,Quarterly,Low,"Simple control, bulk ordering"
25017,Ch Tertre de Viaud C d Bourg,750mL,21,8.16,1.6320000000000001,113.43565162162876,C,Quarterly,Low,"Simple control, bulk ordering"
25018,L'Enclos de Viaud Lalande Po,750mL,9,20.68,4.136,46.64778101783421,C,Quarterly,Low,"Simple control, bulk ordering"
25020,Ch de Pierreux Brouilly Rsv,750mL,9,17.56,3.512,50.62254802971203,C,Quarterly,Low,"Simple control, bulk ordering"
25021,Mark West Black Pnt Nr,750mL,600,7.28,1.4560000000000002,641.9407387663693,B,Monthly,Medium,Moderate control
25036,Albola Pinot Grigio,750mL,426,7.53,1.5060000000000002,531.8538576492741,B,Monthly,Medium,Moderate control
25039,Sutter Home Svgn Bl,1.5L,284,5.34,1.068,515.6719916732483,C,Quarterly,Low,"Simple control, bulk ordering"
25043,Bully Hill Goat Wh Semi-Dry,750mL,72,5.74,1.1480000000000001,250.43516133890463,C,Quarterly,Low,"Simple control, bulk ordering"
25046,Bully Hill Love My Goat Rd,750mL,508,5.55,1.11,676.5039967787756,B,Monthly,Medium,Moderate control
25054,Jadot Clos Vougeot 13,750mL,1,91.5,18.3,7.392212709545729,C,Quarterly,Low,"Simple control, bulk ordering"
25055,Jadot Echezeaux 13,750mL,2,116.88,23.376,9.249747947802586,C,Quarterly,Low,"Simple control, bulk ordering"
25056,Jadot Gevrey Chambertin 13,750mL,1,64.51,12.902000000000001,8.803826622526362,C,Quarterly,Low,"Simple control, bulk ordering"
25057,Jadot Marsannay Clos Roy 13,750mL,6,21.56,4.312,37.30235484764953,C,Quarterly,Low,"Simple control, bulk ordering"
25058,Jadot Bourgogne Le Chapitre,750mL,3,19.33,3.8659999999999997,27.8567022699279,C,Quarterly,Low,"Simple control, bulk ordering"
25061,Jadot Vosne Romanee 13,750mL,8,40.26,8.052,31.520500902563946,C,Quarterly,Low,"Simple control, bulk ordering"
25062,Jadot Nuit St George 13,750mL,5,34.92,6.984000000000001,26.756720794497312,C,Quarterly,Low,"Simple control, bulk ordering"
25063,Jadot Savigny 13 Clos de Gue,750mL,3,27.58,5.516,23.321071400849892,C,Quarterly,Low,"Simple control, bulk ordering"
25064,Jadot Beaune Bressandes 13,750mL,3,29.52,5.904,22.541740866685807,C,Quarterly,Low,"Simple control, bulk ordering"
25069,Jadot Cote de Beaune Vlgs 13,750mL,4,20.26,4.0520000000000005,31.419211180334745,C,Quarterly,Low,"Simple control, bulk ordering"
25070,Jadot Savigny les Beaune 13,750mL,5,23.64,4.728000000000001,32.51968036173024,C,Quarterly,Low,"Simple control, bulk ordering"
25076,Jadot Monthelie 13 Sous Roch,750mL,2,23.48,4.696000000000001,20.6372085853249,C,Quarterly,Low,"Simple control, bulk ordering"
25077,Jadot Mercurey 13,750mL,6,19.6,3.9200000000000004,39.123039821797576,C,Quarterly,Low,"Simple control, bulk ordering"
25078,Jadot Savigny Bl Clos de Gue,750mL,1,26.14,5.228000000000001,13.830319420447756,C,Quarterly,Low,"Simple control, bulk ordering"
25082,Jadot Bouzeron 13,750mL,6,14.86,2.972,44.93153158175935,C,Quarterly,Low,"Simple control, bulk ordering"
25083,Jadot Rully 13,750mL,3,17.1,3.4200000000000004,29.617443887954618,C,Quarterly,Low,"Simple control, bulk ordering"
25084,Calera Ctrl Coast Pnt Nr,750mL,5,17.76,3.5520000000000005,37.51876407422901,C,Quarterly,Low,"Simple control, bulk ordering"
25085,Jadot Marsannay 13,750mL,2,19.99,3.9979999999999998,22.36627204212922,C,Quarterly,Low,"Simple control, bulk ordering"
25086,Jadot Pernand Vergelesses 13,750mL,2,24.82,4.964,20.072391147592505,C,Quarterly,Low,"Simple control, bulk ordering"
25090,Jadot Ch des Jacques Fleurie,750mL,16,14.86,2.972,73.37288382470531,C,Quarterly,Low,"Simple control, bulk ordering"
25104,Nickel&Nickel Truchard Chard,750mL,6,30.91,6.182,31.153806981184488,C,Quarterly,Low,"Simple control, bulk ordering"
25105,EnRoute Chard Brumaire RRV,750mL,6,30.32,6.064,31.45545914925162,C,Quarterly,Low,"Simple control, bulk ordering"
25120,Foxglove Chard,750mL,12,9.73,1.9460000000000002,78.52703595022842,C,Quarterly,Low,"Simple control, bulk ordering"
25125,Zorvino Vyds Mango Magnifico,750mL,74,8.55,1.7100000000000002,208.02608923202297,C,Quarterly,Low,"Simple control, bulk ordering"
25126,Zorvino Vyds Peachez,750mL,69,6.62,1.324,228.28666983724136,C,Quarterly,Low,"Simple control, bulk ordering"
25130,Stratus Cab Franc VQA,750mL,8,20.68,4.136,43.979949713354245,C,Quarterly,Low,"Simple control, bulk ordering"
25137,Nicole Chanrion Cote de Brou,750mL,6,12.24,2.4480000000000004,49.50737714883371,C,Quarterly,Low,"Simple control, bulk ordering"
25139,Chigard Fleurie Les Moriers,750mL,5,13.6,2.72,42.87464628562721,C,Quarterly,Low,"Simple control, bulk ordering"
25140,Nicole Chanrion Cote de Brou,750mL,10,16.55,3.3100000000000005,54.96497099293127,C,Quarterly,Low,"Simple control, bulk ordering"
25141,The Federalist 1776 Zinfande,750mL,128,10.27,2.054,249.63459176571865,C,Quarterly,Low,"Simple control, bulk ordering"
25146,Barefoot Cellars Winter Red,750mL,22,3.39,0.678,180.13433204450766,C,Quarterly,Low,"Simple control, bulk ordering"
25154,Vina Cobos Cocodrilo Corte,750mL,12,17.0,3.4000000000000004,59.40885257860045,C,Quarterly,Low,"Simple control, bulk ordering"
25156,Champagne Malard Grand Cru B,750mL,2,32.89,6.578,17.436851272653897,C,Quarterly,Low,"Simple control, bulk ordering"
25157,M Lynch Bordeaux Blanc Grave,750mL,46,10.27,2.054,149.6506805624169,C,Quarterly,Low,"Simple control, bulk ordering"
25158,M Lynch Bordeaux Rouge Medoc,750mL,74,10.06,2.012,191.7793629556267,C,Quarterly,Low,"Simple control, bulk ordering"
25159,L'Eglise Saint-Hilaire Borde,750mL,22,7.89,1.578,118.07496920323435,C,Quarterly,Low,"Simple control, bulk ordering"
25160,Cinq les Pattes Bordeaux Bla,750mL,10,7.79,1.558,80.11544943070565,C,Quarterly,Low,"Simple control, bulk ordering"
25161,Baron La Rose Bordeaux Blanc,750mL,23,7.89,1.578,120.72867063715626,C,Quarterly,Low,"Simple control, bulk ordering"
25162,D.des Senechaux CdP,750mL,17,32.89,6.578,50.83672048420846,C,Quarterly,Low,"Simple control, bulk ordering"
25163,Colavita Pnt Nr,750mL,171,3.24,0.6480000000000001,513.7011669140813,C,Quarterly,Low,"Simple control, bulk ordering"
25181,Grahams 2000 Vintage Port,750mL,16,64.42,12.884,35.23989723356153,C,Quarterly,Low,"Simple control, bulk ordering"
25184,Riglos Gran Cab Svgn,750mL,5,17.23,3.446,38.09143777854998,C,Quarterly,Low,"Simple control, bulk ordering"
25185,Black Pearl Oro,750mL,15,12.24,2.4480000000000004,78.27803638564367,C,Quarterly,Low,"Simple control, bulk ordering"
25186,Jadot Ch d Jacques Morgon 11,750mL,326,8.66,1.7320000000000002,433.84525928829555,B,Monthly,Medium,Moderate control
25187,Ch Bruni Brdx Superieur,750mL,99,7.53,1.5060000000000002,256.3923785778912,C,Quarterly,Low,"Simple control, bulk ordering"
25188,Ch Les Granges Brdx,750mL,89,6.16,1.2320000000000002,268.7754820296296,C,Quarterly,Low,"Simple control, bulk ordering"
25190,Sixto Chardonnay,750mL,16,23.52,4.704,58.321184351980435,C,Quarterly,Low,"Simple control, bulk ordering"
25191,Cousino Macul Cab Svgn,750mL,1,7.33,1.4660000000000002,26.117584882778505,C,Quarterly,Low,"Simple control, bulk ordering"
25194,Ch Beaulieu Lalande de Pomer,750mL,23,11.48,2.2960000000000003,100.0870701079188,C,Quarterly,Low,"Simple control, bulk ordering"
25197,Ch La Rousseliere St Estephe,750mL 4 Pk,198,99.33,19.866,99.83374884595827,A,Weekly,High,"Tight control, frequent replenishment"
25198,Ch Fombrauge Le Cadran de Fo,750mL,16,17.76,3.5520000000000005,67.11560552140243,C,Quarterly,Low,"Simple control, bulk ordering"
25199,Le Prelat CdR Blanc,750mL,9,8.38,1.6760000000000002,73.27979531190472,C,Quarterly,Low,"Simple control, bulk ordering"
25200,Le Prelat CdR Rouge,750mL,40,8.78,1.756,150.9272781182455,C,Quarterly,Low,"Simple control, bulk ordering"
25201,Ch Croix de Jaugue St Emilio,750mL,92,12.41,2.482,192.5276124277746,C,Quarterly,Low,"Simple control, bulk ordering"
25203,Aveleda Follies,750mL,16,8.9,1.7800000000000002,94.80909262799544,C,Quarterly,Low,"Simple control, bulk ordering"
25204,Ch Rollan de By Medoc,750mL,55,17.0,3.4000000000000004,127.18675476729207,C,Quarterly,Low,"Simple control, bulk ordering"
25206,Quinta do Noval 2013 Port,750mL,1,60.8,12.16,9.068453126375145,C,Quarterly,Low,"Simple control, bulk ordering"
25210,Siduri Pnt Nr Williamette Vy,750mL,2,14.28,2.856,26.46280620124816,C,Quarterly,Low,"Simple control, bulk ordering"
25211,Ch de Carles Brdx,750mL,32,8.49,1.6980000000000002,137.27964461091605,C,Quarterly,Low,"Simple control, bulk ordering"
25236,Horseshoes & Handgrenades Re,750mL,1,12.24,2.4480000000000004,20.21130208636108,C,Quarterly,Low,"Simple control, bulk ordering"
25252,Hauts de Smith Rouge P-Le 12,750mL,5,19.35,3.8700000000000006,35.94425773447947,C,Quarterly,Low,"Simple control, bulk ordering"
25253,Ch du Levant Sauternes,375mL,37,10.52,2.104,132.61052496238176,C,Quarterly,Low,"Simple control, bulk ordering"
25254,Ch des Perligues Graves,750mL,23,8.44,1.688,116.7287129075859,C,Quarterly,Low,"Simple control, bulk ordering"
25255,Calera Ctrl Coast Chard,750mL,23,12.66,2.532,95.308594985138,C,Quarterly,Low,"Simple control, bulk ordering"
25256,Ch St Louis Vieux Galvesse L,750mL,38,11.1,2.22,130.83240086888688,C,Quarterly,Low,"Simple control, bulk ordering"
25257,Ch Boston Margaux,750mL,7,20.77,4.154,41.0502469326388,C,Quarterly,Low,"Simple control, bulk ordering"
25258,Ch Maine d'Arman Cote Bourg,750mL,35,8.72,1.7440000000000002,141.6644180429565,C,Quarterly,Low,"Simple control, bulk ordering"
25259,Ch Martinon Brdx Rouge,750mL,35,7.09,1.4180000000000001,157.1071342173958,C,Quarterly,Low,"Simple control, bulk ordering"
25260,Lavergne Brdx Rouge,750mL,149,5.19,1.038,378.87369845824566,C,Quarterly,Low,"Simple control, bulk ordering"
25264,Pommery Falltime Extra Dry C,750mL,86,20.54,4.108,144.6884979571305,B,Monthly,Medium,Moderate control
25265,Brittan Vyds Chard Wlmete Vy,750mL,8,29.05,5.8100000000000005,37.107092538965546,C,Quarterly,Low,"Simple control, bulk ordering"
25269,R Mondavi Cab Svgn Pvt Sel,750mL,2388,4.62,0.924,1607.6117642066397,A,Weekly,High,"Tight control, frequent replenishment"
25279,Pommery Cuvee Louise 2002,750mL,4,80.64,16.128,15.7485197087178,C,Quarterly,Low,"Simple control, bulk ordering"
25281,Ransom Dry Vermouth,500mL,66,12.92,2.584,159.81800795165316,C,Quarterly,Low,"Simple control, bulk ordering"
25282,Ransom Sweet Vermouth,500mL,48,12.49,2.498,138.61952350891366,C,Quarterly,Low,"Simple control, bulk ordering"
25283,Ransom Selection Pnt Nr,750mL,25,16.66,3.3320000000000003,86.61986608440463,C,Quarterly,Low,"Simple control, bulk ordering"
25285,A Bichot St-Amour Champlette,750mL,39,12.49,2.498,124.94994994794354,C,Quarterly,Low,"Simple control, bulk ordering"
25286,A Bichot Morgon Les Charmes,750mL,87,12.83,2.5660000000000003,184.13286063690236,C,Quarterly,Low,"Simple control, bulk ordering"
25319,Ch Deux Rocs Premices Red,750mL,9,8.6,1.72,72.33642332556181,C,Quarterly,Low,"Simple control, bulk ordering"
25335,George Wine Co Pnt Nr Sonoma,750mL,3,43.41,8.682,18.588773540169683,C,Quarterly,Low,"Simple control, bulk ordering"
25337,Ch Francs Brdx CdFrancs,750mL,97,11.18,2.236,208.281150292301,C,Quarterly,Low,"Simple control, bulk ordering"
25338,Ch Chantelune Margaux,750mL,39,32.46,6.492000000000001,77.50737845742145,C,Quarterly,Low,"Simple control, bulk ordering"
25339,Le Haut Medoc de Lascombes,750mL,30,23.02,4.604,80.72219632800743,C,Quarterly,Low,"Simple control, bulk ordering"
25341,Bollinger R.D. 2002,750mL,1,185.42,37.083999999999996,5.1928611917008,C,Quarterly,Low,"Simple control, bulk ordering"
25353,Calmel & Joseph CdRoussillon,750mL,3,9.58,1.9160000000000001,39.569710691074874,C,Quarterly,Low,"Simple control, bulk ordering"
25373,Sella & Mosca RSV Cannonau,750mL,418,7.74,1.548,519.640106028472,B,Monthly,Medium,Moderate control
25375,Sella & Mosca Vermentino Ca,750mL,101,6.66,1.332,275.36489577617886,C,Quarterly,Low,"Simple control, bulk ordering"
25376,Artesa Rsv Pnt Nr,750mL,3,25.32,5.064,24.339619175561772,C,Quarterly,Low,"Simple control, bulk ordering"
25381,Selbach-Oster Riesling,750mL,13,11.64,2.3280000000000003,74.7274543916929,C,Quarterly,Low,"Simple control, bulk ordering"
25382,Drouhin Laforet Red Bourgog,750mL,58,12.24,2.4480000000000004,153.9246908637998,C,Quarterly,Low,"Simple control, bulk ordering"
25383,Von Winning Riesling Pfalz,750mL,17,12.74,2.548,81.68169641383794,C,Quarterly,Low,"Simple control, bulk ordering"
25386,Champagne Pommerey 04 Gr Cru,750mL,29,33.11,6.622,66.17659396375666,C,Quarterly,Low,"Simple control, bulk ordering"
25411,Artesa Rsv Chard,750mL,7,26.17,5.234000000000001,36.570606328438856,C,Quarterly,Low,"Simple control, bulk ordering"
25415,Schlosskellerei Gobelsburg,750mL,26,9.08,1.816,119.65442163472309,C,Quarterly,Low,"Simple control, bulk ordering"
25416,Gaston Chiquet Trad Brut 1er,750mL,11,27.2,5.44,44.967308386531336,C,Quarterly,Low,"Simple control, bulk ordering"
25417,Kunde Cab Svgn Sonoma Valley,750mL,53,11.68,2.336,150.62654535102226,C,Quarterly,Low,"Simple control, bulk ordering"
25418,Malamatina Retsina,500mL,57,4.07,0.8140000000000001,264.6215600146179,C,Quarterly,Low,"Simple control, bulk ordering"
25419,Kunde Chard Sonoma Valley,750mL,231,9.33,1.866,351.8440168862468,B,Monthly,Medium,Moderate control
25423,Pol Roger 02 Sir W Churchill,750mL,2,151.36,30.272000000000006,8.128201109529439,C,Quarterly,Low,"Simple control, bulk ordering"
25426,Fattoire Barbi 13 MdScansano,750mL,4,13.33,2.6660000000000004,38.73467559917655,C,Quarterly,Low,"Simple control, bulk ordering"
25427,Fattoire Barbi 10 Brunello,750mL,24,27.62,5.524000000000001,65.91416971890094,C,Quarterly,Low,"Simple control, bulk ordering"
25428,Luigi Bosca Los Miradores Ma,750mL,7,19.3,3.8600000000000003,42.58487410561024,C,Quarterly,Low,"Simple control, bulk ordering"
25444,Calera Mt Harlan Chard,750mL,7,28.08,5.616,35.30493940568014,C,Quarterly,Low,"Simple control, bulk ordering"
25445,Maynard's 10 Yr Tawny Port,750mL,1,13.51,2.702,19.23788514932202,C,Quarterly,Low,"Simple control, bulk ordering"
25458,Seven Hills Cab Svgn Columbi,750mL,2,15.03,3.0060000000000002,25.794107751137894,C,Quarterly,Low,"Simple control, bulk ordering"
25459,Seven Hills Merlot Seven Hil,750mL,1,21.42,4.284000000000001,15.27830828380352,C,Quarterly,Low,"Simple control, bulk ordering"
25462,Buehler Estate Cab Svgn Napa,750mL,62,20.77,4.154,122.16944435630522,C,Quarterly,Low,"Simple control, bulk ordering"
25465,Benziger Tribute Estate Red,750mL,36,39.99,7.998000000000001,67.09042615247222,C,Quarterly,Low,"Simple control, bulk ordering"
25467,Schug Cab Svgn,750mL,31,17.23,3.446,94.84691517719644,C,Quarterly,Low,"Simple control, bulk ordering"
25482,J. Ordonez Victoria Moscatel,375mL,48,9.93,1.986,155.46441486729435,C,Quarterly,Low,"Simple control, bulk ordering"
25484,Finca Sandoval Tinto Manchue,750mL,146,11.99,2.398,246.74697578365976,B,Monthly,Medium,Moderate control
25496,Sierra Cantabria Unica Rsv 0,750mL,92,12.24,2.4480000000000004,193.8599993459332,C,Quarterly,Low,"Simple control, bulk ordering"
25497,Triga Alicante Tinto 11,750mL,77,12.98,2.596,172.223740956793,C,Quarterly,Low,"Simple control, bulk ordering"
25512,Sbragia Cab Svgn Monte Rosse,750mL,8,30.87,6.174,35.99661647706926,C,Quarterly,Low,"Simple control, bulk ordering"
25513,Elvio Cogno Dolcetto D'Alba,750mL,2,13.79,2.758,26.928853702142337,C,Quarterly,Low,"Simple control, bulk ordering"
25514,Elvio Cogno Barolo Cascina N,750mL,34,33.78,6.756,70.94056418670829,C,Quarterly,Low,"Simple control, bulk ordering"
25522,Sutter Home Clsc Cab Svgn,187mL 4 Pk,608,4.1,0.82,861.0826990679503,B,Monthly,Medium,Moderate control
25528,Masi Campo Torbe Amarone 00,750mL,1,79.46,15.892,7.932511708693393,C,Quarterly,Low,"Simple control, bulk ordering"
25531,BR Cohn Silver Cab Svgn Snm,750mL,121,15.68,3.136,196.42857142857142,B,Monthly,Medium,Moderate control
25535,Ch de Reynaud Cotes du Bourg,750mL,7,12.25,2.45,53.452248382484875,C,Quarterly,Low,"Simple control, bulk ordering"
25537,R Stemmler 13 Pnt Nr,750mL,9,11.4,2.2800000000000002,62.82808624375432,C,Quarterly,Low,"Simple control, bulk ordering"
25544,Tilia Bonarda Mendoza,750mL,3,7.94,1.588,43.46456908498085,C,Quarterly,Low,"Simple control, bulk ordering"
25557,Kenwood Cab Svgn Sonoma,750mL,36,9.8,1.9600000000000002,135.52618543578768,C,Quarterly,Low,"Simple control, bulk ordering"
25562,Elvio Cogno Barolo Ravera,750mL,9,45.75,9.15,31.362502409359003,C,Quarterly,Low,"Simple control, bulk ordering"
25563,Elvio Cogno Barbera D'Alba B,750mL,17,21.56,4.312,62.78921949939518,C,Quarterly,Low,"Simple control, bulk ordering"
25564,Elvio Cogno Barolo Vignaelen,750mL,2,67.11,13.422,12.20692793271357,C,Quarterly,Low,"Simple control, bulk ordering"
25581,BV Coastal Estate Merlot,750mL,100,6.07,1.2140000000000002,287.0057889651457,C,Quarterly,Low,"Simple control, bulk ordering"
25588,High Valley Znfdl,750mL,3,20.26,4.0520000000000005,27.209835049037945,C,Quarterly,Low,"Simple control, bulk ordering"
25594,Virginia Dare Chard Sonoma C,750mL,1,16.12,3.224,17.61174884190867,C,Quarterly,Low,"Simple control, bulk ordering"
25603,Verrazzano Chianti Clsc,750mL,226,11.4,2.2800000000000002,314.8377471294442,B,Monthly,Medium,Moderate control
25609,Wilson Winery Znfdl,750mL,46,16.43,3.286,118.3164515802708,C,Quarterly,Low,"Simple control, bulk ordering"
25621,Forest Glen Cab Svgn Cal,750mL,69,5.36,1.072,253.70390545238172,C,Quarterly,Low,"Simple control, bulk ordering"
25622,Forest Glen Chard,750mL,151,5.33,1.066,376.3655562015928,C,Quarterly,Low,"Simple control, bulk ordering"
25623,Forest Glen Merlot Cal,750mL,54,5.44,1.088,222.7831971697517,C,Quarterly,Low,"Simple control, bulk ordering"
25643,Kunde Magnolia Lane Svgn Bl,750mL,36,7.89,1.578,151.04200810677722,C,Quarterly,Low,"Simple control, bulk ordering"
25647,De Loach Russian River Chard,750mL,67,13.42,2.684,157.99601949371043,C,Quarterly,Low,"Simple control, bulk ordering"
25649,De Loach Chard Cal,750mL,571,6.84,1.368,646.0632018763439,B,Monthly,Medium,Moderate control
25652,Red Autumn Red,750mL,3,7.38,1.476,45.08348173337161,C,Quarterly,Low,"Simple control, bulk ordering"
25653,Ca'Momi Chard Rsv Napa,750mL,1,19.73,3.946,15.91920808366894,C,Quarterly,Low,"Simple control, bulk ordering"
25689,Nisia 13 O V Verdejo Rueda,750mL,157,6.03,1.2060000000000002,360.80801158953955,C,Quarterly,Low,"Simple control, bulk ordering"
25690,Cepa 21 Ribera Duero 06 Tnto,750mL,127,11.68,2.336,233.16611751316782,C,Quarterly,Low,"Simple control, bulk ordering"
25691,Tineta Avante 10 Tinto Fino,750mL,212,7.33,1.4660000000000002,380.27777597847836,C,Quarterly,Low,"Simple control, bulk ordering"
25696,Bonny Doon Vin Gris de Cigar,750mL,27,6.75,1.35,141.4213562373095,C,Quarterly,Low,"Simple control, bulk ordering"
25703,Murphy-Goode Svgn Bl,750mL,118,7.58,1.516,278.99177695677463,C,Quarterly,Low,"Simple control, bulk ordering"
25704,Murphy-Goode Chard Sonoma,750mL,103,7.53,1.5060000000000002,261.5207339571924,C,Quarterly,Low,"Simple control, bulk ordering"
25707,Schramsberg Brut Rose,750mL,5,23.22,4.644,32.812467956589906,C,Quarterly,Low,"Simple control, bulk ordering"
25708,Schramsberg Blanc de Blancs,750mL,33,21.85,4.37,86.89929467025404,C,Quarterly,Low,"Simple control, bulk ordering"
25711,Alexander Vly Vyd Cab Svgn,750mL,337,9.73,1.9460000000000002,416.1438995325909,B,Monthly,Medium,Moderate control
25714,Grgich Hills Cab Svgn Napa,750mL,47,38.35,7.670000000000001,78.28007750730829,B,Monthly,Medium,Moderate control
25715,Grgich Hills Fume Bl Napa,750mL,20,16.44,3.2880000000000003,77.99182688479127,C,Quarterly,Low,"Simple control, bulk ordering"
25716,Grgich Hills Chard Napa,750mL,76,25.8,5.16,121.3617821661442,B,Monthly,Medium,Moderate control
25727,Chappellet Cab Svgn Pritchrd,750mL,1,115.12,23.024,6.590367178037059,C,Quarterly,Low,"Simple control, bulk ordering"
25741,Cesari Recioto Valpolicella,500mL,24,25.8,5.16,68.19943394704735,C,Quarterly,Low,"Simple control, bulk ordering"
25748,Duca di Salaparuta Paso Mule,750mL,12,14.47,2.894,64.39340044393175,C,Quarterly,Low,"Simple control, bulk ordering"
25777,Ch Bonnet Red,750mL,94,8.96,1.7920000000000003,229.03134532822605,C,Quarterly,Low,"Simple control, bulk ordering"
25789,Ch Pitot Brdx,750mL,31,6.89,1.3780000000000001,149.98790468892926,C,Quarterly,Low,"Simple control, bulk ordering"
25796,Grgich Hills Znfdl,750mL,32,23.02,4.604,83.36952587937554,C,Quarterly,Low,"Simple control, bulk ordering"
25802,Dynamite Cab Svgn N Cst,750mL,253,8.21,1.6420000000000003,392.5307500930021,B,Monthly,Medium,Moderate control
25808,Edna Valley Chard,750mL,522,7.84,1.568,576.981943621554,B,Monthly,Medium,Moderate control
25817,Guigal Chtnf du Pape,750mL,18,32.67,6.534000000000001,52.48638810814779,C,Quarterly,Low,"Simple control, bulk ordering"
25831,Dry Creek Chenin Blanc Dry,750mL,57,6.89,1.3780000000000001,203.38214297542743,C,Quarterly,Low,"Simple control, bulk ordering"
25832,Dry Creek Fume Bl Sonoma,750mL,578,6.53,1.306,665.2614081656075,B,Monthly,Medium,Moderate control
25838,Dry Creek Cab Svgn Sonoma,750mL,65,12.49,2.498,161.30969175261185,C,Quarterly,Low,"Simple control, bulk ordering"
25846,Groth Svgn Bl Napa Valley,750mL,235,12.05,2.41,312.2665102824563,B,Monthly,Medium,Moderate control
25879,Firestone Santa Ynez Rsl,750mL,19,6.45,1.29,121.3617821661442,C,Quarterly,Low,"Simple control, bulk ordering"
25883,Honig Cab Svgn Napa,750mL,302,24.82,4.964,246.65367186335266,A,Weekly,High,"Tight control, frequent replenishment"
25915,Hogue Cellars Chard Wash,750mL,101,4.39,0.878,339.1668742152162,C,Quarterly,Low,"Simple control, bulk ordering"
25917,Hogue Cellars WA Svgn Bl,750mL,39,6.07,1.2140000000000002,179.2350577616088,C,Quarterly,Low,"Simple control, bulk ordering"
25918,Hogue Cellars Rsl Wash,750mL,104,5.88,1.176,297.3808570665904,C,Quarterly,Low,"Simple control, bulk ordering"
25919,Hogue Clrs Merlot Wash,750mL,24,5.88,1.176,142.85714285714286,C,Quarterly,Low,"Simple control, bulk ordering"
25932,Gabbiano Chianti Clsc,750mL,374,6.49,1.298,536.7826312580717,B,Monthly,Medium,Moderate control
25934,Gabbiano Chianti,750mL,673,5.15,1.03,808.3304140340305,B,Monthly,Medium,Moderate control
25963,Macrostie Carneros Chard,750mL,95,11.61,2.322,202.26963694357366,C,Quarterly,Low,"Simple control, bulk ordering"
25966,Robert Sinskey Pnt Nr Carner,750mL,104,23.8,4.760000000000001,147.8131912103866,B,Monthly,Medium,Moderate control
25984,C Y Toro Casa Diablo Svgn Bl,750mL,143,5.88,1.176,348.70996466373356,C,Quarterly,Low,"Simple control, bulk ordering"
25985,C Y Toro Casa Diablo Merlot,750mL,121,6.66,1.332,301.398143393155,C,Quarterly,Low,"Simple control, bulk ordering"
25992,Murphy-Goode Cab Svgn Cal,750mL,153,7.43,1.486,320.8753169759471,C,Quarterly,Low,"Simple control, bulk ordering"
25994,Rodney Strong Merlot Sonoma,750mL,312,11.72,2.3440000000000003,364.8366785943836,B,Monthly,Medium,Moderate control
25995,Gallo Cafe Znfdl Cal,1.5L,159,6.57,1.314,347.8571060220643,C,Quarterly,Low,"Simple control, bulk ordering"
26091,Pacific Rim Rsl,750mL,378,6.2,1.2400000000000002,552.1220061520997,B,Monthly,Medium,Moderate control
26092,Blackstone Merlot Cal,750mL,906,4.79,0.9580000000000001,972.4814910947769,A,Weekly,High,"Tight control, frequent replenishment"
26104,Spottswoode Cab Svgn Napa,750mL,8,105.51,21.102000000000004,19.47077257688515,C,Quarterly,Low,"Simple control, bulk ordering"
26134,Clos du Bois Znfdl Sonoma,750mL,60,6.07,1.2140000000000002,222.31372818542596,C,Quarterly,Low,"Simple control, bulk ordering"
26143,R Mondavi Pvt Sel Svgn Bl,750mL,448,4.65,0.9300000000000002,694.0608259421697,B,Monthly,Medium,Moderate control
26163,Lindemans Cawarra Shiraz/Cab,1.5L,49,8.82,1.7640000000000002,166.66666666666666,C,Quarterly,Low,"Simple control, bulk ordering"
26181,Jaume Serra Cristalino Brut,750mL,621,4.57,0.9140000000000001,824.2760897964138,B,Monthly,Medium,Moderate control
26219,Gloria Ferrer Carneros Chard,750mL,19,11.33,2.266,91.56865765331888,C,Quarterly,Low,"Simple control, bulk ordering"
26236,Marques de Caceres Rose,750mL,260,4.76,0.952,522.5985492684408,C,Quarterly,Low,"Simple control, bulk ordering"
26247,Roederer Brut Premier,750mL,6,32.46,6.492000000000001,30.40089501552408,C,Quarterly,Low,"Simple control, bulk ordering"
26248,Roederer Cristal,750mL,32,132.44,26.488,34.75764996874854,B,Monthly,Medium,Moderate control
26250,Roederer Est Brut,750mL,169,13.63,2.7260000000000004,248.9891522651298,B,Monthly,Medium,Moderate control
26285,Moet & Chandon Imperial,1.5L,66,45.45,9.090000000000002,85.20989421779174,B,Monthly,Medium,Moderate control
26383,Buehler Chard RRV,750mL,2275,7.89,1.578,1200.7074382815908,A,Weekly,High,"Tight control, frequent replenishment"
26390,Pepperwood Grove Cab Svgn,750mL,166,5.4,1.08,392.0506392083856,C,Quarterly,Low,"Simple control, bulk ordering"
26391,Pepperwood Grove Chard,750mL,92,5.15,1.03,298.8651675078823,C,Quarterly,Low,"Simple control, bulk ordering"
26392,Pepperwood Grove Pnt Nr,750mL,86,5.29,1.058,285.10602279573914,C,Quarterly,Low,"Simple control, bulk ordering"
26395,Trapiche Cab Svgn Oak Cask,750mL,335,3.94,0.788,652.0175638380454,B,Monthly,Medium,Moderate control
26396,Trapiche Chard,750mL,12,3.89,0.778,124.19405994016618,C,Quarterly,Low,"Simple control, bulk ordering"
26399,Trapiche Malbec Mendoza Oak,750mL,1746,3.94,0.788,1488.5348637533275,A,Weekly,High,"Tight control, frequent replenishment"
26426,Pommery Brut Royale,750mL,226,19.6,3.9200000000000004,240.110518771023,B,Monthly,Medium,Moderate control
26427,Latour Pouilly Fuisse,750mL,222,14.19,2.838,279.68571912043603,B,Monthly,Medium,Moderate control
26428,Latour Macon Village Chamery,750mL,141,9.14,1.8280000000000003,277.72914721406863,C,Quarterly,Low,"Simple control, bulk ordering"
26429,Bollinger Brut Special Cuve,750mL,23,51.36,10.272,47.31909311481701,C,Quarterly,Low,"Simple control, bulk ordering"
26456,Ravenswood Vntnrs Blnd Chard,750mL,539,4.5,0.9,773.8791177495933,B,Monthly,Medium,Moderate control
26462,Ravenswood Znfdl Sonoma,750mL,220,10.8,2.16,319.1423692521127,B,Monthly,Medium,Moderate control
26463,Ravenswood Vints Blend Znfdl,750mL,1210,4.65,0.9300000000000002,1140.6468642034677,A,Weekly,High,"Tight control, frequent replenishment"
26497,Ch Ste Michelle Canoe Rdg Me,750mL,35,11.61,2.322,122.77301310805788,C,Quarterly,Low,"Simple control, bulk ordering"
26501,Rodney Strong Knotty Vn Znfl,750mL,56,13.07,2.6140000000000003,146.36634295636688,C,Quarterly,Low,"Simple control, bulk ordering"
26530,Corbett Canyon Merlot,1.5L,475,4.72,0.944,709.35038316878,B,Monthly,Medium,Moderate control
26551,C R Clrs Fortissimo Red,4L,103,14.19,2.838,190.5076486657188,C,Quarterly,Low,"Simple control, bulk ordering"
26557,King Est Pnt Gris Ore,750mL,246,11.4,2.2800000000000002,328.47334266589314,B,Monthly,Medium,Moderate control
26558,King Est Pnt Nr Ore,750mL,56,16.54,3.308,130.1101756177221,C,Quarterly,Low,"Simple control, bulk ordering"
26632,R Mondavi Pvt Sel Znfdl,750mL,80,4.62,0.924,294.24494316824985,C,Quarterly,Low,"Simple control, bulk ordering"
26646,Guenoc Petite Sirah N Cst,750mL,54,9.93,1.986,164.89491297879383,C,Quarterly,Low,"Simple control, bulk ordering"
26663,Benziger Pnt Nr Sonoma,750mL,25,13.15,2.6300000000000003,97.49719699587897,C,Quarterly,Low,"Simple control, bulk ordering"
26732,Bonterra Cab Svgn Organic,750mL,706,6.79,1.358,721.0285567687275,A,Weekly,High,"Tight control, frequent replenishment"
26739,Chalk Hill Chard RRV,750mL,48,27.58,5.516,93.28428560339957,C,Quarterly,Low,"Simple control, bulk ordering"
26744,Santa Lucia Sangvs Monte Ant,750mL,491,6.42,1.284,618.3839858001508,B,Monthly,Medium,Moderate control
26755,Franzia Chianti Tap,5L,267,9.67,1.9340000000000002,371.5586667174151,B,Monthly,Medium,Moderate control
26779,Stonehedge Cab Svgn Cal,750mL,200,6.8,1.36,383.4824944236852,C,Quarterly,Low,"Simple control, bulk ordering"
26787,Moet & Chandon Imperial,187mL,281,6.86,1.372,452.55993594972824,B,Monthly,Medium,Moderate control
26811,Canyon Rd Merlot Cal,750mL,88,3.19,0.638,371.39067635410373,C,Quarterly,Low,"Simple control, bulk ordering"
26817,Ravenswood Vntrs Blnd Merlot,750mL,547,5.47,1.094,707.1067811865474,B,Monthly,Medium,Moderate control
26818,Ravenswood Znfdl Napa,750mL,128,10.45,2.09,247.4752899558984,C,Quarterly,Low,"Simple control, bulk ordering"
26821,Estancia Merlot Central Cst,750mL,542,4.93,0.986,741.4146885280272,B,Monthly,Medium,Moderate control
26826,Pellegrino Marsala Sweet,750mL,12,7.74,1.548,88.04509063256238,C,Quarterly,Low,"Simple control, bulk ordering"
26827,Cavit Merlot Trentino,1.5L,148,6.89,1.3780000000000001,327.7224922557709,C,Quarterly,Low,"Simple control, bulk ordering"
26876,Pol Roger Brut Vintage,750mL,36,54.05,10.81,57.7083162874525,B,Monthly,Medium,Moderate control
26885,Jolivet Sancerre,750mL,73,13.07,2.6140000000000003,167.11238538676807,C,Quarterly,Low,"Simple control, bulk ordering"
26886,Jolivet Pouilly Fume Pascal,750mL,1,14.86,2.972,18.343220956176328,C,Quarterly,Low,"Simple control, bulk ordering"
26889,Jaboulet Crozes Hermitage L,750mL,8,11.68,2.336,58.52057359806528,C,Quarterly,Low,"Simple control, bulk ordering"
26939,Ramos Pinto 10-Yr Tawny Red,750mL,9,22.57,4.514,44.65195489297516,C,Quarterly,Low,"Simple control, bulk ordering"
26943,Jordan Cab Svgn Alex Valley,750mL,110,33.11,6.622,128.88481555661676,B,Monthly,Medium,Moderate control
26944,Jordan Chard Sonoma,750mL,35,18.18,3.636,98.11199007389273,C,Quarterly,Low,"Simple control, bulk ordering"
26945,Ferrari-Carano Fume Bl,750mL,353,6.77,1.354,510.59671986777795,B,Monthly,Medium,Moderate control
26947,Ferrari-Carano Merlot,750mL,48,13.72,2.744,132.26001425322164,C,Quarterly,Low,"Simple control, bulk ordering"
26948,Ferrari-Carano Chard,750mL,621,11.53,2.306,518.9388064330927,A,Weekly,High,"Tight control, frequent replenishment"
26949,Sonoma-Cutrer Chard RRV,750mL,496,15.53,3.106,399.6134642356969,A,Weekly,High,"Tight control, frequent replenishment"
26966,De Loach Cab Svgn Cal,750mL,560,6.53,1.306,654.8207381269807,B,Monthly,Medium,Moderate control
27033,Penfolds B28 Shiraz/Kalimna,750mL,5,19.73,3.946,35.59643142304791,C,Quarterly,Low,"Simple control, bulk ordering"
27042,Luna di Luna Chard/Pnt Grigo,750mL,618,6.53,1.306,687.8957861169287,B,Monthly,Medium,Moderate control
27065,David Bruce Pnt Nr Sonoma,750mL,33,23.48,4.696000000000001,83.82873755583122,C,Quarterly,Low,"Simple control, bulk ordering"
27097,Vieux Telegraphe Chtnf Pape,750mL,34,51.72,10.344000000000001,57.33175054920571,B,Monthly,Medium,Moderate control
27111,Masi Amarone Costasera Valp,750mL,25,40.26,8.052,55.72089983649915,C,Quarterly,Low,"Simple control, bulk ordering"
27138,Korbel Brut,187mL 4 Pk,24,10.8,2.16,105.40925533894597,C,Quarterly,Low,"Simple control, bulk ordering"
27145,Schmitt Sohne QbA,750mL,433,6.03,1.2060000000000002,599.1979160679984,B,Monthly,Medium,Moderate control
27146,Codice Sierra Cantabria Red,750mL,123,6.57,1.314,305.9531106821322,C,Quarterly,Low,"Simple control, bulk ordering"
27176,Peter Vella Delicious Red B/,5L,95,9.2,1.8399999999999999,227.22331478659646,C,Quarterly,Low,"Simple control, bulk ordering"
27212,R Mondavi Cab Svgn Oakville,750mL,21,34.48,6.896,55.18372603847586,C,Quarterly,Low,"Simple control, bulk ordering"
27233,Turning Leaf RSV Merlot Cal,750mL,362,4.1,0.82,664.4271326745668,C,Quarterly,Low,"Simple control, bulk ordering"
27303,Wyndham Bin 555 Shiraz,750mL,228,5.91,1.1820000000000002,439.1963126157008,C,Quarterly,Low,"Simple control, bulk ordering"
27330,Hahn Cab Svgn Santa Lucia,750mL,179,7.89,1.578,336.80072372720423,C,Quarterly,Low,"Simple control, bulk ordering"
27331,Hahn Chard Monterey,750mL,107,7.89,1.578,260.3984467644019,C,Quarterly,Low,"Simple control, bulk ordering"
27350,Almaden Cab Svgn Cal B/B,5L,747,10.8,2.16,588.0759588125783,A,Weekly,High,"Tight control, frequent replenishment"
27351,Almaden Chard Cal B/B,5L,1317,10.38,2.076,796.48795570543,A,Weekly,High,"Tight control, frequent replenishment"
27361,Borsao Campo de Borja Red,750mL,361,5.99,1.1980000000000002,548.9403968241382,B,Monthly,Medium,Moderate control
27368,Muga Rioja RSV,750mL,186,14.38,2.8760000000000003,254.3091763242648,B,Monthly,Medium,Moderate control
27370,Sierra Cantabria Crianza,750mL,23,10.59,2.118,104.20797103663992,C,Quarterly,Low,"Simple control, bulk ordering"
27429,Grahams Six Grapes,750mL,177,12.9,2.58,261.9248960347044,B,Monthly,Medium,Moderate control
27432,Emilio Lustau Amontillado S,750mL,24,11.03,2.206,104.30445706813894,C,Quarterly,Low,"Simple control, bulk ordering"
27433,Emilio Lustau Fino Sherry,750mL,16,10.88,2.176,85.74929257125441,C,Quarterly,Low,"Simple control, bulk ordering"
27460,Ecco Domani Merlot Venezie,750mL,193,6.53,1.306,384.4209662937062,C,Quarterly,Low,"Simple control, bulk ordering"
27461,Ecco Domani Pnt Grigio Venez,750mL,2074,6.12,1.2240000000000002,1301.7082793177756,A,Weekly,High,"Tight control, frequent replenishment"
27472,Secco-Bertani Verona,750mL,63,8.6,1.72,191.3841868513284,C,Quarterly,Low,"Simple control, bulk ordering"
27488,Stival Pnt Grigio,1.5L,36,8.84,1.768,142.69544824634823,C,Quarterly,Low,"Simple control, bulk ordering"
27503,Ch Ste Michelle Hrse Hvn Svg,750mL,133,7.09,1.4180000000000001,306.25818546385125,C,Quarterly,Low,"Simple control, bulk ordering"
27512,Warre's Late Bottled Vintage,750mL,217,14.09,2.818,277.49769019300976,B,Monthly,Medium,Moderate control
27514,Clos du Bois RSV Cab Svgn,750mL,75,10.96,2.192,184.97385887512127,C,Quarterly,Low,"Simple control, bulk ordering"
27515,Clos du Bois RSV Chard RRV,750mL,152,8.96,1.7920000000000003,291.24118625535874,C,Quarterly,Low,"Simple control, bulk ordering"
27528,Bertani Due Uve White Venet,750mL,101,7.33,1.4660000000000002,262.4784795959912,C,Quarterly,Low,"Simple control, bulk ordering"
27556,Querceto Chianti Clsc RSV,750mL,14,8.9,1.7800000000000002,88.68578544121848,C,Quarterly,Low,"Simple control, bulk ordering"
27567,Zenato Pinot Grigio Veneto,750mL,129,7.23,1.4460000000000002,298.68314022934305,C,Quarterly,Low,"Simple control, bulk ordering"
27579,Zenato Amarone,750mL,6,43.33,8.666,26.312752627620938,C,Quarterly,Low,"Simple control, bulk ordering"
27581,Zenato Valpolicella Clsc,750mL,110,9.99,1.9980000000000002,234.63813640381449,C,Quarterly,Low,"Simple control, bulk ordering"
27591,Righetti Amarone Valpo Clsc,750mL,57,20.94,4.188000000000001,116.66325551023517,C,Quarterly,Low,"Simple control, bulk ordering"
27596,MezzaCorona Pnt Grigio,750mL,803,5.16,1.032,882.1002070024689,B,Monthly,Medium,Moderate control
27644,Cline Znfdl Cal,750mL,1204,6.84,1.368,938.1454892842194,A,Weekly,High,"Tight control, frequent replenishment"
27679,Henkell Brut,750mL,57,9.33,1.866,174.77592452684155,C,Quarterly,Low,"Simple control, bulk ordering"
27735,Bogle Cab Svgn Cal,750mL,979,6.53,1.306,865.8043379470695,A,Weekly,High,"Tight control, frequent replenishment"
27797,Casa Lapostolle Merlot,750mL,14,8.38,1.6760000000000002,91.39596247669024,C,Quarterly,Low,"Simple control, bulk ordering"
27798,Casa Lapostolle Svgn Bl,750mL,40,6.49,1.298,175.54669175502144,C,Quarterly,Low,"Simple control, bulk ordering"
27799,Ch de Sancerre Sancerre,750mL,97,17.41,3.482,166.90582113990163,B,Monthly,Medium,Moderate control
27801,Moet & Chandon Nectar Imper,750mL,81,31.29,6.258,113.76920675876954,B,Monthly,Medium,Moderate control
27802,Moet & Chandon Imperial,375mL,129,16.33,3.266,198.74067702775415,B,Monthly,Medium,Moderate control
27807,Night Harvest Chard,750mL,129,3.37,0.674,437.48675266081966,C,Quarterly,Low,"Simple control, bulk ordering"
27808,Blackstone Chard Monterey,750mL,153,4.54,0.908,410.4901979867142,C,Quarterly,Low,"Simple control, bulk ordering"
27813,Warre's Warrior Port,750mL,441,9.45,1.89,483.045891539648,B,Monthly,Medium,Moderate control
27817,Clos Pegase Carneros Chard,750mL,521,10.95,2.19,487.74946784081214,A,Weekly,High,"Tight control, frequent replenishment"
27830,Silverado Svgn Bl Napa,750mL,389,10.95,2.19,421.456487405587,B,Monthly,Medium,Moderate control
27831,Wild Horse CC Chard,750mL,551,6.84,1.368,634.6477588219923,B,Monthly,Medium,Moderate control
27835,Wild Horse CC Pnt Nr,750mL,566,9.14,1.8280000000000003,556.4422780062054,A,Weekly,High,"Tight control, frequent replenishment"
27854,F Coppola Black Label Claret,750mL,1857,10.2,2.04,954.0933484974407,A,Weekly,High,"Tight control, frequent replenishment"
27867,Vendange Merlot,1.5L,422,4.72,0.944,668.6059364865712,B,Monthly,Medium,Moderate control
27907,Sonoma-Cutrer Pierres Chard,750mL,6,26.31,5.2620000000000005,33.767600672658716,C,Quarterly,Low,"Simple control, bulk ordering"
27911,Ruffino Chianti Clsc Santdam,750mL,47,10.38,2.076,150.46491855192102,C,Quarterly,Low,"Simple control, bulk ordering"
27932,Marc Bredif Vouvray,750mL,59,11.99,2.398,156.85610134910925,C,Quarterly,Low,"Simple control, bulk ordering"
27934,Terruzzi & Puthod Vernaccia,750mL,1,3.37,0.674,38.518560788567264,C,Quarterly,Low,"Simple control, bulk ordering"
28038,Andre Spumante Calif,750mL,72,3.71,0.742,311.50447899069906,C,Quarterly,Low,"Simple control, bulk ordering"
28039,Canyon Rd Merlot,1.5L,77,5.88,1.176,255.88315785957948,C,Quarterly,Low,"Simple control, bulk ordering"
28069,Sutter Home Merlot Cal,1.5L,1512,5.45,1.09,1177.7758544403737,A,Weekly,High,"Tight control, frequent replenishment"
28070,Sutter Home Moscato Cal,1.5L,265,6.66,1.332,446.0369367540641,B,Monthly,Medium,Moderate control
28081,Gandia Hoya de Cadenas RSV,750mL,475,5.51,1.102,656.5321642986128,B,Monthly,Medium,Moderate control
28092,Cline Ancient Vin Znfdl,750mL,509,9.67,1.9340000000000002,513.0157001332875,B,Monthly,Medium,Moderate control
28114,Steele Chard Cal,750mL,356,10.88,2.176,404.47860410220784,B,Monthly,Medium,Moderate control
28122,Dom Carneros Pnt Nr Napa Vly,750mL,75,14.28,2.856,162.0509308880411,C,Quarterly,Low,"Simple control, bulk ordering"
28138,Columbia Crest Grand Chard,750mL,1507,6.16,1.2320000000000002,1105.9901833715728,A,Weekly,High,"Tight control, frequent replenishment"
28146,Kris Heart Rosso,750mL,26,7.84,1.568,128.7696884094282,C,Quarterly,Low,"Simple control, bulk ordering"
28147,Kris Pnt Grigio Alto Adige,750mL,1921,7.14,1.428,1159.843996077962,A,Weekly,High,"Tight control, frequent replenishment"
28155,Sauvion Muscadet Ch de Cler,750mL,8,10.32,2.064,62.257280636469034,C,Quarterly,Low,"Simple control, bulk ordering"
28156,Sauvion Vouvray,750mL,159,8.9,1.7800000000000002,298.8742924652925,C,Quarterly,Low,"Simple control, bulk ordering"
28162,Villa Maria Chard NZ,750mL,52,8.05,1.6100000000000003,179.71682349174418,C,Quarterly,Low,"Simple control, bulk ordering"
28163,Villa Maria Svgn Bl Pvt Bin,750mL,504,6.82,1.364,607.8663227023354,B,Monthly,Medium,Moderate control
28214,Lagaria Venezie Pnt Grigio,750mL,212,8.1,1.62,361.7515688022157,B,Monthly,Medium,Moderate control
28223,Ch Ste Michelle Canoe Rdge C,750mL,36,10.38,2.076,131.6853843918441,C,Quarterly,Low,"Simple control, bulk ordering"
28238,Banfi Pnt Grigio Rime,750mL,158,5.95,1.1900000000000002,364.3804457482556,C,Quarterly,Low,"Simple control, bulk ordering"
28239,Fetzer Eagle Peak Merlot,1.5L,170,8.55,1.7100000000000002,315.3017676423057,C,Quarterly,Low,"Simple control, bulk ordering"
28252,Steele Pacini Mendocno Znfdl,750mL,16,9.93,1.986,89.75742177304005,C,Quarterly,Low,"Simple control, bulk ordering"
28258,Nathanson Creek Cab Svgn,1.5L,236,5.36,1.072,469.2006540184522,C,Quarterly,Low,"Simple control, bulk ordering"
28260,Nathanson Creek Chard,1.5L,584,5.19,1.038,750.08027829833,B,Monthly,Medium,Moderate control
28262,Nathanson Creek Merlot,1.5L,352,5.15,1.03,584.5918001610473,B,Monthly,Medium,Moderate control
28266,Nathanson Creek Wh Znfdl,1.5L,60,5.36,1.072,236.5801117036919,C,Quarterly,Low,"Simple control, bulk ordering"
28272,Gallo Fairbanks Cream Sherry,1.5L,18,2.92,0.584,175.56172079419585,C,Quarterly,Low,"Simple control, bulk ordering"
28312,Gallo Copperidge Merlot Cal,1.5L,328,4.72,0.944,589.4553648230238,C,Quarterly,Low,"Simple control, bulk ordering"
28313,Gallo Copperidge Merlot Cal,750mL,24,2.71,0.542,210.4291871495683,C,Quarterly,Low,"Simple control, bulk ordering"
28316,Livingston Nat Flvrs Chard,1.5L,4,5.26,1.052,61.66264159782074,C,Quarterly,Low,"Simple control, bulk ordering"
28317,Livingston Wh Znfdl Cal,1.5L,2,4.69,0.9380000000000002,46.17570965396101,C,Quarterly,Low,"Simple control, bulk ordering"
28323,M & R Bianco Vermouth,750mL,1,4.83,0.9660000000000001,32.174472604389344,C,Quarterly,Low,"Simple control, bulk ordering"
28457,Clos Pegase Merlot Napa,750mL,777,11.76,2.352,574.7670335511101,A,Weekly,High,"Tight control, frequent replenishment"
28474,Burgans Albarino Baixas Rio,750mL,460,7.14,1.428,567.5639625104965,B,Monthly,Medium,Moderate control
28497,Warre's Fine Selected Ruby P,750mL,70,8.16,1.6320000000000001,207.1042173948785,C,Quarterly,Low,"Simple control, bulk ordering"
28538,Shooting Star Chard Lake Cny,750mL,3,9.8,1.9600000000000002,39.123039821797576,C,Quarterly,Low,"Simple control, bulk ordering"
28548,St Francis Old Vines Znfdl,750mL,336,11.03,2.206,390.2715422624475,B,Monthly,Medium,Moderate control
28578,Stella Pinot Grigio Umbria,750mL,19,7.89,1.578,109.72947492781552,C,Quarterly,Low,"Simple control, bulk ordering"
28579,R M Woodbridge Merlot Cal,750mL,631,3.24,0.6480000000000001,986.7955371295338,B,Monthly,Medium,Moderate control
28580,Silverado Chard,750mL,206,14.83,2.966,263.54090734629597,B,Monthly,Medium,Moderate control
28606,Cline Viognier Sonoma Count,750mL,69,6.62,1.324,228.28666983724136,C,Quarterly,Low,"Simple control, bulk ordering"
28658,R Mondavi Pnt Nr Pvt Sel,750mL,1056,4.53,0.9060000000000001,1079.6123905862162,A,Weekly,High,"Tight control, frequent replenishment"
28681,F Coppola Rosso Bianco Rosso,750mL,224,5.95,1.1900000000000002,433.8609156373123,B,Monthly,Medium,Moderate control
28682,F Coppola Rosso Bianco Pnt G,750mL,299,5.34,1.068,529.1148710974578,B,Monthly,Medium,Moderate control
28690,Stonehedge Merlot Cal,750mL,136,6.66,1.332,319.5341955129405,C,Quarterly,Low,"Simple control, bulk ordering"
28736,Turning Leaf RSV Pnt Grigio,750mL,301,4.1,0.82,605.865637523459,C,Quarterly,Low,"Simple control, bulk ordering"
28753,Round Hill Common Man Merlot,750mL,24,6.03,1.2060000000000002,141.06912317171964,C,Quarterly,Low,"Simple control, bulk ordering"
28775,C K Mondavi Merlot,1.5L,435,7.58,1.516,535.6671671702204,B,Monthly,Medium,Moderate control
28856,Seghesio Znfdl Sonoma,750mL,714,11.45,2.29,558.3819418758995,A,Weekly,High,"Tight control, frequent replenishment"
28887,Livingston Nat Flvrs Chard,3L,166,8.38,1.6760000000000002,314.71470582426315,C,Quarterly,Low,"Simple control, bulk ordering"
28888,Livingston Clrs Wh Znfdl Cal,3L,218,8.1,1.62,366.8349782048706,B,Monthly,Medium,Moderate control
28889,Peter Vella Chard Cal B/B,5L,986,10.61,2.122,681.6567940832739,A,Weekly,High,"Tight control, frequent replenishment"
28890,Peter Vella Wh Znfdl Cal,5L,391,9.99,1.9980000000000002,442.37506224435356,B,Monthly,Medium,Moderate control
28919,Gallo Twin Valley Merlot Cal,1.5L,116,6.89,1.3780000000000001,290.13784822463924,C,Quarterly,Low,"Simple control, bulk ordering"
28943,Round Hill Common Man Chard,1.5L,12,10.95,2.19,74.02332101976053,C,Quarterly,Low,"Simple control, bulk ordering"
28946,Silverado Merlot Napa,750mL,78,18.06,3.612,146.95129936608953,C,Quarterly,Low,"Simple control, bulk ordering"
28947,R M Woodbridge Merlot Cal,1.5L,1737,5.91,1.1820000000000002,1212.2471477417967,A,Weekly,High,"Tight control, frequent replenishment"
28980,Far Niente Cab Svgn Napa,750mL,1,91.38,18.276,7.397064835246745,C,Quarterly,Low,"Simple control, bulk ordering"
28983,Edmeades Mendocino Znfdl,750mL,76,10.06,2.012,194.35369778050088,C,Quarterly,Low,"Simple control, bulk ordering"
28984,Kendall Jackson Grand RSV Me,750mL,24,13.6,2.72,93.93364366277241,C,Quarterly,Low,"Simple control, bulk ordering"
29039,Aszu Royal Tokaji 5 Puttony,500mL,30,29.13,5.8260000000000005,71.75883629925785,C,Quarterly,Low,"Simple control, bulk ordering"
29077,Pine Ridge Chn Bl/Viognier,750mL,188,9.65,1.9300000000000002,312.10467222531366,B,Monthly,Medium,Moderate control
29081,Beringer Wh Znfdl/Chard LVS,750mL,116,5.44,1.088,326.5235781055076,C,Quarterly,Low,"Simple control, bulk ordering"
29112,Perrin Gigondas,750mL,61,19.72,3.944,124.36451037238184,C,Quarterly,Low,"Simple control, bulk ordering"
29118,Santa Rita RSV Merlot,750mL,174,6.8,1.36,357.68865857137297,C,Quarterly,Low,"Simple control, bulk ordering"
29128,Sutter Home Merlot Cal,187mL 4 Pk,608,3.97,0.794,875.067467711981,B,Monthly,Medium,Moderate control
29129,Sutter Home Wh Merlot Cal,1.5L,44,6.45,1.29,184.6849401867487,C,Quarterly,Low,"Simple control, bulk ordering"
29131,Sutter Home White Merlot Cal,187mL 4 Pk,1,4.07,0.8140000000000001,35.04998186163908,C,Quarterly,Low,"Simple control, bulk ordering"
29169,Franzia Tap Merlot,5L,1351,10.88,2.176,787.9492182801093,A,Weekly,High,"Tight control, frequent replenishment"
29182,Cantele Salice Salentino Rsv,750mL,67,8.21,1.6420000000000003,201.9997467467449,C,Quarterly,Low,"Simple control, bulk ordering"
29192,Perrin Chtnf du Pape,750mL,75,21.99,4.398,130.58792441389255,B,Monthly,Medium,Moderate control
29205,La Terre Merlot,1.5L,1,6.41,1.282,27.929038673897278,C,Quarterly,Low,"Simple control, bulk ordering"
29212,R Mondavi Merlot Pvt Sel,750mL,1152,4.59,0.918,1120.224067222408,A,Weekly,High,"Tight control, frequent replenishment"
29248,Toasted Head Chard,750mL,3013,6.53,1.306,1518.8957865546524,A,Weekly,High,"Tight control, frequent replenishment"
29352,Elk Cove Pnt Gris Ore,750mL,135,11.91,2.382,238.06524940085689,B,Monthly,Medium,Moderate control
29353,Elk Cove Pnt Nr Ore,750mL,68,17.41,3.482,139.74622112317715,C,Quarterly,Low,"Simple control, bulk ordering"
29371,Merryvale Starmont Cab Svgn,750mL,53,18.66,3.732,119.17004882060625,C,Quarterly,Low,"Simple control, bulk ordering"
29400,Ch D'Arcins Haut Medoc,750mL,57,12.49,2.498,151.05712364427885,C,Quarterly,Low,"Simple control, bulk ordering"
29407,Wild Horse CC Merlot,750mL,310,10.33,2.0660000000000003,387.3608172112298,B,Monthly,Medium,Moderate control
29427,Gekkeikan Sake Calif,18L,31,45.26,9.052,58.52057359806528,C,Quarterly,Low,"Simple control, bulk ordering"
29431,Clos du Val Cab Svgn Napa,750mL,299,19.86,3.972,274.3664312010307,A,Weekly,High,"Tight control, frequent replenishment"
29433,Clos du Val Carneros Chard,750mL,44,13.79,2.758,126.30751979850793,C,Quarterly,Low,"Simple control, bulk ordering"
29434,Clos du Val Merlot Napa,750mL,27,16.44,3.2880000000000003,90.61831399952653,C,Quarterly,Low,"Simple control, bulk ordering"
29461,Sandeman Character Sherry,750mL,86,5.8,1.16,272.2828144310301,C,Quarterly,Low,"Simple control, bulk ordering"
29469,Round Hill Merlot Cal,1.5L,18,9.39,1.8780000000000001,97.90129997472563,C,Quarterly,Low,"Simple control, bulk ordering"
29470,Pahlmeyer Napa Red,750mL,1,96.54,19.308000000000003,7.196666124997616,C,Quarterly,Low,"Simple control, bulk ordering"
29472,M & R X Dry Vermouth,Liter,3,5.88,1.176,50.50762722761054,C,Quarterly,Low,"Simple control, bulk ordering"
29477,R Mondavi Pvt Sel Rsl,750mL,239,4.75,0.9500000000000001,501.5764621355562,C,Quarterly,Low,"Simple control, bulk ordering"
29489,Hess Collection Chard Napa,750mL,77,13.6,2.72,168.25226158780677,C,Quarterly,Low,"Simple control, bulk ordering"
29558,Livingston Merlot Cal,1.5L,2,5.22,1.044,43.76881095324085,C,Quarterly,Low,"Simple control, bulk ordering"
29616,Kermit Lynch Cotes du Rhone,750mL,217,8.55,1.7100000000000002,356.2310834210311,B,Monthly,Medium,Moderate control
29619,Schmitt Sohne Auslese,750mL,183,9.52,1.904,310.0216853353186,B,Monthly,Medium,Moderate control
29620,Schmitt Sohne Kabinett,750mL,19,8.38,1.6760000000000002,106.4730741226461,C,Quarterly,Low,"Simple control, bulk ordering"
29621,Schmitt Sohne Spatlese,750mL,117,8.21,1.6420000000000003,266.93551206328317,C,Quarterly,Low,"Simple control, bulk ordering"
29646,Hartley & Gibson Amontillad,750mL,115,7.14,1.428,283.78198125524824,C,Quarterly,Low,"Simple control, bulk ordering"
29649,St Hilaire Blanc de Blancs,750mL,195,10.13,2.0260000000000002,310.2398524391426,B,Monthly,Medium,Moderate control
29650,C Y Toro Frontera Shiraz,1.5L,106,6.12,1.2240000000000002,294.28100038830655,C,Quarterly,Low,"Simple control, bulk ordering"
29676,Hartley & Gisbon Pedro Zimen,750mL,5,13.07,2.6140000000000003,43.735310136274826,C,Quarterly,Low,"Simple control, bulk ordering"
29691,Hahn Merlot Central Coast,750mL,125,7.94,1.588,280.562587027021,C,Quarterly,Low,"Simple control, bulk ordering"
29696,J Lohr Arroyo Seco Chard,750mL,56,12.66,2.532,148.71752967788063,C,Quarterly,Low,"Simple control, bulk ordering"
29714,Planeta La Segreta Rosso,750mL,3,7.23,1.4460000000000002,45.54875186742769,C,Quarterly,Low,"Simple control, bulk ordering"
29810,Fess Parker Chard,750mL,93,10.38,2.076,211.6546429003429,C,Quarterly,Low,"Simple control, bulk ordering"
29835,Casal Garcia Vinho Verde Wh,750mL,645,4.82,0.9640000000000001,817.9774672504498,B,Monthly,Medium,Moderate control
29942,Livingston Merlot Cal,3L,166,8.49,1.6980000000000002,312.6692709990713,C,Quarterly,Low,"Simple control, bulk ordering"
29955,Lindemans Bin 99 Pnt Nr,750mL,48,5.26,1.052,213.6056563526713,C,Quarterly,Low,"Simple control, bulk ordering"
29996,Wild Horse CC Cab Svgn,750mL,440,10.12,2.024,466.2524041201569,B,Monthly,Medium,Moderate control
30602,Zardetto Prosecco Conegliano,750mL,218,8.27,1.654,363.0450287027491,B,Monthly,Medium,Moderate control
30638,San Quirico Vernaccia,750mL,38,9.52,1.904,141.272726289533,C,Quarterly,Low,"Simple control, bulk ordering"
30656,Steele Pnt Nr,750mL,211,11.64,2.3280000000000003,301.0577001699427,B,Monthly,Medium,Moderate control
30713,Ferrari-Carano Siena Sonoma,750mL,34,11.18,2.236,123.31149381971694,C,Quarterly,Low,"Simple control, bulk ordering"
30735,Sonoma-Cutrer Cutrer V Chard,750mL,68,19.07,3.814,133.52546897589744,C,Quarterly,Low,"Simple control, bulk ordering"
31045,Presidential 20-Yr Tawny Dec,750mL,10,39.47,7.894,35.59192183521414,C,Quarterly,Low,"Simple control, bulk ordering"
31070,Treana Red Calif,750mL,135,12.98,2.596,228.04184191524723,B,Monthly,Medium,Moderate control
31075,J Lohr Hilltop Cab Svgn,750mL,54,17.87,3.5740000000000003,122.91916625395955,C,Quarterly,Low,"Simple control, bulk ordering"
31083,Stags Leap Chard Napa,750mL,115,18.66,3.732,175.54081187721653,B,Monthly,Medium,Moderate control
31119,Beringer Chard Private RSV,750mL,47,26.66,5.332000000000001,93.88665334284197,C,Quarterly,Low,"Simple control, bulk ordering"
31120,Groth Chard Napa,750mL,17,20.26,4.0520000000000005,64.77236318505373,C,Quarterly,Low,"Simple control, bulk ordering"
31157,Livio Felluga Pinot Grigio,750mL,1,15.23,3.0460000000000003,18.11903444063904,C,Quarterly,Low,"Simple control, bulk ordering"
31160,Monsanto Chianti Clsc RSV,750mL,290,13.24,2.648,330.9329483659785,B,Monthly,Medium,Moderate control
31163,Bonterra Viognier Orgnic,750mL,147,9.39,1.8780000000000001,279.776268442101,C,Quarterly,Low,"Simple control, bulk ordering"
31172,Luna di Luna Chard/Pnt Grig,1.5L,64,11.72,2.3440000000000003,165.2384769544055,C,Quarterly,Low,"Simple control, bulk ordering"
31176,Penfld Bin 407 Cab Svgn Ausl,750mL,3,47.94,9.588,17.688728441930625,C,Quarterly,Low,"Simple control, bulk ordering"
31186,Almaden Merlot Cal B/B,5L,660,10.8,2.16,552.7707983925667,A,Weekly,High,"Tight control, frequent replenishment"
31194,Conn Crk Ltd Rls Np Cab Svgn,750mL,4,14.96,2.9920000000000004,36.56362120635653,C,Quarterly,Low,"Simple control, bulk ordering"
31195,Northstar Merlot Columbia,750mL,37,17.53,3.5060000000000002,102.72943656195972,C,Quarterly,Low,"Simple control, bulk ordering"
31200,Banfi Rosso di Montalcino,750mL,270,11.99,2.398,335.550038280669,B,Monthly,Medium,Moderate control
31201,Beringer Fndrs Est Cab Svgn,750mL,368,6.03,1.2060000000000002,552.3956569863486,B,Monthly,Medium,Moderate control
31202,Beringer Fndrs Est Chard,750mL,154,6.07,1.2140000000000002,356.1648175567582,C,Quarterly,Low,"Simple control, bulk ordering"
31203,Beringer Fndrs Est Merlot,750mL,231,5.99,1.1980000000000002,439.1143005508327,B,Monthly,Medium,Moderate control
31204,Beringer Fndrs Est Svgn Bl,750mL,48,6.07,1.2140000000000002,198.84344342160935,C,Quarterly,Low,"Simple control, bulk ordering"
31231,Nobilo Svgn Bl MarlborougH,750mL,722,6.49,1.298,745.8152383799167,A,Weekly,High,"Tight control, frequent replenishment"
31233,Di Majo Norante Sangiovese,750mL,199,7.43,1.486,365.94610874929157,C,Quarterly,Low,"Simple control, bulk ordering"
31277,Landmark Overlook Chard,750mL,940,10.95,2.19,655.1516956341007,A,Weekly,High,"Tight control, frequent replenishment"
31318,Ch de la Ragotiere Muscadet,750mL,63,7.58,1.516,203.85467429566086,C,Quarterly,Low,"Simple control, bulk ordering"
31320,La Vieille Ferme Rose Vntoux,750mL,388,4.69,0.9380000000000002,643.153213034888,B,Monthly,Medium,Moderate control
31345,Cecchi Cern Chianti Clsc RSV,750mL,70,15.64,3.128,149.5945073324583,C,Quarterly,Low,"Simple control, bulk ordering"
31346,Florio Dry Marsala Italy,750mL,63,7.48,1.4960000000000002,205.21281506095235,C,Quarterly,Low,"Simple control, bulk ordering"
31347,Florio Sweet Marsala Italy,750mL,97,7.09,1.4180000000000001,261.54580081476433,C,Quarterly,Low,"Simple control, bulk ordering"
31349,Big House Red Cal,750mL,965,4.72,0.944,1011.0617007442545,B,Monthly,Medium,Moderate control
31356,Justin Isosceles Paso Roble,750mL,65,54.41,10.882,77.28626460955589,B,Monthly,Medium,Moderate control
31384,Benton Lane Pnt Nr Ore,750mL,136,17.44,3.4880000000000004,197.46094724798974,B,Monthly,Medium,Moderate control
31419,Sandeman Ruby Port,750mL,61,7.48,1.4960000000000002,201.92919815994594,C,Quarterly,Low,"Simple control, bulk ordering"
31452,Foxhorn SE Cab Svgn Australi,1.5L,227,5.15,1.03,469.45537542407914,C,Quarterly,Low,"Simple control, bulk ordering"
31454,Foxhorn SE Chard Australia,1.5L,807,4.79,0.9580000000000001,917.8125942949064,B,Monthly,Medium,Moderate control
31456,Foxhorn SE Merlot Australia,1.5L,259,5.22,1.044,498.0806071187067,C,Quarterly,Low,"Simple control, bulk ordering"
31458,Foxhorn Wh Znfdl Cal,1.5L,204,5.4,1.08,434.6134936801766,C,Quarterly,Low,"Simple control, bulk ordering"
31465,Franzia Tap Chard,5L,2399,10.38,2.076,1074.9826364148626,A,Weekly,High,"Tight control, frequent replenishment"
31466,Ch Carignan Brdx,750mL,157,15.06,3.0120000000000005,228.30863758812094,B,Monthly,Medium,Moderate control
31487,Barefoot Bubbly Brut Cve,750mL,1307,5.29,1.058,1111.4628722751493,A,Weekly,High,"Tight control, frequent replenishment"
31488,Barefoot Chard Cal,750mL,1254,3.44,0.6880000000000001,1350.064597937688,B,Monthly,Medium,Moderate control
31489,Barefoot Chard Cal,1.5L,1579,5.71,1.1420000000000001,1175.8664875305244,A,Weekly,High,"Tight control, frequent replenishment"
31493,Barefoot Merlot Cal,750mL,807,3.33,0.666,1100.7777758075022,B,Monthly,Medium,Moderate control
31494,Barefoot Merlot Cal,1.5L,1004,6.02,1.204,913.1741581918362,A,Weekly,High,"Tight control, frequent replenishment"
31496,Barefoot Svgn Bl Cal,750mL,12,3.37,0.674,133.43220864045765,C,Quarterly,Low,"Simple control, bulk ordering"
31497,Barefoot Svgn Bl Cal,1.5L,303,7.28,1.4560000000000002,456.1846069349508,B,Monthly,Medium,Moderate control
31500,Barefoot Wh Znfdl Cal,750mL,357,3.22,0.6440000000000001,744.5453821540742,C,Quarterly,Low,"Simple control, bulk ordering"
31501,Barefoot Wh Znfdl Cal,1.5L,117,7.53,1.5060000000000002,278.7279014162171,C,Quarterly,Low,"Simple control, bulk ordering"
31502,Barefoot Znfdl Cal,750mL,24,3.35,0.67,189.2640893629535,C,Quarterly,Low,"Simple control, bulk ordering"
31522,J Vineyards Pnt Nr RRV,750mL,1,21.28,4.256,15.328483487124144,C,Quarterly,Low,"Simple control, bulk ordering"
31524,Rosemount Pnt Nr Ausl,750mL,67,6.03,1.2060000000000002,235.70226039551582,C,Quarterly,Low,"Simple control, bulk ordering"
31541,Morgan Winery Highland Chard,750mL,333,13.15,2.6300000000000003,355.831378017382,B,Monthly,Medium,Moderate control
31542,Morgan Winery Twelve Clones,750mL,350,16.1,3.2200000000000006,329.69023669789345,A,Weekly,High,"Tight control, frequent replenishment"
31558,J Lohr Los Osos Merlot,750mL,576,8.44,1.688,584.1508602134826,A,Weekly,High,"Tight control, frequent replenishment"
31561,Fess Parker Snt Barbr Pnt Nr,750mL,78,15.17,3.0340000000000003,160.33912643123955,C,Quarterly,Low,"Simple control, bulk ordering"
31573,Martin/Weyrich Moscato Alleg,750mL,77,6.49,1.298,243.56115022372734,C,Quarterly,Low,"Simple control, bulk ordering"
31581,Ch Graville Lacoste Graves,750mL,95,11.18,2.236,206.12273815437635,C,Quarterly,Low,"Simple control, bulk ordering"
31618,Chartron La Fleur Brdx Whit,750mL,352,6.57,1.314,517.575427043096,B,Monthly,Medium,Moderate control
31621,Novellum Chardonnay RSV VDP,750mL,41,6.62,1.324,175.97376898731585,C,Quarterly,Low,"Simple control, bulk ordering"
31787,Peter Vella Merlot Calif B/B,5L,234,10.8,2.16,329.14029430219165,B,Monthly,Medium,Moderate control
31788,Livingston Cab Svgn Cal,1.5L,6,5.4,1.08,74.53559924999298,C,Quarterly,Low,"Simple control, bulk ordering"
31790,Dominio de Eguren Protocolo,750mL,141,5.15,1.03,369.990815944795,C,Quarterly,Low,"Simple control, bulk ordering"
31796,Gekkeikan Sake Haiku Prm Sel,750mL,117,7.28,1.4560000000000002,283.4733547569204,C,Quarterly,Low,"Simple control, bulk ordering"
31847,Saintsbury Carneros Pnt Nr,750mL,42,21.85,4.37,98.03562608405866,C,Quarterly,Low,"Simple control, bulk ordering"
31866,F Coppola Diamond Merlot,750mL,637,9.03,1.806,593.8966057274395,A,Weekly,High,"Tight control, frequent replenishment"
31873,Peter Vella Cab Svgn Cal B/B,5L,28,10.45,2.09,115.74596833843877,C,Quarterly,Low,"Simple control, bulk ordering"
31909,Catena Lunlunta Malbec Argn,750mL,791,12.9,2.58,553.7049279957888,A,Weekly,High,"Tight control, frequent replenishment"
31910,Luna di Luna Merlot/Cab Ca'M,750mL,118,6.75,1.35,295.64743768111265,C,Quarterly,Low,"Simple control, bulk ordering"
31915,F Coppola Diamond Chard,750mL,1554,8.27,1.654,969.2989775398166,A,Weekly,High,"Tight control, frequent replenishment"
31971,Trinchero Main St Cab Svgn,750mL,562,5.99,1.1980000000000002,684.9198434756029,B,Monthly,Medium,Moderate control
32054,Greg Norman Lmstn Cab/Merlot,750mL,416,7.09,1.4180000000000001,541.6372817605411,B,Monthly,Medium,Moderate control
32055,Greg Norman Eden Vly Chard,750mL,49,7.89,1.578,176.2156761245734,C,Quarterly,Low,"Simple control, bulk ordering"
32065,Rosemount Cab Svgn/Merlot,750mL,113,4.76,0.952,344.5250048858524,C,Quarterly,Low,"Simple control, bulk ordering"
32074,Warre's Kings Tawny Porto,750mL,112,8.6,1.72,255.1789158017712,C,Quarterly,Low,"Simple control, bulk ordering"
32084,Heidsieck Brut Monopole Epe,750mL,179,18.91,3.782,217.55333901057077,B,Monthly,Medium,Moderate control
32090,Rutherford Ranch Cab Svgn,750mL,182,11.68,2.336,279.12534622299995,B,Monthly,Medium,Moderate control
32107,Erath Pnt Gris Ore,750mL,179,8.27,1.654,328.97186951330076,C,Quarterly,Low,"Simple control, bulk ordering"
32108,Erath Pnt Nr Oregon,750mL,934,10.31,2.0620000000000003,673.0217625898107,A,Weekly,High,"Tight control, frequent replenishment"
32136,Warre's 20-Yr Tawny Port,750mL,31,29.41,5.882000000000001,72.59694359250352,C,Quarterly,Low,"Simple control, bulk ordering"
32137,F Coppola Diamond Znfd,750mL,166,9.39,1.8780000000000001,297.30776357720646,C,Quarterly,Low,"Simple control, bulk ordering"
32138,Bonterra Merlot Organic Mndc,750mL,205,9.2,1.8399999999999999,333.785924625741,B,Monthly,Medium,Moderate control
32203,Rancho Zabaco Heritage Znfdl,750mL,182,8.38,1.6760000000000002,329.5328290800894,C,Quarterly,Low,"Simple control, bulk ordering"
32263,Lindemans Bin 65 Chard,1.5L,1016,6.8,1.36,864.3256466919235,A,Weekly,High,"Tight control, frequent replenishment"
32294,Dom Chandon Brut,187mL,357,2.97,0.5940000000000001,775.2484124524867,C,Quarterly,Low,"Simple control, bulk ordering"
32296,Clos du Bois RSV Merlot Alex,750mL,2,10.38,2.076,31.038542762210042,C,Quarterly,Low,"Simple control, bulk ordering"
32303,Dynamite Merlot N Cst,750mL,33,8.16,1.6320000000000001,142.19911474863025,C,Quarterly,Low,"Simple control, bulk ordering"
32338,Stags Leap Svgn Bl Napa,750mL,17,16.66,3.3320000000000003,71.42857142857143,C,Quarterly,Low,"Simple control, bulk ordering"
32367,Cavit Pinot Noir Delle Vene,750mL,549,3.94,0.788,834.6858736160647,B,Monthly,Medium,Moderate control
32368,Cavit Pinot Noir Delle Vene,1.5L,692,6.45,1.29,732.4166222356861,A,Weekly,High,"Tight control, frequent replenishment"
32479,Danzante Del Vnzi Pnt Grigio,750mL,291,6.75,1.35,464.27960923947063,B,Monthly,Medium,Moderate control
32508,C Krug Merlot Napa,750mL,116,10.95,2.19,230.1478579732611,C,Quarterly,Low,"Simple control, bulk ordering"
32543,Villa Cornaro Pinot Grigio,750mL,12,5.29,1.058,106.49955403405122,C,Quarterly,Low,"Simple control, bulk ordering"
32545,Artesa Carneros Chard,750mL,533,10.27,2.054,509.405212857187,A,Weekly,High,"Tight control, frequent replenishment"
32546,Artesa Carneros Pnt Nr,750mL,486,12.58,2.516,439.50398404028306,A,Weekly,High,"Tight control, frequent replenishment"
32592,Mionetto Frizzante Prosecco,750mL,85,11.56,2.3120000000000003,191.7412472118426,C,Quarterly,Low,"Simple control, bulk ordering"
32604,Kendall Jackson Vt RSV Syrah,750mL,84,6.5,1.3,254.195563720897,C,Quarterly,Low,"Simple control, bulk ordering"
32619,Schmitt Sohne Blue Rsl,1.5L,53,12.41,2.482,146.12921329509493,C,Quarterly,Low,"Simple control, bulk ordering"
32648,Beringer Classic Wh Znfdl,1.5L,1820,5.3,1.06,1310.336266793937,A,Weekly,High,"Tight control, frequent replenishment"
32649,Beringer Classic Wh Merlot,1.5L,531,5.13,1.026,719.4052124144798,B,Monthly,Medium,Moderate control
32650,Beringer Fndrs Est Pnt Nr,750mL,116,5.99,1.1980000000000002,311.1720532833472,C,Quarterly,Low,"Simple control, bulk ordering"
32652,Beringer Classic Wh Merlot,750mL,303,3.99,0.798,616.1974100240122,C,Quarterly,Low,"Simple control, bulk ordering"
32669,Ch Ste Michelle Cold Crk Rsl,750mL,3,10.8,2.16,37.26779962499649,C,Quarterly,Low,"Simple control, bulk ordering"
32670,Columbia Crest Vns Merlot/Ca,750mL,65,4.69,0.9380000000000002,263.24204691979685,C,Quarterly,Low,"Simple control, bulk ordering"
32675,Blackstone Cab Svgn Cal,750mL,343,4.57,0.9140000000000001,612.5957255612627,B,Monthly,Medium,Moderate control
32679,Pepperwood Grove Merlot Cal,750mL,85,5.44,1.088,279.5084971874737,C,Quarterly,Low,"Simple control, bulk ordering"
32749,Brancott Svgn Bl Marlboro,750mL,905,5.26,1.052,927.5053421386949,A,Weekly,High,"Tight control, frequent replenishment"
32796,Warre's Otima 10-Yr Tawny,500mL,251,12.9,2.58,311.9083546579449,B,Monthly,Medium,Moderate control
32803,Truchard Carneros Chard,750mL,11,17.64,3.5280000000000005,55.83828285504082,C,Quarterly,Low,"Simple control, bulk ordering"
32805,Truchard Carneros Pnt Nr,750mL,35,16.12,3.224,104.19251126864397,C,Quarterly,Low,"Simple control, bulk ordering"
32807,Flag Hill De Chaunac Red NH,750mL,29,7.58,1.516,138.30866783735786,C,Quarterly,Low,"Simple control, bulk ordering"
32809,Flag Hill Marechal Foch NH,750mL,54,8.78,1.756,175.361650392114,C,Quarterly,Low,"Simple control, bulk ordering"
32826,Rombauer Carneros Chard,750mL,698,22.41,4.482,394.6315335858405,A,Weekly,High,"Tight control, frequent replenishment"
32827,Rombauer Merlot Napa,750mL,31,18.79,3.758,90.82438358469115,C,Quarterly,Low,"Simple control, bulk ordering"
32831,Carpineto Dogajolo Tuscan Rd,750mL,4031,6.75,1.35,1727.9831960774172,A,Weekly,High,"Tight control, frequent replenishment"
32832,Cesari Valpolicella Clsc Am,750mL,445,20.68,4.136,328.0120061962633,A,Weekly,High,"Tight control, frequent replenishment"
32835,Mionetto Prosecco Superiore,750mL,53,12.24,2.4480000000000004,147.14050019415328,C,Quarterly,Low,"Simple control, bulk ordering"
32900,Sandeman Tawny 40-Yr Port,750mL,12,58.82,11.764000000000001,31.938397011625682,C,Quarterly,Low,"Simple control, bulk ordering"
32906,Sterling Vintners Cab Svgn C,750mL,3602,6.42,1.284,1674.901773285754,A,Weekly,High,"Tight control, frequent replenishment"
32907,Sterling Vintners Cltn Chard,750mL,3798,5.37,1.074,1880.5086676646856,A,Weekly,High,"Tight control, frequent replenishment"
32908,Sterling Vintners Cltn Merlo,750mL,1804,6.55,1.31,1173.4987160799203,A,Weekly,High,"Tight control, frequent replenishment"
32915,Kim Crawford Svgn Bl Marlbro,750mL,1027,9.99,1.9980000000000002,716.947706610471,A,Weekly,High,"Tight control, frequent replenishment"
32924,Silverado Cab Svgn Napa,750mL,559,27.51,5.502000000000001,318.7466366776464,A,Weekly,High,"Tight control, frequent replenishment"
32968,Alice White Chard Ausl,1.5L,1062,6.8,1.36,883.6754794273611,A,Weekly,High,"Tight control, frequent replenishment"
32969,Alice White Shiraz Ausl,1.5L,783,6.89,1.3780000000000001,753.8002414856742,B,Monthly,Medium,Moderate control
32988,Barefoot Cab Svgn Cal,750mL,631,3.26,0.652,983.7639000506904,B,Monthly,Medium,Moderate control
32989,Barefoot Cab Svgn Cal,1.5L,813,5.78,1.1560000000000001,838.6222017284266,A,Weekly,High,"Tight control, frequent replenishment"
33028,Rombauer Cab Svgn Napa,750mL,41,30.4,6.08,82.11833566647329,C,Quarterly,Low,"Simple control, bulk ordering"
33032,Rombauer El Dorado Znfdl,750mL,272,19.3,3.8600000000000003,265.4549326034898,B,Monthly,Medium,Moderate control
33035,Cape Indaba Chard S Africa,750mL,81,5.88,1.176,262.4453295839119,C,Quarterly,Low,"Simple control, bulk ordering"
33037,Beringer Fndrs Est Cab Svgn,1.5L,249,10.88,2.176,338.27525339407185,B,Monthly,Medium,Moderate control
33038,Beringer Fndrs Est Chard,1.5L,139,10.8,2.16,253.67666792957496,B,Monthly,Medium,Moderate control
33039,Beringer Fndrs Est Merlot,1.5L,160,10.32,2.064,278.42302319485225,B,Monthly,Medium,Moderate control
33055,Cape Indaba Svgn Bl S Africa,750mL,209,6.16,1.2320000000000002,411.8772355239569,C,Quarterly,Low,"Simple control, bulk ordering"
33075,Forest Glen Chard,1.5L,69,10.13,2.0260000000000002,184.54608008898285,C,Quarterly,Low,"Simple control, bulk ordering"
33143,Our Daily Red,750mL,647,6.2,1.2400000000000002,722.3393894481922,B,Monthly,Medium,Moderate control
33147,Jura Bl de Bl Brut D'Argent,750mL,2,10.27,2.054,31.20432397071483,C,Quarterly,Low,"Simple control, bulk ordering"
33148,Alamos Ridge Chard Mendoza,750mL,195,4.54,0.908,463.41958229136293,C,Quarterly,Low,"Simple control, bulk ordering"
33149,Alamos Ridge Malbec Mendoza,750mL,3459,4.79,0.9580000000000001,1900.1703033224132,A,Weekly,High,"Tight control, frequent replenishment"
33204,Piero Broglia Gavi di Gavi,750mL,3,13.07,2.6140000000000003,33.877225559801765,C,Quarterly,Low,"Simple control, bulk ordering"
33206,Bodegas Faustino V RSV Rioj,750mL,23,10.66,2.132,103.86526125374917,C,Quarterly,Low,"Simple control, bulk ordering"
33209,Sycamore Lane Cab Svgn Cal,750mL,24,3.46,0.6920000000000001,186.23125657326025,C,Quarterly,Low,"Simple control, bulk ordering"
33210,Sycamore Lane Cab Svgn Cal,1.5L,208,5.74,1.1480000000000001,425.65792485227735,C,Quarterly,Low,"Simple control, bulk ordering"
33211,Sycamore Lane Chard Cal,750mL,12,3.53,0.706,130.37318412468954,C,Quarterly,Low,"Simple control, bulk ordering"
33212,Sycamore Lane Chard Cal,1.5L,236,5.7,1.1400000000000001,454.9918063653994,C,Quarterly,Low,"Simple control, bulk ordering"
33213,Sycamore Lane Merlot Cal,750mL,98,3.5,0.7000000000000001,374.16573867739413,C,Quarterly,Low,"Simple control, bulk ordering"
33214,Sycamore Lane Merlot Cal,1.5L,209,5.82,1.1640000000000001,423.7372589291753,C,Quarterly,Low,"Simple control, bulk ordering"
33216,Sycamore Lane Wh Znfdl Cal,1.5L,39,5.86,1.1720000000000002,182.4183392971918,C,Quarterly,Low,"Simple control, bulk ordering"
33265,El Coto de Rioja Crianza Re,750mL,89,7.43,1.486,244.72909185134677,C,Quarterly,Low,"Simple control, bulk ordering"
33267,El Coto de Rioja RSV Coto d,750mL,58,13.6,2.72,146.02578338007538,C,Quarterly,Low,"Simple control, bulk ordering"
33278,Villa Cornaro Pnt Grigio LTD,750mL,270,5.36,1.072,501.86220383865435,C,Quarterly,Low,"Simple control, bulk ordering"
33307,Santa Rita Medalla Cab Svgn,750mL,62,10.59,2.118,171.09324639296617,C,Quarterly,Low,"Simple control, bulk ordering"
33326,Jacobs Crk Shiraz,750mL,61,4.63,0.926,256.66072941063317,C,Quarterly,Low,"Simple control, bulk ordering"
33334,Cavit Pinot Grigio Delle Ve,187mL 4 Pk,245,6.2,1.2400000000000002,444.5004445006667,C,Quarterly,Low,"Simple control, bulk ordering"
33348,Greg Norman Limestone Shiraz,750mL,237,7.23,1.4460000000000002,404.8461620637638,B,Monthly,Medium,Moderate control
33370,Whitehall Lane Cab Svgn Napa,750mL,53,23.02,4.604,107.29272543543682,C,Quarterly,Low,"Simple control, bulk ordering"
33441,Etude Carneros Pnt Nr,750mL,21,27.58,5.516,61.70175523422953,C,Quarterly,Low,"Simple control, bulk ordering"
33446,Takara Sake Sho Chiku Bai G,300mL,128,4.06,0.8119999999999999,397.0333335883721,C,Quarterly,Low,"Simple control, bulk ordering"
33573,Morgan Winery Svgn Bl Mont S,750mL,126,9.93,1.986,251.88114014615962,C,Quarterly,Low,"Simple control, bulk ordering"
33574,Morgan Winery Syrah G-17 Mon,750mL,54,11.64,2.3280000000000003,152.30192477004286,C,Quarterly,Low,"Simple control, bulk ordering"
33578,Tommasi Pinot Grigio Le Ros,750mL,41,9.86,1.972,144.1911060041844,C,Quarterly,Low,"Simple control, bulk ordering"
33579,Tommasi Valpo Clsc Supr Rafl,750mL,208,10.52,2.104,314.4190127669661,B,Monthly,Medium,Moderate control
33581,Masi Modello Delle Venezie,750mL,44,6.75,1.35,180.534186769688,C,Quarterly,Low,"Simple control, bulk ordering"
33582,Villa Cornaro Prosecco Del,750mL,888,6.46,1.292,829.0395054205726,A,Weekly,High,"Tight control, frequent replenishment"
33586,Fattoria Del Cerro Vino Nob,750mL,17,8.82,1.7640000000000002,98.16918156232525,C,Quarterly,Low,"Simple control, bulk ordering"
33587,Produttori del Barbaresco P,750mL,72,20.4,4.08,132.8422328310143,C,Quarterly,Low,"Simple control, bulk ordering"
33672,Toasted Head Merlot Cal,750mL,114,7.18,1.436,281.7573186796156,C,Quarterly,Low,"Simple control, bulk ordering"
33682,R Mondavi Pvt Slctn Cab Sv,1.5L,360,10.88,2.176,406.7446084099803,B,Monthly,Medium,Moderate control
33683,R Mondavi Privt Slct Chard,1.5L,239,10.38,2.076,339.3011064641319,B,Monthly,Medium,Moderate control
33684,R Mondavi Pvt Sel Merlot,1.5L,102,10.32,2.064,222.30295691052513,C,Quarterly,Low,"Simple control, bulk ordering"
33706,Canaletto Mntplcno Abruzzo,750mL,75,5.51,1.102,260.87942852023684,C,Quarterly,Low,"Simple control, bulk ordering"
33707,Canaletto Pnt Grigio Venezie,750mL,2,5.22,1.044,43.76881095324085,C,Quarterly,Low,"Simple control, bulk ordering"
33717,Domaine Pallieres Gigondas R,750mL,8,31.97,6.394,35.371923536383306,C,Quarterly,Low,"Simple control, bulk ordering"
33719,Dom Le Sang des Cailloux Va,750mL,8,21.56,4.312,43.073049225394804,C,Quarterly,Low,"Simple control, bulk ordering"
33731,Hopler Gruner Veltliner,750mL,209,7.48,1.4960000000000002,373.77250079820095,B,Monthly,Medium,Moderate control
33734,Hopler Pinot Noir Austria,750mL,6,11.61,2.322,50.832856777534886,C,Quarterly,Low,"Simple control, bulk ordering"
33765,Perrier Jouet Gr Brut,1.5L,1,38.95,7.790000000000001,11.330035514051978,C,Quarterly,Low,"Simple control, bulk ordering"
33767,Sensi Chianti DOCG,750mL,45,7.14,1.428,177.51790062418158,C,Quarterly,Low,"Simple control, bulk ordering"
33768,Sensi Sangiovese/Cab Svgn T,750mL,38,14.47,2.894,114.58889590904118,C,Quarterly,Low,"Simple control, bulk ordering"
33819,Sokol Blosser Evolution Whit,750mL,138,10.8,2.16,252.76251480171834,C,Quarterly,Low,"Simple control, bulk ordering"
33873,Bella Sera Pnt Grigio Del,750mL,598,4.48,0.8960000000000001,816.9520881212767,B,Monthly,Medium,Moderate control
33874,Bella Sera Pinot Grigio Del,1.5L,3291,6.62,1.324,1576.5942873256247,A,Weekly,High,"Tight control, frequent replenishment"
33879,Gallo Twin Valley Wh Merlot,1.5L,96,6.45,1.29,272.7977357881894,C,Quarterly,Low,"Simple control, bulk ordering"
33930,Dom Chandon Etoile,750mL,1,17.23,3.446,17.035008846708266,C,Quarterly,Low,"Simple control, bulk ordering"
33953,L Bernard Cotes du Rhone,750mL,137,7.99,1.598,292.8005553384558,C,Quarterly,Low,"Simple control, bulk ordering"
33960,Allegrini Valpolicella Clsc,750mL,122,9.8,1.9600000000000002,249.48927423675687,C,Quarterly,Low,"Simple control, bulk ordering"
33961,Allegrini Amarone Clsc,750mL,12,53.68,10.736,33.43253990189948,C,Quarterly,Low,"Simple control, bulk ordering"
33963,Falesco Vitiano Umbria,750mL,603,4.6,0.9199999999999999,809.589267844316,B,Monthly,Medium,Moderate control
33965,Castellare Chianti Clsc,750mL,154,13.72,2.744,236.9017707396714,B,Monthly,Medium,Moderate control
33966,Prunotto Barbaresco,750mL,4,33.33,6.666,24.496122264566694,C,Quarterly,Low,"Simple control, bulk ordering"
33971,Zenato Valpolicella Clsc Ri,750mL,3,19.07,3.814,28.045958237617363,C,Quarterly,Low,"Simple control, bulk ordering"
33982,Lyeth Estate Meritage N Cst,750mL,206,10.8,2.16,308.8209357708288,B,Monthly,Medium,Moderate control
33987,Cavit Cab Svgn,1.5L,46,6.53,1.306,187.67539014847236,C,Quarterly,Low,"Simple control, bulk ordering"
33988,Cavit Chardonnay Trentino,1.5L,167,6.49,1.298,358.6913382242499,C,Quarterly,Low,"Simple control, bulk ordering"
34014,Hess Collection Cab S Mt Vee,750mL,26,34.41,6.882,61.46520576640904,C,Quarterly,Low,"Simple control, bulk ordering"
34020,Champalou Vouvray Cuvee Fon,750mL,62,13.6,2.72,150.97720903188937,C,Quarterly,Low,"Simple control, bulk ordering"
34021,Chanrion Cote de Brouilly,750mL,4,12.66,2.532,39.74643167585821,C,Quarterly,Low,"Simple control, bulk ordering"
34022,Marcel Lapierre Morgon,750mL,13,16.77,3.354,62.257280636469034,C,Quarterly,Low,"Simple control, bulk ordering"
34060,Cavit Pinot Grigio Bottega,750mL,124,9.08,1.816,261.3081290851687,C,Quarterly,Low,"Simple control, bulk ordering"
34082,Dom du Dupeuble Bjls,750mL,24,10.73,2.1460000000000004,105.75252900282783,C,Quarterly,Low,"Simple control, bulk ordering"
34123,Freixenet Cordon Negro Brut,187mL,93,2.57,0.514,425.3632002654647,C,Quarterly,Low,"Simple control, bulk ordering"
34133,Turning Leaf RSV Cab Svgn,1.5L,2439,6.12,1.2240000000000002,1411.6115112960538,A,Weekly,High,"Tight control, frequent replenishment"
34134,Turning Leaf RSV Chard Cal,1.5L,2870,5.84,1.168,1567.5432309259984,A,Weekly,High,"Tight control, frequent replenishment"
34135,Turning Leaf RSV Merlot Cal,1.5L,6,7.48,1.4960000000000002,63.33004963811236,C,Quarterly,Low,"Simple control, bulk ordering"
34137,Fat Bastard Chard,750mL,265,6.84,1.368,440.1289019053369,B,Monthly,Medium,Moderate control
34138,Fat Bastard Shiraz,750mL,89,7.28,1.4560000000000002,247.23748426639037,C,Quarterly,Low,"Simple control, bulk ordering"
34153,Capanna Rosso di Montalcino,750mL,10,12.33,2.466,63.68005999173918,C,Quarterly,Low,"Simple control, bulk ordering"
34175,Lindemans Bin 50 Shiraz,1.5L,563,6.49,1.298,658.5926069125094,B,Monthly,Medium,Moderate control
34219,Simi Merlot,750mL,90,11.18,2.236,200.6251410646019,C,Quarterly,Low,"Simple control, bulk ordering"
34333,Snoqualmie Cabernet/Merlot,750mL,1,6.45,1.29,27.842302319485224,C,Quarterly,Low,"Simple control, bulk ordering"
34388,Kesselstatt Rsl RK QbA Mosel,750mL,23,9.93,1.986,107.61536819760524,C,Quarterly,Low,"Simple control, bulk ordering"
34393,Valckenberg Gewurz Pfalz,750mL,199,8.05,1.6100000000000003,351.57145002410203,B,Monthly,Medium,Moderate control
34427,Frei Bros RSV Cab Svgn Alex,750mL,395,13.81,2.7620000000000005,378.16968403131887,A,Weekly,High,"Tight control, frequent replenishment"
34428,Frei Bros RSV Chard RRV,750mL,703,9.55,1.9100000000000001,606.6818171209113,A,Weekly,High,"Tight control, frequent replenishment"
34429,Frei Bros RSV Mendcno Merlot,750mL,242,11.72,2.3440000000000003,321.3134308103423,B,Monthly,Medium,Moderate control
34430,Frei Bros RSV Pnt Nr RRV,750mL,162,15.06,3.0120000000000005,231.9156324135329,B,Monthly,Medium,Moderate control
34431,Beaulieu Cab Svgn Napa,750mL,264,10.32,2.064,357.6408488192953,B,Monthly,Medium,Moderate control
34439,Toad Hollow Mendocino Chard,750mL,454,8.38,1.6760000000000002,520.4642686031399,B,Monthly,Medium,Moderate control
34460,Dr Loosen Rsl 'Dr L' M,750mL,821,7.23,1.4460000000000002,753.5072443966478,A,Weekly,High,"Tight control, frequent replenishment"
34473,Carlo Rossi Chianti Cal,4L,4,10.27,2.054,44.12957816406878,C,Quarterly,Low,"Simple control, bulk ordering"
34474,Livingston Chianti Cal,1.5L,6,4.57,0.9140000000000001,81.02191939419527,C,Quarterly,Low,"Simple control, bulk ordering"
34501,Gabbiano Pinot Grigio Delle,750mL,12,6.89,1.3780000000000001,93.31812717375041,C,Quarterly,Low,"Simple control, bulk ordering"
34504,Ca'Montini Pinot Grigio Tre,750mL,213,9.45,1.89,335.7058425145632,B,Monthly,Medium,Moderate control
34507,Trinity Oaks Cab Svgn Cal,750mL,25,5.22,1.044,154.7461151475432,C,Quarterly,Low,"Simple control, bulk ordering"
34508,Trinity Oaks Chard Cal,750mL,1,5.15,1.03,31.15884764248779,C,Quarterly,Low,"Simple control, bulk ordering"
34509,Trinity Oaks Merlot Cal,750mL,24,5.44,1.088,148.52213144650113,C,Quarterly,Low,"Simple control, bulk ordering"
34525,Neyers Merlot Napa,750mL,47,16.54,3.308,119.19723425047461,C,Quarterly,Low,"Simple control, bulk ordering"
34532,Dom Fontsainte Corbieres Gr,750mL,5,9.2,1.8399999999999999,52.1286035142687,C,Quarterly,Low,"Simple control, bulk ordering"
34580,Luce Della Vite Lucente Tosc,750mL,38,18.82,3.7640000000000002,100.47707665457801,C,Quarterly,Low,"Simple control, bulk ordering"
34635,Riunite Lambrusco Rose,1.5L,120,5.29,1.058,336.7811605397754,C,Quarterly,Low,"Simple control, bulk ordering"
34646,Terrazas Alto Cab Svgn Argn,750mL,12,5.66,1.1320000000000001,102.95973345818703,C,Quarterly,Low,"Simple control, bulk ordering"
34647,Terrazas Alto Malbec Argn,750mL,294,5.15,1.03,534.2629438805236,C,Quarterly,Low,"Simple control, bulk ordering"
34674,Warre's Altano Douro Portuga,750mL,58,5.84,1.168,222.83970527393754,C,Quarterly,Low,"Simple control, bulk ordering"
34694,Valley of the Moon Pnt Bl,750mL,22,9.67,1.9340000000000002,106.65546304484955,C,Quarterly,Low,"Simple control, bulk ordering"
34703,Valley of the Moon Znfdl,750mL,24,13.24,2.648,95.20212239630652,C,Quarterly,Low,"Simple control, bulk ordering"
34735,Lake Sonoma Znfdl Dry Creek,750mL,20,13.15,2.6300000000000003,87.20414403938946,C,Quarterly,Low,"Simple control, bulk ordering"
34752,Frogs Leap Svgn Bl Napa,750mL,73,14.56,2.9120000000000004,158.33092344416272,C,Quarterly,Low,"Simple control, bulk ordering"
34763,Mas Donis Montsant Old Vines,750mL,111,7.79,1.558,266.9179389551626,C,Quarterly,Low,"Simple control, bulk ordering"
34802,Dom Diochon Moulin-a-Vent,750mL,11,12.41,2.482,66.57259008181558,C,Quarterly,Low,"Simple control, bulk ordering"
34803,Bregeon Muscadet Sevre et M,750mL,6,11.76,2.352,50.50762722761054,C,Quarterly,Low,"Simple control, bulk ordering"
34825,J Vineyards Pnt Gris,750mL,148,9.73,1.9460000000000002,275.77788700314204,B,Monthly,Medium,Moderate control
34841,Hopler Pnt Bl,750mL,11,11.72,2.3440000000000003,68.50425362344384,C,Quarterly,Low,"Simple control, bulk ordering"
34850,Bargetto Chaucer's Hney Mead,750mL,127,8.6,1.72,271.7300301812915,C,Quarterly,Low,"Simple control, bulk ordering"
34870,Arca Nova Vinho Verde,750mL,254,5.84,1.168,466.33223502633564,B,Monthly,Medium,Moderate control
34903,Smoking Loon Cab Svgn,750mL,1318,4.59,0.918,1198.2194488049981,A,Weekly,High,"Tight control, frequent replenishment"
34904,Smoking Loon Chard,750mL,1076,4.68,0.9359999999999999,1072.1812577976962,A,Weekly,High,"Tight control, frequent replenishment"
34905,Smoking Loon Merlot,750mL,739,4.41,0.8820000000000001,915.351561273385,B,Monthly,Medium,Moderate control
34906,Smoking Loon Syrah,750mL,63,4.65,0.9300000000000002,260.27280972831363,C,Quarterly,Low,"Simple control, bulk ordering"
34907,Smoking Loon Viognier Cal,750mL,105,6.66,1.332,280.7647214819355,C,Quarterly,Low,"Simple control, bulk ordering"
34947,M Chiarlo Moscato D'Asti Ni,375mL,172,6.28,1.2560000000000002,370.05766464057416,C,Quarterly,Low,"Simple control, bulk ordering"
34950,Ch Ste Michelle Col Solare R,750mL,5,34.92,6.984000000000001,26.756720794497312,C,Quarterly,Low,"Simple control, bulk ordering"
34951,Ch Ste Michelle Eroica Rsl W,750mL,65,11.48,2.2960000000000003,168.25606832924845,C,Quarterly,Low,"Simple control, bulk ordering"
34971,Jermann Pinot Grigio Venezi,750mL,47,16.66,3.3320000000000003,118.7671766815342,C,Quarterly,Low,"Simple control, bulk ordering"
34982,Baron K Kabinett,750mL,4,12.66,2.532,39.74643167585821,C,Quarterly,Low,"Simple control, bulk ordering"
34996,Carpineto Dogajolo Tuscan R,1.5L,455,11.4,2.2800000000000002,446.72296057934153,B,Monthly,Medium,Moderate control
34998,Luiano Chianti Clsc,750mL,68,10.66,2.132,178.59152928948987,C,Quarterly,Low,"Simple control, bulk ordering"
35048,Castell Del Remei Gotim Bru,750mL,109,7.94,1.588,261.99198172590127,C,Quarterly,Low,"Simple control, bulk ordering"
35049,Ch Pesquie Cotes du Ventoux,750mL,184,8.66,1.7320000000000002,325.9379784864928,C,Quarterly,Low,"Simple control, bulk ordering"
35075,Clos LaChance Chard,750mL,27,7.58,1.516,133.4542108186335,C,Quarterly,Low,"Simple control, bulk ordering"
35088,Newport Vyds Great White RI,750mL,171,5.8,1.16,383.9450391702545,C,Quarterly,Low,"Simple control, bulk ordering"
35103,Ruffino Chianti Superiore,750mL,417,6.7,1.34,557.8476762080722,B,Monthly,Medium,Moderate control
35123,Terrabianca Campaccia,750mL,37,21.76,4.352,92.20541326459156,C,Quarterly,Low,"Simple control, bulk ordering"
35130,C Back Goats Do Roam Rouge,750mL,312,5.51,1.102,532.0917186878487,B,Monthly,Medium,Moderate control
35266,Vieux Telegraphe Pigeoulet,750mL,10,13.51,2.702,60.83553443658606,C,Quarterly,Low,"Simple control, bulk ordering"
35290,Vampire Transylvania Merlot,750mL,19,4.27,0.854,149.15845118436624,C,Quarterly,Low,"Simple control, bulk ordering"
35294,Mionetto Prosecco Brut,187mL,376,3.44,0.6880000000000001,739.264247686155,C,Quarterly,Low,"Simple control, bulk ordering"
35318,Jewell Towne Marechal Foch,750mL,92,7.46,1.492,248.318743536248,C,Quarterly,Low,"Simple control, bulk ordering"
35319,Jewell Towne Rsl NH,750mL,43,9.66,1.9320000000000002,149.1868921134424,C,Quarterly,Low,"Simple control, bulk ordering"
35358,Cataldi Madonna Malandrino,750mL,34,9.05,1.8100000000000003,137.0566685234262,C,Quarterly,Low,"Simple control, bulk ordering"
35375,Hess Allomi Cab Svgn,750mL,264,19.73,3.946,258.6565156862354,A,Weekly,High,"Tight control, frequent replenishment"
35380,Liberty School Chard Cntrl C,750mL,63,8.6,1.72,191.3841868513284,C,Quarterly,Low,"Simple control, bulk ordering"
35392,Tohu Chard Marlborough NZ,750mL,15,8.38,1.6760000000000002,94.60380895216511,C,Quarterly,Low,"Simple control, bulk ordering"
35393,Tohu Svgn Bl Marlboro,750mL,239,8.6,1.72,372.7646554759357,B,Monthly,Medium,Moderate control
35411,Yellow Tail Chard Ausl,750mL,1061,4.69,0.9380000000000002,1063.5459858256645,B,Monthly,Medium,Moderate control
35412,Yellow Tail Chard Ausl,1.5L,1392,5.97,1.194,1079.7356832709768,A,Weekly,High,"Tight control, frequent replenishment"
35413,Yellow Tail Shiraz Ausl,750mL,1088,4.72,0.944,1073.5652625161433,B,Monthly,Medium,Moderate control
35414,Yellow Tail Shiraz Ausl,1.5L,969,6.13,1.226,889.0304853688491,A,Weekly,High,"Tight control, frequent replenishment"
35442,Borsao Tres Picos Garnacha,750mL,1432,8.21,1.6420000000000003,933.8667926198574,A,Weekly,High,"Tight control, frequent replenishment"
35464,Stags Leap Artemis Cab Svgn,750mL,349,28.44,5.688000000000001,247.70394288195865,A,Weekly,High,"Tight control, frequent replenishment"
35471,R M Woodbridge Pnt Grigio,750mL,450,3.35,0.67,819.5375470622296,B,Monthly,Medium,Moderate control
35472,R M Woodbridge Pnt Grigio,1.5L,1836,5.88,1.176,1249.4896917525643,A,Weekly,High,"Tight control, frequent replenishment"
35480,Prinz Salm Der Weib,750mL,3,13.42,2.684,33.43253990189948,C,Quarterly,Low,"Simple control, bulk ordering"
35490,Sierra Cantabria Rioja Tint,750mL,69,7.58,1.516,213.3413037209413,C,Quarterly,Low,"Simple control, bulk ordering"
35577,Laboure-Roi Pouilly Fuisse,750mL,32,6.66,1.332,154.9968516584257,C,Quarterly,Low,"Simple control, bulk ordering"
35578,Alamos Ridge Cab Svgn Mendza,750mL,340,4.57,0.9140000000000001,609.9108518994971,B,Monthly,Medium,Moderate control
35581,Frogs Leap Merlot Napa,750mL,64,25.16,5.032,112.77677488692018,C,Quarterly,Low,"Simple control, bulk ordering"
35590,Tiziano Chianti,750mL,82,7.53,1.5060000000000002,233.3428190065829,C,Quarterly,Low,"Simple control, bulk ordering"
35605,Castle Rock Paso Ro Cab Svgn,750mL,226,6.66,1.332,411.9097834109669,C,Quarterly,Low,"Simple control, bulk ordering"
35606,Castle Rock Chard Cntrl Cst,750mL,173,6.07,1.2140000000000002,377.4971769644708,C,Quarterly,Low,"Simple control, bulk ordering"
35607,Castle Rock Merlot Cal,750mL,147,4.63,0.926,398.43104825801754,C,Quarterly,Low,"Simple control, bulk ordering"
35644,Grenache/Shirz Stump Jump,750mL,6,8.05,1.6100000000000003,61.04676956673597,C,Quarterly,Low,"Simple control, bulk ordering"
35646,D'Arenberg Footbolt Shiraz,750mL,58,11.61,2.322,158.0457745051476,C,Quarterly,Low,"Simple control, bulk ordering"
35650,Penley Est Phoenix Cab Svgn,750mL,48,12.92,2.584,136.2932551272764,C,Quarterly,Low,"Simple control, bulk ordering"
35663,Redwood Creek Cab Svgn Cal,750mL,2,4.31,0.862,48.168305085908806,C,Quarterly,Low,"Simple control, bulk ordering"
35664,Redwood Creek Cab Svgn Cal,1.5L,1086,6.5,1.3,913.993772071022,A,Weekly,High,"Tight control, frequent replenishment"
35666,Redwood Creek Chard Cal,1.5L,880,6.12,1.2240000000000002,847.9116984486137,A,Weekly,High,"Tight control, frequent replenishment"
35668,Redwood Creek Merlot Cal,1.5L,193,7.33,1.4660000000000002,362.83708512370134,C,Quarterly,Low,"Simple control, bulk ordering"
35670,Redwood Creek Svgn Bl Cal,1.5L,225,7.33,1.4660000000000002,391.76377324167765,C,Quarterly,Low,"Simple control, bulk ordering"
35709,Colosi Sicilia Dry Red,750mL,64,7.09,1.4180000000000001,212.44762069125787,C,Quarterly,Low,"Simple control, bulk ordering"
35714,Miner Chard Napa,750mL,8,19.73,3.946,45.026319948328045,C,Quarterly,Low,"Simple control, bulk ordering"
35747,Zenato Lugana Doc San Bened,750mL,36,9.33,1.866,138.89782036305579,C,Quarterly,Low,"Simple control, bulk ordering"
35755,Ken Wright Canary Hill Pnt N,750mL,7,37.41,7.481999999999999,30.58723135994452,C,Quarterly,Low,"Simple control, bulk ordering"
35756,Ken Wright Freedom Hill Pnt,750mL,6,37.66,7.532,28.224123872113022,C,Quarterly,Low,"Simple control, bulk ordering"
35759,Ken Wright Shea Ore Pnt Nr,750mL,11,35.71,7.142,39.245188522654104,C,Quarterly,Low,"Simple control, bulk ordering"
35800,Penfolds T Hyland Shiraz,750mL,192,7.99,1.598,346.6268710510891,C,Quarterly,Low,"Simple control, bulk ordering"
35801,Penfolds Rawsons Shiraz/Cab,750mL,40,6.12,1.2240000000000002,180.7753815155468,C,Quarterly,Low,"Simple control, bulk ordering"
35855,Botromagno Gravina,750mL,12,5.17,1.034,107.7284357109812,C,Quarterly,Low,"Simple control, bulk ordering"
35862,Allegrini Palazzo Della Tor,750mL,358,13.6,2.72,362.7914649751611,B,Monthly,Medium,Moderate control
35885,Due Torri Pinot Grigio Dell,750mL,52,6.03,1.2060000000000002,207.6481269125294,C,Quarterly,Low,"Simple control, bulk ordering"
35896,Catena Alta Historic Rows CS,750mL,8,31.03,6.206,35.90369185228606,C,Quarterly,Low,"Simple control, bulk ordering"
35905,Catena Alta Historic Malbec,750mL,7,26.17,5.234000000000001,36.570606328438856,C,Quarterly,Low,"Simple control, bulk ordering"
35910,Mulderbosch Svgn Bl Stelnbch,750mL,6,12.32,2.4640000000000004,49.34637712198267,C,Quarterly,Low,"Simple control, bulk ordering"
35913,Stone Cellars Cab Svgn,1.5L,2765,5.47,1.094,1589.786873600827,A,Weekly,High,"Tight control, frequent replenishment"
35914,Stone Cellars Chard,1.5L,3598,5.51,1.102,1806.9235669417535,A,Weekly,High,"Tight control, frequent replenishment"
35916,Stone Cellars Merlot,1.5L,2098,5.29,1.058,1408.1856296262301,A,Weekly,High,"Tight control, frequent replenishment"
35918,Stone Cellars Pnt Grigio,1.5L,945,6.49,1.298,853.2544422957202,A,Weekly,High,"Tight control, frequent replenishment"
35941,Rancho Zabaco Dncg Bul Znfdl,750mL,116,5.51,1.102,324.4428422615251,C,Quarterly,Low,"Simple control, bulk ordering"
35957,Kesselstatt Josephshofer Kab,750mL,4,13.69,2.738,38.22198817224581,C,Quarterly,Low,"Simple control, bulk ordering"
35959,Stags Leap Winery Cab Svgn,750mL,44,32.46,6.492000000000001,82.32601288047451,C,Quarterly,Low,"Simple control, bulk ordering"
35960,Stags Leap Winery Chard Napa,750mL,30,20.26,4.0520000000000005,86.04505351243927,C,Quarterly,Low,"Simple control, bulk ordering"
35962,Stags Leap Wine Petite Syrah,750mL,25,27.58,5.516,67.32213425535585,C,Quarterly,Low,"Simple control, bulk ordering"
35967,Cloudy Bay Chard Marlboro,750mL,21,15.75,3.1500000000000004,81.6496580927726,C,Quarterly,Low,"Simple control, bulk ordering"
35972,Cambas Mavrodafne of Patras,750mL,74,8.84,1.768,204.58544332358915,C,Quarterly,Low,"Simple control, bulk ordering"
35976,Zeller Schwarze Rsl Valcknbg,750mL,368,6.49,1.298,532.4594792774556,B,Monthly,Medium,Moderate control
35977,Jaboulet Cotes du Rhone Par,750mL,2,7.79,1.558,35.82871819500093,C,Quarterly,Low,"Simple control, bulk ordering"
35999,Fanal Madeira Full Rich,750mL,57,8.44,1.688,183.76009499303254,C,Quarterly,Low,"Simple control, bulk ordering"
36000,Fanal Madeira Rainwater,750mL,43,8.44,1.688,159.6055564486685,C,Quarterly,Low,"Simple control, bulk ordering"
36045,Pepperwood Grove Pnt Grigio,750mL,1,5.15,1.03,31.15884764248779,C,Quarterly,Low,"Simple control, bulk ordering"
36065,Ch Montrose 10,750mL,6,174.48,34.896,13.1125694394344,C,Quarterly,Low,"Simple control, bulk ordering"
36069,Ch Lagrange 10,750mL,2,51.0,10.200000000000001,14.002800840280097,C,Quarterly,Low,"Simple control, bulk ordering"
36076,Ch Haut-Bailly 10,750mL,1,114.86,22.972,6.597822022562212,C,Quarterly,Low,"Simple control, bulk ordering"
36079,Ch Giscours 10,750mL,4,54.3,10.86,19.191772331658235,C,Quarterly,Low,"Simple control, bulk ordering"
36081,La Clarence Haut Brion 10,750mL,3,134.58,26.916000000000004,10.557360888287665,C,Quarterly,Low,"Simple control, bulk ordering"
36087,Ramey Russian River Chard,750mL,34,25.16,5.032,82.19949365267864,C,Quarterly,Low,"Simple control, bulk ordering"
36088,Dom Poujol Rose Coteaux du,750mL,1,11.56,2.3120000000000003,20.79725827019257,C,Quarterly,Low,"Simple control, bulk ordering"
36100,Carpineto Vino Nobile RSV d,750mL,132,20.54,4.108,179.25519389263962,B,Monthly,Medium,Moderate control
36101,Carpineto Brunello Montalci,750mL,23,37.58,7.516,55.31851743742043,C,Quarterly,Low,"Simple control, bulk ordering"
36123,Qupe Central Coast Syrah Cal,750mL,58,11.76,2.352,157.03459474134428,C,Quarterly,Low,"Simple control, bulk ordering"
36138,Renzo Masi Chianti Rufina,750mL,104,7.38,1.476,265.4443531270652,C,Quarterly,Low,"Simple control, bulk ordering"
36139,Renzo Masi Chiant Rufina RS,750mL,25,9.65,1.9300000000000002,113.81286340149634,C,Quarterly,Low,"Simple control, bulk ordering"
36153,Edna Valley Paragon Pnt Nr,750mL,107,9.58,1.9160000000000001,236.31654931945562,C,Quarterly,Low,"Simple control, bulk ordering"
36154,Frogs Leap Znfdl Napa,750mL,41,19.99,3.9979999999999998,101.26760372291768,C,Quarterly,Low,"Simple control, bulk ordering"
36161,Ch Ste Michelle Pnt Gris Was,750mL,268,5.84,1.168,479.0115393124894,B,Monthly,Medium,Moderate control
36197,Cavit Pinot Noir Delle Vene,187mL 4 Pk,18,5.8,1.16,124.56821978060995,C,Quarterly,Low,"Simple control, bulk ordering"
36199,Four Vines Naked Chard,750mL,181,8.05,1.6100000000000003,335.29443814123607,C,Quarterly,Low,"Simple control, bulk ordering"
36200,Four Vines Truant Znfdl,750mL,140,8.21,1.6420000000000003,291.99636258225325,C,Quarterly,Low,"Simple control, bulk ordering"
36209,Big House White,750mL,63,5.15,1.03,247.31568600412172,C,Quarterly,Low,"Simple control, bulk ordering"
36262,Newton Chard Napa/Sonoma,750mL,189,11.18,2.236,290.73345039245476,B,Monthly,Medium,Moderate control
36267,Montinore Pnt Gris Ore,750mL,50,9.65,1.9300000000000002,160.95569499491262,C,Quarterly,Low,"Simple control, bulk ordering"
36268,Montinore Pnt Nr Ore,750mL,94,11.84,2.368,199.23841483495582,C,Quarterly,Low,"Simple control, bulk ordering"
36284,Gruet Brut New Mexico,750mL,187,7.89,1.578,344.2447327046999,B,Monthly,Medium,Moderate control
36307,Dom Chandon 00 Carnrs Pnt Nr,750mL,2,15.64,3.128,25.28608687120868,C,Quarterly,Low,"Simple control, bulk ordering"
36344,Latour Pinot Noir Valmoissin,750mL,190,8.72,1.7440000000000002,330.0681052880456,C,Quarterly,Low,"Simple control, bulk ordering"
36360,Saarstein Riesling QbA,750mL,3,8.96,1.7920000000000003,40.91585441924857,C,Quarterly,Low,"Simple control, bulk ordering"
36370,McWilliams Hanwood Est Chard,750mL,97,4.63,0.926,323.65354913921516,C,Quarterly,Low,"Simple control, bulk ordering"
36371,McWilliams Hanwood Shiraz,750mL,44,6.84,1.368,179.34252894965678,C,Quarterly,Low,"Simple control, bulk ordering"
36376,Sebastiani Pnt Nr Sonoma,750mL,46,10.52,2.104,147.86182019278144,C,Quarterly,Low,"Simple control, bulk ordering"
36378,MezzaCorona Pnt Grigio,1.5L,5371,6.83,1.366,1982.9064548749577,A,Weekly,High,"Tight control, frequent replenishment"
36380,Sebastiani Znfdl Sonoma Cnty,750mL,3837,6.49,1.298,1719.3272773369126,A,Weekly,High,"Tight control, frequent replenishment"
36383,F Coppola Sofia Bl de Bl,750mL,107,9.39,1.8780000000000001,238.6954248771748,C,Quarterly,Low,"Simple control, bulk ordering"
36386,Kenwood Pnt Nr RRV,750mL,12,8.6,1.72,83.52690695845568,C,Quarterly,Low,"Simple control, bulk ordering"
36419,Castellani Biagio Chianti,750mL,68,6.53,1.306,228.1827805006295,C,Quarterly,Low,"Simple control, bulk ordering"
36463,Heidsieck Brut Little Blue,187mL,1,6.45,1.29,27.842302319485224,C,Quarterly,Low,"Simple control, bulk ordering"
36473,The Crossings Svgn Bl Marlbo,750mL,310,8.38,1.6760000000000002,430.074645238855,B,Monthly,Medium,Moderate control
36483,Tommasi Amarone,750mL,11,39.99,7.998000000000001,37.08562842879961,C,Quarterly,Low,"Simple control, bulk ordering"
36493,Dom Tempier Bandol Rose Pro,750mL,11,27.15,5.43,45.008695701676515,C,Quarterly,Low,"Simple control, bulk ordering"
36510,Yalumba Y Series Shiraz Ausl,750mL,47,7.89,1.578,172.58197295517317,C,Quarterly,Low,"Simple control, bulk ordering"
36511,Yalumba Y Series Viognier,750mL,116,7.94,1.588,270.2736741565214,C,Quarterly,Low,"Simple control, bulk ordering"
36523,Ch Macard Brdx Superieur,750mL,964,10.34,2.068,682.7524224828422,A,Weekly,High,"Tight control, frequent replenishment"
36524,Ch de Ribebon Brdx,750mL,483,10.13,2.0260000000000002,488.2630333472573,B,Monthly,Medium,Moderate control
36539,Liberty Creek Prem RSV Chard,1.5L,31,5.33,1.066,170.53057034484706,C,Quarterly,Low,"Simple control, bulk ordering"
36541,Liberty Crk Prm RSV Wh Znfdl,1.5L,44,5.51,1.102,199.81842937700537,C,Quarterly,Low,"Simple control, bulk ordering"
36543,MacMurray Ranch Pnt Nr RRV,750mL,453,13.15,2.6300000000000003,415.0221030350125,A,Weekly,High,"Tight control, frequent replenishment"
36558,Cruz Garcia Real Sangria Re,1.5L,213,6.66,1.332,399.88737153092234,C,Quarterly,Low,"Simple control, bulk ordering"
36570,Flora Springs Trilogy Cal,750mL,19,42.76,8.552,47.134939543028764,C,Quarterly,Low,"Simple control, bulk ordering"
36571,Matanzas Creek Chard Sonoma,750mL,4,16.33,3.266,34.996281842570845,C,Quarterly,Low,"Simple control, bulk ordering"
36572,Matanzas Creek Merlot Sonoma,750mL,16,14.52,2.904,74.22696190252054,C,Quarterly,Low,"Simple control, bulk ordering"
36573,Matanzas Creek Svgn Bl Sonom,750mL,70,11.25,2.25,176.38342073763937,C,Quarterly,Low,"Simple control, bulk ordering"
36579,Covey Run Rsl Columbia Vly,750mL,234,3.92,0.784,546.3235193135126,C,Quarterly,Low,"Simple control, bulk ordering"
36620,Talbott Kali Hart Mtry Chard,750mL,68,10.95,2.19,176.21074970189045,C,Quarterly,Low,"Simple control, bulk ordering"
36623,Talbott Sleepy Hollow Chard,750mL,63,19.72,3.944,126.38683013527557,C,Quarterly,Low,"Simple control, bulk ordering"
36625,Talbott Logan Slpy Hl Pnt Nr,750mL,39,14.18,2.8360000000000003,117.2679114103446,C,Quarterly,Low,"Simple control, bulk ordering"
36648,Groth Cab Svgn Napa,750mL,174,39.18,7.836,149.0141159022584,A,Weekly,High,"Tight control, frequent replenishment"
36653,R M Woodbridge Rsl,750mL,12,3.86,0.772,124.6757452385074,C,Quarterly,Low,"Simple control, bulk ordering"
36660,Campus Oaks Old Vines Znfdl,750mL,48,9.65,1.9300000000000002,157.70372957303047,C,Quarterly,Low,"Simple control, bulk ordering"
36749,Framboise Pacific Rim Infusn,375mL,4,10.38,2.076,43.89512813061471,C,Quarterly,Low,"Simple control, bulk ordering"
36750,Big House Cardinal Bst Znfdl,750mL,718,4.79,0.9580000000000001,865.7240203043585,B,Monthly,Medium,Moderate control
36766,Ravenswood Znfdl Lodi,750mL,31,10.95,2.19,118.97584268057324,C,Quarterly,Low,"Simple control, bulk ordering"
36769,Toad Hollow Rose Eye Pnt Nr,750mL,12,5.15,1.03,107.93741444417317,C,Quarterly,Low,"Simple control, bulk ordering"
36770,Yellow Tail Cab Svgn Ausl,1.5L,989,6.13,1.226,898.1583477417948,A,Weekly,High,"Tight control, frequent replenishment"
36771,Yellow Tail Merlot Ausl,1.5L,908,5.97,1.194,872.0487438929622,A,Weekly,High,"Tight control, frequent replenishment"
36843,Frey Cab Svgn Organic Mendcn,750mL,67,11.25,2.25,172.56238807393046,C,Quarterly,Low,"Simple control, bulk ordering"
36844,Frey Chard Organic Mendocino,750mL,40,9.26,1.852,146.96350614431103,C,Quarterly,Low,"Simple control, bulk ordering"
36845,Frey Natural Red Organic Ca,750mL,42,7.33,1.4660000000000002,169.26129529394456,C,Quarterly,Low,"Simple control, bulk ordering"
36846,Frey Natural White Organic,750mL,6,7.33,1.4660000000000002,63.97475627663495,C,Quarterly,Low,"Simple control, bulk ordering"
36849,Frey Pnt Nr Organic Mendocno,750mL,24,12.92,2.584,96.37388493048533,C,Quarterly,Low,"Simple control, bulk ordering"
36850,Frey Svgn Bl Organic Mendcno,750mL,43,9.52,1.904,150.27985098956339,C,Quarterly,Low,"Simple control, bulk ordering"
36851,Frey Syrah Organic Mendocino,750mL,10,10.73,2.1460000000000004,68.26296394121151,C,Quarterly,Low,"Simple control, bulk ordering"
36852,Frey Znfdl Organic Mendocino,750mL,23,9.58,1.9160000000000001,109.563567691749,C,Quarterly,Low,"Simple control, bulk ordering"
36859,Brancott Pnt Nr Marlboro,750mL,26,6.62,1.324,140.13372982850896,C,Quarterly,Low,"Simple control, bulk ordering"
36874,Yellow Tail Merlot Ausl,750mL,1064,4.63,0.926,1071.9272726047134,B,Monthly,Medium,Moderate control
36894,Chambers Rosewood Muscat,375mL,17,7.89,1.578,103.7936922216069,C,Quarterly,Low,"Simple control, bulk ordering"
36907,Dom Tempier Bandol Rg,750mL,14,25.97,5.194,51.9174131651165,C,Quarterly,Low,"Simple control, bulk ordering"
36989,Duck Pond Chard Wash,750mL,52,7.43,1.486,187.0648831953744,C,Quarterly,Low,"Simple control, bulk ordering"
36991,Duck Pond Pnt Gris Ore,750mL,125,7.18,1.436,295.0378852968643,C,Quarterly,Low,"Simple control, bulk ordering"
36992,Duck Pond Willamette Pnt Nr,750mL,223,10.06,2.012,332.91889411633304,B,Monthly,Medium,Moderate control
37008,Due Torri Pinot Grigio Dell,1.5L,12,14.47,2.894,64.39340044393175,C,Quarterly,Low,"Simple control, bulk ordering"
37046,Truchard Znfdl,750mL,19,9.93,1.986,97.81088273535973,C,Quarterly,Low,"Simple control, bulk ordering"
37048,Ch Montelena Chard Napa,750mL,44,26.84,5.368,90.53574604251853,C,Quarterly,Low,"Simple control, bulk ordering"
37049,Argyle Willamette Pnt Nr,750mL,129,13.6,2.72,217.77619380509728,B,Monthly,Medium,Moderate control
37071,Caymus Conundrum White,750mL,223,11.56,2.3120000000000003,310.56929532268936,B,Monthly,Medium,Moderate control
37083,Jewell Towne Cayuga Wh NH,750mL,59,7.51,1.502,198.1942449257909,C,Quarterly,Low,"Simple control, bulk ordering"
37100,Antinori Brnllo Mntlcno Pain,750mL,2,36.54,7.308,16.543055566182172,C,Quarterly,Low,"Simple control, bulk ordering"
37121,Flag Hill Apple Cran NH,750mL,146,8.72,1.7440000000000002,289.33647597611196,C,Quarterly,Low,"Simple control, bulk ordering"
37126,Girard Chard RRV,750mL,76,12.07,2.414,177.43453931382095,C,Quarterly,Low,"Simple control, bulk ordering"
37152,Montes Alpha Apalta Cab Svgn,750mL,36,12.9,2.58,118.12488464372366,C,Quarterly,Low,"Simple control, bulk ordering"
37156,Gekkeikan Sake Kobai Plm Cal,750mL,42,4.1,0.82,226.31728213974725,C,Quarterly,Low,"Simple control, bulk ordering"
37158,Montes RSV Colchagua Malbec,750mL,81,8.49,1.6980000000000002,218.41057715233055,C,Quarterly,Low,"Simple control, bulk ordering"
37166,Snoqualmie Rsl Winemkrs Slct,750mL,12,5.36,1.072,105.80184237878974,C,Quarterly,Low,"Simple control, bulk ordering"
37194,Blackstone Syrah Cal,750mL,6,5.51,1.102,73.78784519149227,C,Quarterly,Low,"Simple control, bulk ordering"
37217,Castano Solanera Yecla Mona,750mL,105,8.66,1.7320000000000002,246.21851388956546,C,Quarterly,Low,"Simple control, bulk ordering"
37235,Mionetto Il Prosecco Spklg,750mL,423,8.1,1.62,510.99032389186306,B,Monthly,Medium,Moderate control
37249,Nova Norma Jeane Merlot,750mL,15,9.73,1.9460000000000002,87.79589522814028,C,Quarterly,Low,"Simple control, bulk ordering"
37310,Salmon Run Coho Red NY,750mL,248,6.75,1.35,428.60670048857577,B,Monthly,Medium,Moderate control
37311,Salmon Run NY Chard,750mL,234,6.89,1.3780000000000001,412.08169184606703,C,Quarterly,Low,"Simple control, bulk ordering"
37312,Salmon Run NY Pnt Nr,750mL,249,7.99,1.598,394.74013568219533,B,Monthly,Medium,Moderate control
37313,Salmon Run NY Rsl,750mL,377,6.75,1.35,528.4498644708495,B,Monthly,Medium,Moderate control
37314,Dr Frank Johannisberg Rsl,750mL,4,11.03,2.206,42.582116285829116,C,Quarterly,Low,"Simple control, bulk ordering"
37342,Dunn Vyds Cab Svgn Napa Vly,750mL,5,49.66,9.932,22.437096030734196,C,Quarterly,Low,"Simple control, bulk ordering"
37387,Truchard Carneros Cab Svgn,750mL,16,21.37,4.274,61.18468555425794,C,Quarterly,Low,"Simple control, bulk ordering"
37401,Excelsior S Afr Cab Svgn,750mL,769,5.26,1.052,854.9787091828039,B,Monthly,Medium,Moderate control
37419,Provenance Cab Svgn Rutherfd,750mL,2,24.65,4.93,20.141487362769023,C,Quarterly,Low,"Simple control, bulk ordering"
37421,Stags Leap Csk 23 Cab Svgn,750mL,27,107.14,21.428,35.496951994446285,B,Monthly,Medium,Moderate control
37422,Stags Leap Fay Cab Svgn Napa,750mL,9,75.81,15.162,24.363686836119776,C,Quarterly,Low,"Simple control, bulk ordering"
37433,C Y Toro Casillero Carmenere,750mL,583,4.32,0.8640000000000001,821.4429490345135,B,Monthly,Medium,Moderate control
37435,Duval-Leroy Champagne Brut,750mL,157,20.91,4.182,193.75718310993108,B,Monthly,Medium,Moderate control
37527,Redwood Creek Pnt Grigio,1.5L,111,7.18,1.436,278.0252688862575,C,Quarterly,Low,"Simple control, bulk ordering"
37530,Glen Ellen Pnt Grigio RSV,1.5L,9,4.54,0.908,99.55849673999579,C,Quarterly,Low,"Simple control, bulk ordering"
37541,Frogs Leap Cab Svgn Napa,750mL,73,19.17,3.8340000000000005,137.9861113572336,B,Monthly,Medium,Moderate control
37542,Frogs Leap Chard Napa,750mL,27,20.68,4.136,80.7963267832359,C,Quarterly,Low,"Simple control, bulk ordering"
37601,Hardys Cab Svgn Ausl,3L,298,9.2,1.8399999999999999,402.4382210217246,B,Monthly,Medium,Moderate control
37604,Hardys Chard Ausl,3L,522,9.26,1.852,530.9024876602931,B,Monthly,Medium,Moderate control
37607,Hardys Shiraz Ausl,3L,337,9.39,1.8780000000000001,423.610929252683,B,Monthly,Medium,Moderate control
37656,MacMurray Ranch Sonma Pnt Nr,750mL,357,13.51,2.702,363.48913646986233,B,Monthly,Medium,Moderate control
37657,Maso Canali Pinot Grigio Tr,750mL,172,12.16,2.4320000000000004,265.9392490974702,B,Monthly,Medium,Moderate control
37678,Castle Rock Pnt Nr,750mL,685,6.53,1.306,724.2253082365681,B,Monthly,Medium,Moderate control
37708,EOS Cab Svgn Paso Robles,750mL,13,7.43,1.486,93.5324415976872,C,Quarterly,Low,"Simple control, bulk ordering"
37712,Sterling Vintners Cltn Syrah,750mL,41,7.3,1.46,167.57742025947863,C,Quarterly,Low,"Simple control, bulk ordering"
37722,Jacobs Crk Shirz Rsv,750mL,12,6.7,1.34,94.63204468147676,C,Quarterly,Low,"Simple control, bulk ordering"
37731,Corbett Canyon Chard,3L,849,6.7,1.34,795.9786991824836,A,Weekly,High,"Tight control, frequent replenishment"
37733,Corbett Canyon Wh Znfdl,3L,6,8.84,1.768,58.2551728035463,C,Quarterly,Low,"Simple control, bulk ordering"
37735,Walnut Crest Vnto Pnt Grigio,1.5L,211,7.58,1.516,373.07111660847374,C,Quarterly,Low,"Simple control, bulk ordering"
37765,Castello Montauto Vernaccia,750mL,120,6.12,1.2240000000000002,313.1121455425747,C,Quarterly,Low,"Simple control, bulk ordering"
37785,Lindemans Bin 40 Merlot,1.5L,109,8.21,1.6420000000000003,257.64793888973594,C,Quarterly,Low,"Simple control, bulk ordering"
37786,Lindemans Bin 45 Cab Svgn,1.5L,430,6.45,1.29,577.3502691896257,B,Monthly,Medium,Moderate control
37790,Merriam Merlot RRV,750mL,46,16.88,3.376,116.7287129075859,C,Quarterly,Low,"Simple control, bulk ordering"
37792,Blackstone Pnt Nr Monterey,750mL,253,4.63,0.926,522.7027286599871,B,Monthly,Medium,Moderate control
37794,Blackstone Znfdl Cal,750mL,12,5.19,1.038,107.52066611409407,C,Quarterly,Low,"Simple control, bulk ordering"
37798,Dr Frank Johannisberg Rsl,750mL,18,11.33,2.266,89.12638665334599,C,Quarterly,Low,"Simple control, bulk ordering"
37817,Frescobaldi Chianti Castigln,750mL,51,8.66,1.7320000000000002,171.5975742330846,C,Quarterly,Low,"Simple control, bulk ordering"
37821,Frescobaldi Sangiovese Remo,750mL,1068,4.6,0.9199999999999999,1077.4365713198115,B,Monthly,Medium,Moderate control
37822,Frescobaldi Chianti RSV Nip,750mL,425,11.72,2.3440000000000003,425.8098086870022,B,Monthly,Medium,Moderate control
37826,Yellow Tail Cab Svgn Ausl,750mL,848,4.66,0.932,953.8717128813461,B,Monthly,Medium,Moderate control
37827,Yellow Tail Shiraz/Cab Ausl,750mL,141,5.15,1.03,369.990815944795,C,Quarterly,Low,"Simple control, bulk ordering"
37828,Yellow Tail Shiraz/Cab Ausl,1.5L,411,6.66,1.332,555.4804754071546,B,Monthly,Medium,Moderate control
37840,Los Cardos Malbec Mendoza,750mL,641,5.4,1.08,770.4015307088365,B,Monthly,Medium,Moderate control
37842,Dona Paula Malbec Mendoza,750mL,509,7.74,1.548,573.4207613167175,B,Monthly,Medium,Moderate control
37849,Darioush Cab Svgn,750mL,29,62.06,12.412,48.336824452283174,B,Monthly,Medium,Moderate control
37904,Trapiche Broquel Mndz Malbec,750mL,750,6.45,1.29,762.4928516630233,A,Weekly,High,"Tight control, frequent replenishment"
37910,Krupps Brothers Veraison,750mL,1,51.33,10.266,9.869595871023058,C,Quarterly,Low,"Simple control, bulk ordering"
37913,Pouilly Fume Minet Vls Vgns,750mL,62,13.15,2.6300000000000003,153.53873936792635,C,Quarterly,Low,"Simple control, bulk ordering"
37921,C Y Toro Carmenere Terrunyo,750mL,6,14.47,2.894,45.53301011756498,C,Quarterly,Low,"Simple control, bulk ordering"
37923,Five Rivers Cab Svgn,750mL,57,7.43,1.486,195.85200554339525,C,Quarterly,Low,"Simple control, bulk ordering"
37926,Five Rivers Pnt Nr,750mL,249,8.05,1.6100000000000003,393.2663030227325,B,Monthly,Medium,Moderate control
37940,Staglin Salus Rthfd Chard,750mL,7,22.06,4.412,39.83192248633486,C,Quarterly,Low,"Simple control, bulk ordering"
37943,Columbia Crest Twin Vns Merl,750mL,87,4.66,0.932,305.5284593699555,C,Quarterly,Low,"Simple control, bulk ordering"
37984,Barone Fini Pnt Gr Valdadige,750mL,416,7.58,1.516,523.8380784687439,B,Monthly,Medium,Moderate control
38011,Yellow Tail RSV Shiraz Ausl,750mL,106,6.45,1.29,286.6540469549644,C,Quarterly,Low,"Simple control, bulk ordering"
38102,Canyon Oaks Cab Svgn Cal,750mL,54,3.86,0.772,264.477194722905,C,Quarterly,Low,"Simple control, bulk ordering"
38103,Canyon Oaks Cab Svgn Cal,1.5L,72,7.94,1.588,212.93203229630282,C,Quarterly,Low,"Simple control, bulk ordering"
38104,Canyon Oaks Chard Cal,750mL,60,3.94,0.788,275.9386380695814,C,Quarterly,Low,"Simple control, bulk ordering"
38105,Canyon Oaks Chard Cal,1.5L,90,8.05,1.6100000000000003,236.43312187173015,C,Quarterly,Low,"Simple control, bulk ordering"
38106,Canyon Oaks Merlot Cal,750mL,60,3.92,0.784,276.64166758624407,C,Quarterly,Low,"Simple control, bulk ordering"
38107,Canyon Oaks Merlot Cal,1.5L,12,7.94,1.588,86.9291381699617,C,Quarterly,Low,"Simple control, bulk ordering"
38128,Trinity Oaks Pnt Grigio Cal,750mL,24,5.4,1.08,149.07119849998597,C,Quarterly,Low,"Simple control, bulk ordering"
38131,Principato Pnt Gr Sicilia,1.5L,846,6.84,1.368,786.3975156570492,A,Weekly,High,"Tight control, frequent replenishment"
38133,Il Bastardo Sangiovese Tosc,750mL,2851,3.92,0.784,1906.9555820303563,A,Weekly,High,"Tight control, frequent replenishment"
38137,Lange RSV Willamette Pnt Nr,750mL,38,19.99,3.9979999999999998,97.49231957538038,C,Quarterly,Low,"Simple control, bulk ordering"
38153,Lange Three Hills Cve Pnt Nr,750mL,18,28.85,5.7700000000000005,55.85323675006912,C,Quarterly,Low,"Simple control, bulk ordering"
38165,Jaume Serra Cristalino Rose,750mL,45,6.53,1.306,185.62423140125807,C,Quarterly,Low,"Simple control, bulk ordering"
38178,Rex Goliath Cab Svgn,750mL,874,4.13,0.8260000000000001,1028.6454103068163,B,Monthly,Medium,Moderate control
38179,Rex Goliath Chard,750mL,677,4.13,0.8260000000000001,905.3245775958098,B,Monthly,Medium,Moderate control
38180,Rex Goliath Merlot,750mL,520,3.97,0.794,809.2662348022016,B,Monthly,Medium,Moderate control
38181,Rex Goliath Pnt Nr,750mL,1054,3.97,0.794,1152.1527326684886,B,Monthly,Medium,Moderate control
38190,Argiola Costera Isola dei N,750mL,15,6.75,1.35,105.40925533894597,C,Quarterly,Low,"Simple control, bulk ordering"
38197,La Carraia Sangiovese Umbri,750mL,57,8.05,1.6100000000000003,188.1587805766038,C,Quarterly,Low,"Simple control, bulk ordering"
38198,La Carraia Orvieto Clsc,750mL,30,6.8,1.36,148.52213144650113,C,Quarterly,Low,"Simple control, bulk ordering"
38241,Hendry Block 8 Cab Svgn Napa,750mL,9,37.25,7.45,34.757066781809534,C,Quarterly,Low,"Simple control, bulk ordering"
38242,Hendry Ranch Barrel Chard,750mL,14,19.72,3.944,59.57932309421711,C,Quarterly,Low,"Simple control, bulk ordering"
38244,Hendry Pnt Nr Napa,750mL,4,24.13,4.8260000000000005,28.78964680142297,C,Quarterly,Low,"Simple control, bulk ordering"
38263,Orleans Hill Syrah Lodi,750mL,120,6.16,1.2320000000000002,312.0938919661796,C,Quarterly,Low,"Simple control, bulk ordering"
38301,Neirano Pitul Moscato d'Asti,750mL,1,7.09,1.4180000000000001,26.555952586407233,C,Quarterly,Low,"Simple control, bulk ordering"
38314,Momokawa Silver Sake,750mL,12,9.86,1.972,78.00764512385156,C,Quarterly,Low,"Simple control, bulk ordering"
38318,Portillo Malbec,750mL,12,6.2,1.2400000000000002,98.37387536759293,C,Quarterly,Low,"Simple control, bulk ordering"
38322,Fuki Sake,750mL,231,6.62,1.324,417.69761681586783,B,Monthly,Medium,Moderate control
38348,Nobilo Icon Svgn Bl Marlboro,750mL,262,9.26,1.852,376.1232278195533,B,Monthly,Medium,Moderate control
38355,MacMurray Ranch Selct Pnt Nr,750mL,32,9.86,1.972,127.3859510596964,C,Quarterly,Low,"Simple control, bulk ordering"
38369,Oyster Bay Pnt Nr Marlboro,750mL,218,9.0,1.8,348.010216963685,B,Monthly,Medium,Moderate control
38370,Oyster Bay Svgn Bl Marlboro,750mL,2769,6.59,1.318,1449.451782712937,A,Weekly,High,"Tight control, frequent replenishment"
38392,Ch de Lascaux Rouge Langued,750mL,9,11.99,2.398,61.262775046014816,C,Quarterly,Low,"Simple control, bulk ordering"
38406,Simi Landslide Cab Svgn Alex,750mL,77,15.68,3.136,156.69579263200217,C,Quarterly,Low,"Simple control, bulk ordering"
38412,Excelsior S Afr Chard,750mL,14,5.88,1.176,109.10894511799619,C,Quarterly,Low,"Simple control, bulk ordering"
38416,Acquese Moscato D'Asti Dolc,750mL,92,8.21,1.6420000000000003,236.70494849731836,C,Quarterly,Low,"Simple control, bulk ordering"
38441,Toasted Head Cab Svgn,750mL,470,6.7,1.34,592.2383545978058,B,Monthly,Medium,Moderate control
38457,Smoking Loon Pnt Nr,750mL,913,4.59,0.918,997.2729701071407,A,Weekly,High,"Tight control, frequent replenishment"
38471,Ch Pesquie Cotes du Ventoux,750mL,12,9.2,1.8399999999999999,80.75728530872483,C,Quarterly,Low,"Simple control, bulk ordering"
38473,Adelsheim Pnt Gris Ore,750mL,83,10.38,2.076,199.95182464099688,C,Quarterly,Low,"Simple control, bulk ordering"
38476,Adelsheim Pnt Nr Ore,750mL,81,15.89,3.1780000000000004,159.64876488999198,C,Quarterly,Low,"Simple control, bulk ordering"
38481,Canella Prosecco Di Conegli,750mL,61,10.96,2.192,166.8186654822675,C,Quarterly,Low,"Simple control, bulk ordering"
38483,Sharpe Hill Ballet of Angel,750mL,211,7.23,1.4460000000000002,381.99447469807944,C,Quarterly,Low,"Simple control, bulk ordering"
38502,Ruffino Lumina Pnt Grigio,750mL,1075,4.57,0.9140000000000001,1084.5039402874042,A,Weekly,High,"Tight control, frequent replenishment"
38526,Seghesio Arneis RRV,750mL,10,7.53,1.5060000000000002,81.48684704723742,C,Quarterly,Low,"Simple control, bulk ordering"
38528,Seghesio Old Vine Znfdl,750mL,82,25.48,5.096,126.85050967709006,B,Monthly,Medium,Moderate control
38541,Avalon Cab Svgn Napa,750mL,148,11.99,2.398,248.43127503465846,B,Monthly,Medium,Moderate control
38542,Avalon Cab Svgn Cal,750mL,292,7.18,1.436,450.9352707256343,B,Monthly,Medium,Moderate control
38546,Mark West Pnt Nr Sonoma,750mL,6511,5.06,1.012,2536.4925520101892,A,Weekly,High,"Tight control, frequent replenishment"
38549,Stemmari Nero D'Avola,750mL,484,4.82,0.9640000000000001,708.5722890409139,B,Monthly,Medium,Moderate control
38622,Canella Bellini Cocktail Vnz,750mL,12,8.72,1.7440000000000002,82.95018954139965,C,Quarterly,Low,"Simple control, bulk ordering"
38632,Carpineto Cab Svgn Farnito,750mL,10,8.09,1.618,78.61596349150975,C,Quarterly,Low,"Simple control, bulk ordering"
38635,Cesari Mara Vino di Ripasso,750mL,263,11.48,2.2960000000000003,338.44798467050464,B,Monthly,Medium,Moderate control
38641,Opici Marsala Cal,1.5L,6,9.26,1.852,56.91872117971679,C,Quarterly,Low,"Simple control, bulk ordering"
38644,Bigi Orvieto Amabile,750mL,188,6.75,1.35,373.17456941659253,C,Quarterly,Low,"Simple control, bulk ordering"
38649,Villa Rosa Barolo Piedmonte,750mL,3,17.53,3.5060000000000002,29.251939833579954,C,Quarterly,Low,"Simple control, bulk ordering"
38651,Carpineto Chianti Clsc,750mL,149,10.73,2.1460000000000004,263.49857773047506,C,Quarterly,Low,"Simple control, bulk ordering"
38652,Carpineto Chianti Clsc RSV,750mL,529,13.65,2.7300000000000004,440.1964263517978,A,Weekly,High,"Tight control, frequent replenishment"
38681,Morgan Winery Metalico Chard,750mL,322,11.03,2.206,382.054378988227,B,Monthly,Medium,Moderate control
38690,Ch Ste Michelle Indn Wl Merl,750mL,68,10.13,2.0260000000000002,183.20390896651753,C,Quarterly,Low,"Simple control, bulk ordering"
38726,McWilliams Hanwood Cab Svgn,750mL,44,4.66,0.932,217.27931431497237,C,Quarterly,Low,"Simple control, bulk ordering"
38731,Hogue Lt Harvest Clmb Wh Rsl,750mL,49,6.84,1.368,189.2583246525563,C,Quarterly,Low,"Simple control, bulk ordering"
38771,Rob Stuart Big Fire Pnt Gris,750mL,170,11.4,2.2800000000000002,273.0593406363751,B,Monthly,Medium,Moderate control
38772,Rob Stuart Big Fire Pnt Nr,750mL,602,10.96,2.192,524.056329507001,A,Weekly,High,"Tight control, frequent replenishment"
38822,Castano Yecla Monastrell Red,750mL,103,6.84,1.368,274.39460209854474,C,Quarterly,Low,"Simple control, bulk ordering"
38850,Ravenswood Vntrs Bl Cab Svgn,750mL,1068,4.65,0.9300000000000002,1071.628245603014,A,Weekly,High,"Tight control, frequent replenishment"
38852,Salmon Creek Cab Svgn,750mL,36,3.28,0.656,234.2606428329091,C,Quarterly,Low,"Simple control, bulk ordering"
38853,Salmon Creek Chard Cal,750mL,36,3.39,0.678,230.42861179277057,C,Quarterly,Low,"Simple control, bulk ordering"
38859,Inniskillin Icewn Ngra Vidal,375mL,35,32.46,6.492000000000001,73.42513718188533,C,Quarterly,Low,"Simple control, bulk ordering"
38888,Justin Cab Svgn Paso Robles,750mL,709,16.88,3.376,458.2704969133756,A,Weekly,High,"Tight control, frequent replenishment"
38889,Justin Justification Paso R,750mL,18,21.7,4.34,64.40081861116377,C,Quarterly,Low,"Simple control, bulk ordering"
38897,L Martini RSV Cab Svgn Alex,750mL,66,18.49,3.698,133.59448015204717,C,Quarterly,Low,"Simple control, bulk ordering"
38898,L Martini Cab Svgn Napa,750mL,233,20.13,4.026,240.56978232708724,B,Monthly,Medium,Moderate control
38899,L Martini Cab Svgn Sonoma,750mL,1914,7.28,1.4560000000000002,1146.5428206397,A,Weekly,High,"Tight control, frequent replenishment"
38945,Franzia Sangria Fruity Red,5L,23,9.73,1.9460000000000002,108.71575845139883,C,Quarterly,Low,"Simple control, bulk ordering"
38946,Bully Hill Sweet Walter Rd,750mL,656,5.59,1.118,766.0039654820125,B,Monthly,Medium,Moderate control
38950,Corvo Sicily Nero D'Avola,750mL,184,6.8,1.36,367.82348707914076,C,Quarterly,Low,"Simple control, bulk ordering"
38952,Nora Albarino Rias Baixas,750mL,25,10.2,2.04,110.70186069251191,C,Quarterly,Low,"Simple control, bulk ordering"
38953,Aldial Naia Rueda White,750mL,39,8.27,1.654,153.5552081002261,C,Quarterly,Low,"Simple control, bulk ordering"
39013,JJ Prum Bernkasteler Bads 11,750mL,1,17.64,3.5280000000000005,16.835875742536846,C,Quarterly,Low,"Simple control, bulk ordering"
39062,Shelton Wild Thing Znfdl,750mL,125,12.41,2.482,224.41615538490927,C,Quarterly,Low,"Simple control, bulk ordering"
39087,Corbett Canyon Pnt Grigio,3L,1475,6.66,1.332,1052.3104852453753,A,Weekly,High,"Tight control, frequent replenishment"
39098,Tohu Pnt Nr Marlboro,750mL,3,14.76,2.952,31.878835653166913,C,Quarterly,Low,"Simple control, bulk ordering"
39104,Olivier Chablis Savary,750mL,22,8.78,1.756,111.93066516419988,C,Quarterly,Low,"Simple control, bulk ordering"
39107,Antinori Bolgheri Guado,750mL,8,61.18,12.236,25.569678021609896,C,Quarterly,Low,"Simple control, bulk ordering"
39110,Gekkeikan Sake Horin,300mL,59,7.92,1.584,192.99604852813633,C,Quarterly,Low,"Simple control, bulk ordering"
39111,Gekkeikan Sake Cap Ace,180mL,24,2.02,0.404,243.73333911071623,C,Quarterly,Low,"Simple control, bulk ordering"
39146,Matua Svgn Bl Marlboro,750mL,1143,6.53,1.306,935.5166616346384,A,Weekly,High,"Tight control, frequent replenishment"
39209,Barefoot Syrah Cal,1.5L,39,7.53,1.5060000000000002,160.92362891331243,C,Quarterly,Low,"Simple control, bulk ordering"
39219,Masi Masianco Pnt Grg/Verd,750mL,35,9.08,1.816,138.82769087362925,C,Quarterly,Low,"Simple control, bulk ordering"
39228,Eponymous Cab Svgn Napa,750mL,22,29.79,5.958,60.76606179877378,C,Quarterly,Low,"Simple control, bulk ordering"
39234,Vidal Jackson-Triggs RSV Icw,187mL,15,13.42,2.684,74.7574318811214,C,Quarterly,Low,"Simple control, bulk ordering"
39254,Las Rocas Garnacha San Alej,750mL,597,6.9,1.3800000000000001,657.7299564807535,B,Monthly,Medium,Moderate control
39256,Schmitt Sohne Relax Mosel,750mL,560,5.16,1.032,736.6380786483472,B,Monthly,Medium,Moderate control
39282,Concannon Petite Sirah Cntrl,750mL,110,6.84,1.368,283.56543640780023,C,Quarterly,Low,"Simple control, bulk ordering"
39285,Dow LBV Port,750mL,17,16.89,3.378,70.94056418670829,C,Quarterly,Low,"Simple control, bulk ordering"
39334,Michael David Chard,750mL,33,10.45,2.09,125.65617248750866,C,Quarterly,Low,"Simple control, bulk ordering"
39335,Phillips Seven Deadly Znfdl,750mL,3415,8.75,1.75,1396.935421352244,A,Weekly,High,"Tight control, frequent replenishment"
39346,Salmon Creek Wh Znfdl Cal,750mL,12,3.44,0.6880000000000001,132.06763594884356,C,Quarterly,Low,"Simple control, bulk ordering"
39348,Sterling Vintners Cltn Pnt N,750mL,1386,6.5,1.3,1032.5472609783274,A,Weekly,High,"Tight control, frequent replenishment"
39356,Bota Box Chard Cal,3L,585,11.56,2.3120000000000003,503.0185698966785,A,Weekly,High,"Tight control, frequent replenishment"
39357,Bota Box Merlot Cal,3L,156,11.33,2.266,262.3809779340752,B,Monthly,Medium,Moderate control
39358,Bota Box Shiraz Cal,3L,113,11.03,2.206,226.32705256659312,C,Quarterly,Low,"Simple control, bulk ordering"
39384,F Coppola Diamond Pnt Nr,750mL,856,8.96,1.7920000000000003,691.1429457272724,A,Weekly,High,"Tight control, frequent replenishment"
39400,Claret Ramey Napa Valley,750mL,10,26.34,5.268000000000001,43.56895232481328,C,Quarterly,Low,"Simple control, bulk ordering"
39410,Mirassou Cab Svgn Cal,750mL,392,6.12,1.2240000000000002,565.9164584181102,B,Monthly,Medium,Moderate control
39411,Mirassou Chard Cntrl Coast,750mL,467,5.84,1.168,632.3201460678663,B,Monthly,Medium,Moderate control
39412,Mirassou Merlot Cal,750mL,273,5.88,1.176,481.8120558297158,B,Monthly,Medium,Moderate control
39413,Mirassou Pnt Nr Cntrl Coast,750mL,1588,5.06,1.012,1252.6651429948502,A,Weekly,High,"Tight control, frequent replenishment"
39434,Cambas Nemea RSV Attica Rd,750mL,12,9.73,1.9460000000000002,78.52703595022842,C,Quarterly,Low,"Simple control, bulk ordering"
39437,Columbia Crest Two Cab Svgn,750mL,68,4.51,0.902,274.568801227559,C,Quarterly,Low,"Simple control, bulk ordering"
39450,Ponzi Willamette Pnt Nr,750mL,47,23.8,4.760000000000001,99.36774919374963,C,Quarterly,Low,"Simple control, bulk ordering"
39456,Charles Heidsieck Brut Rose,750mL,12,42.2,8.440000000000001,37.70677588799258,C,Quarterly,Low,"Simple control, bulk ordering"
39461,Stags Leap SLV Cab Svgn,750mL,12,69.07,13.814,29.473444722751783,C,Quarterly,Low,"Simple control, bulk ordering"
39470,Barefoot Syrah Cal,750mL,30,3.22,0.6440000000000001,215.8329236508578,C,Quarterly,Low,"Simple control, bulk ordering"
39471,Acorn Dolcetto Alegria RRV,750mL,14,19.86,3.972,59.36895408344954,C,Quarterly,Low,"Simple control, bulk ordering"
39472,Acorn Sangiovese Alegria RRV,750mL,21,18.06,3.612,76.24928516630233,C,Quarterly,Low,"Simple control, bulk ordering"
39473,Acorn Cve Alegria Russ Syrah,750mL,28,18.49,3.698,87.01528806451027,C,Quarterly,Low,"Simple control, bulk ordering"
39479,Barefoot Premium X-Dry,750mL,657,5.29,1.058,788.0247374083416,B,Monthly,Medium,Moderate control
39491,Flag Hill Red Raspberry Fru,750mL,99,8.1,1.62,247.2066162365221,C,Quarterly,Low,"Simple control, bulk ordering"
39512,Jacobs Crk Cab/Merlot,750mL,2,4.69,0.9380000000000002,46.17570965396101,C,Quarterly,Low,"Simple control, bulk ordering"
39517,J Lohr Seven Oaks Cab Svgn,1.5L,79,20.39,4.078,139.1841991561985,B,Monthly,Medium,Moderate control
39518,J Lohr Riverstone Chard,1.5L,46,16.23,3.2460000000000004,119.04321794522942,C,Quarterly,Low,"Simple control, bulk ordering"
39523,Cloudy Bay Svgn Bl Marlboro,750mL,290,15.53,3.106,305.56124667051347,B,Monthly,Medium,Moderate control
39550,Aquinas Cab Svgn,750mL,34,8.6,1.72,140.5967348855055,C,Quarterly,Low,"Simple control, bulk ordering"
39574,Morgan Winery Double L Chard,750mL,5,16.55,3.3100000000000005,38.86610371682358,C,Quarterly,Low,"Simple control, bulk ordering"
39575,Morgan Winery Double L Pnt N,750mL,8,30.61,6.122,36.149170058472535,C,Quarterly,Low,"Simple control, bulk ordering"
39577,Aquinas Napa Chard,750mL,19,9.45,1.89,100.26420125303973,C,Quarterly,Low,"Simple control, bulk ordering"
39581,Capostrano Montepulciano Abr,750mL,21,4.63,0.926,150.5927811853556,C,Quarterly,Low,"Simple control, bulk ordering"
39593,Redwood Creek Pnt Nr Cal,1.5L,1203,6.33,1.266,974.8009883174333,A,Weekly,High,"Tight control, frequent replenishment"
39598,R M Woodbridge Cab Svgn Cal,187mL 4 Pk,182,4.76,0.952,437.2373160976031,C,Quarterly,Low,"Simple control, bulk ordering"
39599,R M Woodbridge Chard Cal,187mL 4 Pk,250,4.51,0.902,526.4616439283267,C,Quarterly,Low,"Simple control, bulk ordering"
39600,R M Woodbridge Merlot Cal,187mL 4 Pk,87,4.54,0.908,309.53994568321593,C,Quarterly,Low,"Simple control, bulk ordering"
39601,R M Woodbridge Wh Znfdl Cal,187mL 4 Pk,10,4.69,0.9380000000000002,103.2520256955501,C,Quarterly,Low,"Simple control, bulk ordering"
39631,Red Truck Cal,750mL,359,5.44,1.088,574.4242641933902,B,Monthly,Medium,Moderate control
39648,Ch Ste Michelle Indn W Chard,750mL,151,9.03,1.806,289.1542637786119,C,Quarterly,Low,"Simple control, bulk ordering"
39652,Sutter Home Pnt Grigio Cal,187mL 4 Pk,153,3.89,0.778,443.4614951564288,C,Quarterly,Low,"Simple control, bulk ordering"
39654,Sutter Home Pnt Grigio Cal,1.5L,317,6.75,1.35,484.57694416347834,B,Monthly,Medium,Moderate control
39665,Alice White Lexia Muscato,750mL,3,5.06,1.012,54.44655064804708,C,Quarterly,Low,"Simple control, bulk ordering"
39681,Jaume Serra Cristalino Brut,187mL,82,2.64,0.528,394.08505465575615,C,Quarterly,Low,"Simple control, bulk ordering"
39689,Hahn Meritage Central Coast,750mL,56,8.66,1.7320000000000002,179.81257884361875,C,Quarterly,Low,"Simple control, bulk ordering"
39691,Smith & Hook Lucia Cab Svgn,750mL,375,13.79,2.758,368.73851551049654,A,Weekly,High,"Tight control, frequent replenishment"
39708,R Mondavi Pvt Sln Pnt Grigio,750mL,598,4.72,0.944,795.9111610419761,B,Monthly,Medium,Moderate control
39716,Ravenswood Vntrs Blnd Shiraz,750mL,154,5.4,1.08,377.6143437325873,C,Quarterly,Low,"Simple control, bulk ordering"
39717,Estancia Pnt Grigio Cal,750mL,356,4.9,0.9800000000000001,602.7149459922567,B,Monthly,Medium,Moderate control
39718,Calera Mills Vyd Pnt Nr,750mL,1,40.53,8.106,11.106998169600173,C,Quarterly,Low,"Simple control, bulk ordering"
39736,Krupp Bros Veraison Red,750mL,2,31.99,6.398,17.680432313071925,C,Quarterly,Low,"Simple control, bulk ordering"
39750,Red Diamond Merlot Wash,750mL,558,5.13,1.026,737.4684055082,B,Monthly,Medium,Moderate control
39764,Grahams 10-Yr Tawny Port,750mL,39,18.29,3.658,103.25484829299178,C,Quarterly,Low,"Simple control, bulk ordering"
39765,Grahams 20-Yr Tawny Port,750mL,3,33.78,6.756,21.07248759805448,C,Quarterly,Low,"Simple control, bulk ordering"
39774,Merriam Cab Svgn Dry Creek,750mL,78,18.11,3.622,146.74829982261556,C,Quarterly,Low,"Simple control, bulk ordering"
39775,Bogle Svgn Bl Cal,750mL,268,5.84,1.168,479.0115393124894,B,Monthly,Medium,Moderate control
39797,Steele Catfish Znfdl,750mL,5,16.21,3.2420000000000004,39.27159107440281,C,Quarterly,Low,"Simple control, bulk ordering"
39798,R M Woodbridge Pnt Grigio,187mL 4 Pk,62,4.69,0.9380000000000002,257.0954706397103,C,Quarterly,Low,"Simple control, bulk ordering"
39834,Kenwood Cab Svgn Sonoma,375mL,1,6.03,1.2060000000000002,28.795614186045334,C,Quarterly,Low,"Simple control, bulk ordering"
39840,Kenwood Cve Brut Yulupa Spa,750mL,12,5.95,1.1900000000000002,100.41928905068676,C,Quarterly,Low,"Simple control, bulk ordering"
39841,Kenwood Yulupa Cab Svgn Cal,750mL,62,5.84,1.168,230.39572865142688,C,Quarterly,Low,"Simple control, bulk ordering"
39842,Kenwood Yulupa Chard Cal,750mL,32,5.99,1.1980000000000002,163.43556928908737,C,Quarterly,Low,"Simple control, bulk ordering"
39843,Kenwood Yulupa Merlot Cal,750mL,24,6.16,1.2320000000000002,139.57263155977063,C,Quarterly,Low,"Simple control, bulk ordering"
39923,Sterling Vintner Clt Svgn Bl,750mL,274,6.55,1.31,457.3404698291104,B,Monthly,Medium,Moderate control
39971,Ch Montelena Cab Svgn Napa,750mL,158,25.33,5.066,176.60213546804934,A,Weekly,High,"Tight control, frequent replenishment"
39974,Loimer Lois Gruner Veltliner,750mL,31,9.26,1.852,129.37797690150913,C,Quarterly,Low,"Simple control, bulk ordering"
39977,Little Penguin Cab Svgn Ausl,1.5L,33,6.84,1.368,155.31518604934888,C,Quarterly,Low,"Simple control, bulk ordering"
39979,Little Penguin Chard Ausl,1.5L,214,7.84,1.568,369.43144402816426,B,Monthly,Medium,Moderate control
39981,Little Penguin Merlot Ausl,1.5L,29,7.99,1.598,134.71334234498525,C,Quarterly,Low,"Simple control, bulk ordering"
39983,Little Penguin Shiraz Ausl,1.5L,132,7.89,1.578,289.22342594276216,C,Quarterly,Low,"Simple control, bulk ordering"
39995,Tisdale Cab Svgn Cal,750mL,24,2.7,0.54,210.81851067789194,C,Quarterly,Low,"Simple control, bulk ordering"
39996,Tisdale Chard Cal,750mL,24,2.75,0.55,208.8931871468374,C,Quarterly,Low,"Simple control, bulk ordering"
39997,Tisdale Merlot Cal,750mL,60,2.61,0.522,339.0317518104052,C,Quarterly,Low,"Simple control, bulk ordering"
40051,Concannon Select Vyds Pnt Nr,750mL,407,4.54,0.908,669.505702337594,B,Monthly,Medium,Moderate control
40053,Campo Viejo Tempranillo,750mL,326,5.99,1.1980000000000002,521.6514164975398,B,Monthly,Medium,Moderate control
40054,Campo Viejo Tempranillo RSV,750mL,319,7.48,1.4960000000000002,461.77407259139943,B,Monthly,Medium,Moderate control
40055,Campo Viejo Gran RSV Rioja,750mL,161,10.52,2.104,276.6241358730805,B,Monthly,Medium,Moderate control
40096,Black Box Cab Svgn,3L,846,10.52,2.104,634.1066588144708,A,Weekly,High,"Tight control, frequent replenishment"
40097,Black Box Chard,3L,717,10.59,2.118,581.8306559311766,A,Weekly,High,"Tight control, frequent replenishment"
40098,Black Box Merlot Cal,3L,652,10.38,2.076,560.4154803333885,A,Weekly,High,"Tight control, frequent replenishment"
40114,M & R Prosecco Frizzante,750mL,343,6.66,1.332,507.4519755676467,B,Monthly,Medium,Moderate control
40136,Cakebread Merlot Napa,750mL,20,32.87,6.574,55.156937917418155,C,Quarterly,Low,"Simple control, bulk ordering"
40137,Dom Chandon Carneros Chard,750mL,2,13.07,2.6140000000000003,27.660638840895512,C,Quarterly,Low,"Simple control, bulk ordering"
40175,M & R Asti 4 Pak,187mL 4 Pk,191,8.21,1.6420000000000003,341.059465598449,C,Quarterly,Low,"Simple control, bulk ordering"
40193,Mark West Chard Sonoma Cnty,750mL,1256,4.83,0.9660000000000001,1140.2662142401107,A,Weekly,High,"Tight control, frequent replenishment"
40213,Gramona Gessami Penedes,750mL,9,9.73,1.9460000000000002,68.00640801679171,C,Quarterly,Low,"Simple control, bulk ordering"
40219,Fat Bastard Merlot,750mL,61,6.75,1.35,212.56807188565546,C,Quarterly,Low,"Simple control, bulk ordering"
40220,Bella Italia Pnt Grigio Ter,750mL,12,5.51,1.102,104.35177140809473,C,Quarterly,Low,"Simple control, bulk ordering"
40240,Beringer Classic Wh Zin Spkl,750mL,65,5.33,1.066,246.9323991623974,C,Quarterly,Low,"Simple control, bulk ordering"
40246,R Mondavi Pvt Sel Cab Svgn,375mL,11,3.56,0.7120000000000001,124.29576904403137,C,Quarterly,Low,"Simple control, bulk ordering"
40296,Choya Plum Wine,750mL,34,13.72,2.744,111.31338892485422,C,Quarterly,Low,"Simple control, bulk ordering"
40332,Terrazas RSV Malbec Mendoza,750mL,443,8.21,1.6420000000000003,519.415956093553,B,Monthly,Medium,Moderate control
40337,Da Vinci Chianti Tuscany,750mL,1455,6.57,1.314,1052.2860523988043,A,Weekly,High,"Tight control, frequent replenishment"
40365,Rochioli Pinot Noir RRV,750mL,1,49.34,9.868000000000002,10.066660671412762,C,Quarterly,Low,"Simple control, bulk ordering"
40366,Rochioli Svgn Bl RRV,750mL,7,26.89,5.378,36.07768157011891,C,Quarterly,Low,"Simple control, bulk ordering"
40424,Mionetto Il Prosecco Veneto,375mL,74,5.51,1.102,259.1343960355542,C,Quarterly,Low,"Simple control, bulk ordering"
40425,Mionetto Prosecco Brut,750mL,2073,6.42,1.284,1270.6242486700824,A,Weekly,High,"Tight control, frequent replenishment"
40454,Yellow Tail Cab/Merlot Ausl,1.5L,47,5.29,1.058,210.76868945288388,C,Quarterly,Low,"Simple control, bulk ordering"
40456,Moschofilero Boutari Mantnia,750mL,32,9.33,1.866,130.95412089433023,C,Quarterly,Low,"Simple control, bulk ordering"
40483,Drylands Svgn Bl Marlboro,750mL,127,10.2,2.04,249.5093223925397,C,Quarterly,Low,"Simple control, bulk ordering"
40513,Kim Crawford Pnt Nr,750mL,4,11.68,2.336,41.3802944301184,C,Quarterly,Low,"Simple control, bulk ordering"
40538,Phillips Incognito Lodi Rd,750mL,59,10.8,2.16,165.2719420071502,C,Quarterly,Low,"Simple control, bulk ordering"
40545,Whitehaven Svgn Bl Marlboro,750mL,1613,9.93,1.986,901.2132361875057,A,Weekly,High,"Tight control, frequent replenishment"
40559,McManis Cab Svgn Cal,750mL,395,7.23,1.4460000000000002,522.6541478163153,B,Monthly,Medium,Moderate control
40560,McManis River Jct Chard Cal,750mL,18,7.09,1.4180000000000001,112.66736492830195,C,Quarterly,Low,"Simple control, bulk ordering"
40561,McManis Merlot Cal,750mL,112,7.48,1.4960000000000002,273.61708674793647,C,Quarterly,Low,"Simple control, bulk ordering"
40566,Pascual Toso Cab Svgn Argn,750mL,18,7.23,1.4460000000000002,111.57120049584026,C,Quarterly,Low,"Simple control, bulk ordering"
40583,M Chiarlo Gavi Wh,750mL,28,7.33,1.4660000000000002,138.20126889090395,C,Quarterly,Low,"Simple control, bulk ordering"
40607,Recanati Galilee Merlot,750mL,4,11.25,2.25,42.16370213557839,C,Quarterly,Low,"Simple control, bulk ordering"
40608,Pinotage Southern Right,750mL,4,9.67,1.9340000000000002,45.478042248802524,C,Quarterly,Low,"Simple control, bulk ordering"
40621,Santa Margherita Prosecco V,750mL,260,10.52,2.104,351.53114298265524,B,Monthly,Medium,Moderate control
40658,Lemelson Theas Slctn Pnt Nr,750mL,43,20.54,4.108,102.3102180651829,C,Quarterly,Low,"Simple control, bulk ordering"
40666,Bolla Chianti,750mL,12,6.89,1.3780000000000001,93.31812717375041,C,Quarterly,Low,"Simple control, bulk ordering"
40667,Bolla Chianti,1.5L,3,8.6,1.72,41.76345347922784,C,Quarterly,Low,"Simple control, bulk ordering"
40766,Casa Julia Svgn Bl Manta,750mL,16,5.99,1.1980000000000002,115.56639933139752,C,Quarterly,Low,"Simple control, bulk ordering"
40771,Dom La Suffrene Bandol Rose,750mL,2,15.78,3.156,25.173668017796203,C,Quarterly,Low,"Simple control, bulk ordering"
40786,Morgan Winery Cd Crows Monte,750mL,176,9.8,1.9600000000000002,299.65967090575754,B,Monthly,Medium,Moderate control
40801,Sileni Sauvignon Blanc,750mL,174,7.33,1.4660000000000002,344.5146060459417,C,Quarterly,Low,"Simple control, bulk ordering"
40837,JJ Prum Graacher Himel Rsl K,750mL,21,19.73,3.946,72.95097604716581,C,Quarterly,Low,"Simple control, bulk ordering"
40926,Taylor Madeira NY,750mL,61,3.28,0.656,304.9390182939021,C,Quarterly,Low,"Simple control, bulk ordering"
40965,Wente Wetmore Cab Svgn,750mL,41,16.44,3.2880000000000003,111.66730217344674,C,Quarterly,Low,"Simple control, bulk ordering"
41003,Yaegaki Nigori Sake,720mL,17,14.28,2.856,77.15167498104596,C,Quarterly,Low,"Simple control, bulk ordering"
41030,Folie A Deux Cab Svgn,750mL,133,11.03,2.206,245.5404607399375,C,Quarterly,Low,"Simple control, bulk ordering"
41032,Folie A Deux Amador Znfdl,750mL,29,11.56,2.3120000000000003,111.99666332152805,C,Quarterly,Low,"Simple control, bulk ordering"
41033,Menage a Trois White,750mL,322,5.91,1.1820000000000002,521.938337114239,B,Monthly,Medium,Moderate control
41034,Menage a Trois Red,750mL,3780,5.26,1.052,1895.5621576556443,A,Weekly,High,"Tight control, frequent replenishment"
41062,Martin Ray Cab Svgn Napa,750mL,78,11.91,2.382,180.95743129130287,C,Quarterly,Low,"Simple control, bulk ordering"
41065,Martin Ray Chard RRV,750mL,66,11.18,2.236,171.8051065401541,C,Quarterly,Low,"Simple control, bulk ordering"
41070,Angeline Chard RRV,750mL,59,7.28,1.4560000000000002,201.3007154035425,C,Quarterly,Low,"Simple control, bulk ordering"
41072,Angeline Pnt Nr Rsv,750mL,685,8.16,1.6320000000000001,647.8660294820702,A,Weekly,High,"Tight control, frequent replenishment"
41081,Gramona Grand Cve Cava Spklg,750mL,7,12.16,2.4320000000000004,53.6496922049345,C,Quarterly,Low,"Simple control, bulk ordering"
41087,Wrongo Dongo Jumilla,750mL,24,4.19,0.8380000000000001,169.23243819795547,C,Quarterly,Low,"Simple control, bulk ordering"
41132,McManis Petite Sirah Cal,750mL,12,7.48,1.4960000000000002,89.56221510397981,C,Quarterly,Low,"Simple control, bulk ordering"
41141,Ruffino Modus Toscana,750mL,13,16.88,3.376,62.05409656480331,C,Quarterly,Low,"Simple control, bulk ordering"
41143,Red Diamond Cab Svgn Wash,750mL,302,5.26,1.052,535.7912311208607,B,Monthly,Medium,Moderate control
41144,Red Diamond Chard Wash,750mL,29,6.12,1.2240000000000002,153.9246908637998,C,Quarterly,Low,"Simple control, bulk ordering"
41157,Phillips Sixth Sense Syrah,750mL,120,10.73,2.1460000000000004,236.46984364284106,C,Quarterly,Low,"Simple control, bulk ordering"
41159,Phillips Earthquake Ld Znfdl,750mL,629,16.1,3.2200000000000006,441.97467677100263,A,Weekly,High,"Tight control, frequent replenishment"
41170,Vendange Chard,500mL,23,2.66,0.532,207.92566630112532,C,Quarterly,Low,"Simple control, bulk ordering"
41171,Vendange Pnt Grigio Cal,500mL,15,2.66,0.532,167.9151235648669,C,Quarterly,Low,"Simple control, bulk ordering"
41172,Vendange Shiraz,500mL,24,2.7,0.54,210.81851067789194,C,Quarterly,Low,"Simple control, bulk ordering"
41212,A to Z Pnt Gris Ore,750mL,474,10.52,2.104,474.6421505752113,B,Monthly,Medium,Moderate control
41213,A to Z Pnt Nr Ore,750mL,836,12.07,2.414,588.4837917535083,A,Weekly,High,"Tight control, frequent replenishment"
41215,Flag Hill Wild Blueberry Fr,750mL,32,9.86,1.972,127.3859510596964,C,Quarterly,Low,"Simple control, bulk ordering"
41222,C Krug Svgn Bl Napa,750mL,55,10.32,2.064,163.2399669863524,C,Quarterly,Low,"Simple control, bulk ordering"
41231,Mad Dogs & Englishmen Jumil,750mL,3,6.53,1.306,47.927970457974965,C,Quarterly,Low,"Simple control, bulk ordering"
41251,Beringer Classic Pnt Grigio,750mL,563,3.39,0.678,911.2537960557194,B,Monthly,Medium,Moderate control
41252,Beringer Classic Pnt Grigio,1.5L,732,5.13,1.026,844.6598678744366,A,Weekly,High,"Tight control, frequent replenishment"
41253,Ch St Jean Cab Svgn Cal,750mL,776,6.09,1.218,798.1917165821512,A,Weekly,High,"Tight control, frequent replenishment"
41254,Ch St Jean Merlot Cal,750mL,409,5.85,1.17,591.2466909612684,B,Monthly,Medium,Moderate control
41304,Craggy Range Svgn Bl Marlbro,750mL,15,11.61,2.322,80.37380369506869,C,Quarterly,Low,"Simple control, bulk ordering"
41321,Bogle Phantom Red Cal,750mL,475,10.94,2.188,465.93265160515404,A,Weekly,High,"Tight control, frequent replenishment"
41348,Felino Vino Cobos Malbec,750mL,38,12.16,2.4320000000000004,124.99999999999999,C,Quarterly,Low,"Simple control, bulk ordering"
41372,Fleur Petite Sirah Californa,750mL,22,9.73,1.9460000000000002,106.32610931031408,C,Quarterly,Low,"Simple control, bulk ordering"
41377,Torres Sangre de Toro Catal,750mL,28,5.88,1.176,154.30334996209191,C,Quarterly,Low,"Simple control, bulk ordering"
41394,Four Vines Biker Znfdl,750mL,16,15.75,3.1500000000000004,71.26966450997983,C,Quarterly,Low,"Simple control, bulk ordering"
41405,La Posta Angel Plucci Malbec,750mL,257,9.8,1.9600000000000002,362.1083387324736,B,Monthly,Medium,Moderate control
41409,Ben Marco Malbec,750mL,34,12.41,2.482,117.04114719613055,C,Quarterly,Low,"Simple control, bulk ordering"
41411,Bodini Malbec Mendoza,750mL,4,8.9,1.7800000000000002,47.40454631399772,C,Quarterly,Low,"Simple control, bulk ordering"
41412,Crios Rose of Malbec,750mL,101,8.21,1.6420000000000003,248.01280859619126,C,Quarterly,Low,"Simple control, bulk ordering"
41415,Crios Cab Svgn,750mL,19,8.6,1.72,105.10238640443411,C,Quarterly,Low,"Simple control, bulk ordering"
41416,Rihaku Nigori Dreamy Clouds,300mL,75,8.49,1.6980000000000002,210.16567585459927,C,Quarterly,Low,"Simple control, bulk ordering"
41485,Newton Unfiltered Chard,750mL,6,25.82,5.164000000000001,34.08650770826975,C,Quarterly,Low,"Simple control, bulk ordering"
41529,Artesa Elements Napa Red,750mL,4,12.25,2.45,40.40610178208843,C,Quarterly,Low,"Simple control, bulk ordering"
41530,Septima Malbec Mendoza,750mL,411,5.84,1.168,593.1977424466783,B,Monthly,Medium,Moderate control
41531,Yellow Tail Shiraz/Grenache,750mL,3,5.29,1.058,53.24977701702561,C,Quarterly,Low,"Simple control, bulk ordering"
41532,Yellow Tail Shiraz/Grenache,1.5L,23,6.24,1.2480000000000002,135.7552473368421,C,Quarterly,Low,"Simple control, bulk ordering"
41537,Mer Soleil Chard Central Cst,750mL,320,18.06,3.612,297.6467318242718,A,Weekly,High,"Tight control, frequent replenishment"
41546,Monkey Bay Svgn Bl,750mL,1335,5.51,1.102,1100.6515146974575,A,Weekly,High,"Tight control, frequent replenishment"
41575,Neyers Conn Vly Cab Svgn,750mL,13,33.77,6.754000000000001,43.87237527656169,C,Quarterly,Low,"Simple control, bulk ordering"
41588,Paul Hobbs Cab Svgn Napa,750mL,12,66.66,13.332,30.001500112509376,C,Quarterly,Low,"Simple control, bulk ordering"
41589,Paul Hobbs Cross Cab Svgn,750mL,9,34.24,6.848000000000001,36.25261833921238,C,Quarterly,Low,"Simple control, bulk ordering"
41605,Charles Heidsieck Brut RSV,750mL,19,40.26,8.052,48.576354286090364,C,Quarterly,Low,"Simple control, bulk ordering"
41612,Ridge Geyserville Znfdl,750mL,7,24.18,4.836,38.04572582996501,C,Quarterly,Low,"Simple control, bulk ordering"
41614,Ridge Pagoni Ranch Znfdl,750mL,22,24.99,4.998,66.34576628754628,C,Quarterly,Low,"Simple control, bulk ordering"
41629,Heron Pnt Nr Cal,750mL,86,9.08,1.816,217.61624064814785,C,Quarterly,Low,"Simple control, bulk ordering"
41633,Prinz Salm Two Princes Nahe,750mL,62,8.6,1.72,189.85918894777512,C,Quarterly,Low,"Simple control, bulk ordering"
41634,Morgan Winery Garys Vyd Pnt,750mL,3,21.47,4.294,26.43197453960662,C,Quarterly,Low,"Simple control, bulk ordering"
41711,Fish Eye Cab Svgn,750mL,1311,3.22,0.6440000000000001,1426.7845968170127,B,Monthly,Medium,Moderate control
41712,Fish Eye Chard,750mL,1420,3.28,0.656,1471.2695695695822,B,Monthly,Medium,Moderate control
41713,Fish Eye Merlot,750mL,1249,3.22,0.6440000000000001,1392.6381417255595,B,Monthly,Medium,Moderate control
41714,Fish Eye Pnt Grigio,750mL,1772,3.22,0.6440000000000001,1658.7805144234892,A,Weekly,High,"Tight control, frequent replenishment"
41727,Beaulieu Cstl Clr Slct Chard,750mL,12,4.63,0.926,113.83744235943358,C,Quarterly,Low,"Simple control, bulk ordering"
41751,Clos du Bois Pnt Grigio Cal,750mL,307,6.2,1.2400000000000002,497.57476338866934,B,Monthly,Medium,Moderate control
41759,Blue Fish Pfalz Rsl,750mL,140,5.44,1.088,358.71502698971966,C,Quarterly,Low,"Simple control, bulk ordering"
41762,Ch Beaucastel Chtnf Pap,750mL,17,66.66,13.332,35.708927633734326,C,Quarterly,Low,"Simple control, bulk ordering"
41778,Stoneleigh Pnt Nr Marlboro,750mL,26,6.7,1.34,139.29459815307578,C,Quarterly,Low,"Simple control, bulk ordering"
41786,Ecco Domani Colle Pnt Grigio,750mL,299,5.86,1.1720000000000002,505.0935100799798,B,Monthly,Medium,Moderate control
41787,Ferrari-Carano Cab Svgn Alex,750mL,76,21.08,4.216,134.2630457903277,B,Monthly,Medium,Moderate control
41820,Cesari Sangioves Romagna RS,750mL,27,12.98,2.596,101.98341204735073,C,Quarterly,Low,"Simple control, bulk ordering"
41827,Banfi Chianti Clsc Tuscany,750mL,175,8.16,1.6320000000000001,327.4605199972399,C,Quarterly,Low,"Simple control, bulk ordering"
41831,BV Coastal Estate Cab Svgn,375mL,8,3.76,0.752,103.14212462587933,C,Quarterly,Low,"Simple control, bulk ordering"
41864,Elvio Tintero Moscato D'Asti,750mL,12,7.33,1.4660000000000002,90.47396797593044,C,Quarterly,Low,"Simple control, bulk ordering"
41868,Goldeneye Anderson Pnt Nr,750mL,18,33.78,6.756,51.61684222636018,C,Quarterly,Low,"Simple control, bulk ordering"
41899,Marietta Old Vine Cve Cal Rd,750mL,105,8.21,1.6420000000000003,252.87626780888326,C,Quarterly,Low,"Simple control, bulk ordering"
41912,Matua Pnt Nr Marlboro,750mL,98,8.21,1.6420000000000003,244.3016844659216,C,Quarterly,Low,"Simple control, bulk ordering"
41918,Jacobs Crk Rsl,750mL,20,4.82,0.9640000000000001,144.03780047891934,C,Quarterly,Low,"Simple control, bulk ordering"
41927,Ch Lamothe de Haux Brdx Wh,750mL,116,9.14,1.8280000000000003,251.9073845994891,C,Quarterly,Low,"Simple control, bulk ordering"
41940,Lange Willamette Pnt Nr,750mL,496,14.28,2.856,416.73668879415317,A,Weekly,High,"Tight control, frequent replenishment"
41965,F Coppola Sofia Rose,750mL,153,9.73,1.9460000000000002,280.39760347208386,C,Quarterly,Low,"Simple control, bulk ordering"
41970,Troublemaker Red,750mL,321,8.81,1.7620000000000002,426.8247200634093,B,Monthly,Medium,Moderate control
41974,Beringer Classic Wh Znfdl,187mL 4 Pk,84,4.57,0.9140000000000001,303.1562631918936,C,Quarterly,Low,"Simple control, bulk ordering"
41978,Ridge Santa Cruz Mt Chard,750mL,5,32.65,6.53,27.671226645624273,C,Quarterly,Low,"Simple control, bulk ordering"
41981,Ridge Lytton Spring Znfdl,750mL,80,24.66,4.932,127.36011998347836,B,Monthly,Medium,Moderate control
41983,Ridge Znfdl Paso Robles,750mL,12,20.4,4.08,54.232614454664045,C,Quarterly,Low,"Simple control, bulk ordering"
41984,Ridge Ponzo Vyds Znfdl,750mL,26,19.86,3.972,80.90624663903594,C,Quarterly,Low,"Simple control, bulk ordering"
41985,Ridge Estate Cab Svgn,750mL,1,33.1,6.620000000000001,12.290541152149844,C,Quarterly,Low,"Simple control, bulk ordering"
41990,Heitz Cab Svgn Napa,750mL,100,35.48,7.096,118.7116104208156,B,Monthly,Medium,Moderate control
42018,Falesco Vitiano Umbria Bian,750mL,39,7.94,1.588,156.71373250184539,C,Quarterly,Low,"Simple control, bulk ordering"
42053,Paraduxx Red Duckhorn Napa,750mL,105,22.6,4.5200000000000005,152.41420043937907,B,Monthly,Medium,Moderate control
42080,Evans Nine Stones Brs Shiraz,750mL,2,9.39,1.8780000000000001,32.633766658241875,C,Quarterly,Low,"Simple control, bulk ordering"
42097,Toad Hollow Eriks The Red 12,750mL,4,7.68,1.536,51.03103630798287,C,Quarterly,Low,"Simple control, bulk ordering"
42099,Bota Box Pnt Grigio Cal,3L,638,11.4,2.2800000000000002,528.9844623460209,A,Weekly,High,"Tight control, frequent replenishment"
42115,Jewell Towne Cab Svgn NH,750mL,6,9.66,1.9320000000000002,55.727821257535275,C,Quarterly,Low,"Simple control, bulk ordering"
42117,Jewell Towne Chardonnay,750mL,50,9.6,1.92,161.3743060919757,C,Quarterly,Low,"Simple control, bulk ordering"
42118,Jewell Towne Seyval NH,750mL,70,6.81,1.362,226.70466987281912,C,Quarterly,Low,"Simple control, bulk ordering"
42122,Smoking Loon Svgn Bl Cal,750mL,434,4.53,0.9060000000000001,692.1189909052806,B,Monthly,Medium,Moderate control
42124,Pieropan Soave Clsc,750mL,26,9.03,1.806,119.9852334952988,C,Quarterly,Low,"Simple control, bulk ordering"
42158,Mulderbosch Rose Cab Svgn,750mL,17,7.28,1.4560000000000002,108.0547276884458,C,Quarterly,Low,"Simple control, bulk ordering"
42162,Beyond Svgn Bl,750mL,1,4.62,0.924,32.89758474798845,C,Quarterly,Low,"Simple control, bulk ordering"
42167,Tempranillo Vente Mazzaron,750mL,47,8.6,1.72,165.3045111161484,C,Quarterly,Low,"Simple control, bulk ordering"
42172,Graffigna Centenario Malbec,750mL,245,6.66,1.332,428.87519622138785,C,Quarterly,Low,"Simple control, bulk ordering"
42188,Moet & Chandon Nectar Imp Rs,750mL,1278,34.01,6.802,433.4580901391577,A,Weekly,High,"Tight control, frequent replenishment"
42212,Rex Goliath Pnt Grigio,750mL,269,4.07,0.8140000000000001,574.86244482209,C,Quarterly,Low,"Simple control, bulk ordering"
42255,Ridge Three Valleys Sonoma,750mL,153,16.33,3.266,216.4400498112076,B,Monthly,Medium,Moderate control
42256,Duboeuf Bjls Rd,187mL 4 Pk,26,3.48,0.6960000000000001,193.2778358712671,C,Quarterly,Low,"Simple control, bulk ordering"
42264,Belle Glos Clark & Telephone,750mL,46,32.67,6.534000000000001,83.90529154462702,C,Quarterly,Low,"Simple control, bulk ordering"
42275,Blackstone Merlot Cal,1.5L,38,12.9,2.58,121.3617821661442,C,Quarterly,Low,"Simple control, bulk ordering"
42348,Livingston Sangria Natural,1.5L,6,4.82,0.9640000000000001,78.89275245573255,C,Quarterly,Low,"Simple control, bulk ordering"
42350,Black Box Shiraz Cntrl Coast,3L,113,10.73,2.1460000000000004,229.46917958680703,B,Monthly,Medium,Moderate control
42385,Sycamore Lane Pnt Grigio Cal,750mL,37,3.65,0.73,225.13314173361798,C,Quarterly,Low,"Simple control, bulk ordering"
42386,Sycamore Lane Pnt Grigio Cal,1.5L,226,5.66,1.1320000000000001,446.81835583326324,C,Quarterly,Low,"Simple control, bulk ordering"
42399,Grayson Cellars Cab Svgn Pas,750mL,191,6.57,1.314,381.2580313299339,C,Quarterly,Low,"Simple control, bulk ordering"
42401,Grayson Cellars Chard N Cst,750mL,65,6.45,1.29,224.47181760574043,C,Quarterly,Low,"Simple control, bulk ordering"
42403,Hendry Chard Napa Unoaked,750mL,9,13.24,2.648,58.29915557523538,C,Quarterly,Low,"Simple control, bulk ordering"
42410,Acorn Medley Alegria RRV,750mL,18,16.97,3.394,72.82497321406946,C,Quarterly,Low,"Simple control, bulk ordering"
42413,R M Woodbridge Rsl,1.5L,370,5.84,1.168,562.832854334045,B,Monthly,Medium,Moderate control
42420,Yellow Tail Pnt Grigio Ausl,750mL,652,4.6,0.9199999999999999,841.8406334775681,B,Monthly,Medium,Moderate control
42421,Firesteed Pnt Gris Ore,750mL,368,7.74,1.548,487.5716339074849,B,Monthly,Medium,Moderate control
42422,Firesteed Pnt Nr Ore,750mL,651,7.84,1.568,644.3435197381684,A,Weekly,High,"Tight control, frequent replenishment"
42423,Firesteed Willamette Pnt Nr,750mL,15,16.55,3.3100000000000005,67.31806632978004,C,Quarterly,Low,"Simple control, bulk ordering"
42436,Crane Lake Cab Svgn Cal,750mL,12,2.62,0.524,151.3299816915955,C,Quarterly,Low,"Simple control, bulk ordering"
42439,Crane Lake Chard Cal,1.5L,6,6.16,1.2320000000000002,69.78631577988531,C,Quarterly,Low,"Simple control, bulk ordering"
42456,Two Hands Angels Share Shira,750mL,40,19.35,3.8700000000000006,101.66571355506977,C,Quarterly,Low,"Simple control, bulk ordering"
42462,Gnarly Head Old Vine Znfdl,750mL,583,6.89,1.3780000000000001,650.4436355879909,B,Monthly,Medium,Moderate control
42579,Voga del Venezie Pnt Grigio,750mL,675,6.53,1.306,718.9195568696244,B,Monthly,Medium,Moderate control
42601,3 Blind Moose Cab Svgn Cal,750mL,76,5.84,1.168,255.085266432001,C,Quarterly,Low,"Simple control, bulk ordering"
42602,3 Blind Moose Chard Cal,750mL,68,5.88,1.176,240.4644032943352,C,Quarterly,Low,"Simple control, bulk ordering"
42603,3 Blind Moose Merlot Cal,750mL,84,5.99,1.1980000000000002,264.79588636481157,C,Quarterly,Low,"Simple control, bulk ordering"
42640,The Monterey Vyds Chard,750mL,79,6.8,1.36,241.0150105161868,C,Quarterly,Low,"Simple control, bulk ordering"
42642,The Monterey Vyds Pnt Nr,750mL,211,8.21,1.6420000000000003,358.47151496345543,B,Monthly,Medium,Moderate control
42663,Beringer Fndr Est Pnt Grigio,750mL,66,5.8,1.16,238.5299807658105,C,Quarterly,Low,"Simple control, bulk ordering"
42678,Fish Eye Shiraz,750mL,436,3.33,0.666,809.1073196150525,C,Quarterly,Low,"Simple control, bulk ordering"
42685,Alto Moncayo Garnacha,750mL,7,31.37,6.274000000000001,33.40233003694078,C,Quarterly,Low,"Simple control, bulk ordering"
42691,Las Brisas Rueda Wh,750mL,18,7.48,1.4960000000000002,109.69086361906959,C,Quarterly,Low,"Simple control, bulk ordering"
42735,Magnificent Wine Co House Re,750mL,122,8.1,1.62,274.4242007828549,C,Quarterly,Low,"Simple control, bulk ordering"
42751,Five Oaks Cab Svgn Cal,750mL,132,2.45,0.49000000000000005,519.0257749881414,C,Quarterly,Low,"Simple control, bulk ordering"
42752,Five Oaks Chard Cal,750mL,24,2.56,0.512,216.50635094610965,C,Quarterly,Low,"Simple control, bulk ordering"
42753,Five Oaks Merlot Cal,750mL,36,2.6,0.52,263.1174057921088,C,Quarterly,Low,"Simple control, bulk ordering"
42759,Bigi Orvieto Clsc Vendemmia,750mL,3,7.89,1.578,43.60207201969473,C,Quarterly,Low,"Simple control, bulk ordering"
42764,14 Hands Cab Svgn Wash,750mL,2138,6.09,1.218,1324.8911719102,A,Weekly,High,"Tight control, frequent replenishment"
42765,14 Hands Chard Wash,750mL,264,5.85,1.17,475.0168687962835,B,Monthly,Medium,Moderate control
42766,14 Hands Merlot Wash,750mL,1094,5.85,1.17,966.9760778027216,A,Weekly,High,"Tight control, frequent replenishment"
42785,Cakebread Benchland Cab Svgn,750mL,8,68.49,13.698,24.16664778648046,C,Quarterly,Low,"Simple control, bulk ordering"
42789,Greg Norman Pnt Nr Cal Est,750mL,19,10.06,2.012,97.17684889025044,C,Quarterly,Low,"Simple control, bulk ordering"
42797,Ricardo Santos Malbec Mendza,750mL,41,10.64,2.128,138.8053215594888,C,Quarterly,Low,"Simple control, bulk ordering"
42801,Benton Lane Pnt Gris Willamt,750mL,34,11.03,2.206,124.1471358216891,C,Quarterly,Low,"Simple control, bulk ordering"
42874,Decoy by Duckhorn Red Sonoma,750mL,360,11.38,2.2760000000000002,397.7087275707439,A,Weekly,High,"Tight control, frequent replenishment"
42881,La Bastarda Pnt Gr Sicily,750mL,1841,3.92,0.784,1532.3884252089238,A,Weekly,High,"Tight control, frequent replenishment"
42884,Beringer Cab Svgn Pvt RSV Np,750mL,7,72.36,14.472000000000001,21.99301361504949,C,Quarterly,Low,"Simple control, bulk ordering"
42886,Clos de Los Siete Mendoza,750mL,69,13.24,2.648,161.42305229640783,C,Quarterly,Low,"Simple control, bulk ordering"
42933,Valckenberg Rsl,750mL,3,8.6,1.72,41.76345347922784,C,Quarterly,Low,"Simple control, bulk ordering"
42934,Valckenberg Dornfelder,750mL,27,8.21,1.6420000000000003,128.2316721951273,C,Quarterly,Low,"Simple control, bulk ordering"
42948,Root 1 Cab Svgn,750mL,418,6.84,1.368,552.7707983925666,B,Monthly,Medium,Moderate control
42949,Kuentz Bas Alsace White,750mL,18,9.45,1.89,97.59000729485332,C,Quarterly,Low,"Simple control, bulk ordering"
42953,Tozai Well of Wisdom Sake,720mL,75,14.86,2.972,158.8569533527978,C,Quarterly,Low,"Simple control, bulk ordering"
43013,Anastasi Estates Messinia Rd,750mL,2,7.94,1.588,35.48867204938381,C,Quarterly,Low,"Simple control, bulk ordering"
43019,Krug Grande Cve Brut,375mL,9,55.55,11.11,28.461922073198256,C,Quarterly,Low,"Simple control, bulk ordering"
43020,Krug Grande Cuvee Brut,750mL,22,96.61,19.322000000000003,33.74312505932547,B,Monthly,Medium,Moderate control
43021,Ceretto Arneis Blange Lange,750mL,1,13.24,2.648,19.433051858411794,C,Quarterly,Low,"Simple control, bulk ordering"
43043,Yellow Tail Rsl,750mL,351,4.51,0.902,623.8070655169862,C,Quarterly,Low,"Simple control, bulk ordering"
43092,Oberon Cab Svgn Napa,750mL,316,14.48,2.8960000000000004,330.327144054871,B,Monthly,Medium,Moderate control
43097,Merriam Jones Vyd Cab Franc,750mL,24,23.68,4.736,71.18684968143742,C,Quarterly,Low,"Simple control, bulk ordering"
43124,Gekkeikan Nigori Sake,300mL,251,4.1,0.82,553.2608435228448,C,Quarterly,Low,"Simple control, bulk ordering"
43129,Jelu Malbec San Juan,750mL,95,7.89,1.578,245.3625650739543,C,Quarterly,Low,"Simple control, bulk ordering"
43131,Carpano Antica Formula,375mL,230,8.72,1.7440000000000002,363.15387089352924,B,Monthly,Medium,Moderate control
43134,Two Hands Bella Gardn Shiraz,750mL,7,46.05,9.209999999999999,27.568885197867598,C,Quarterly,Low,"Simple control, bulk ordering"
43143,Valle de la Puerta Torrontes,750mL,50,6.03,1.2060000000000002,203.61574059384202,C,Quarterly,Low,"Simple control, bulk ordering"
43152,Ramey Chard Sonoma Coast,750mL,5,24.67,4.934000000000001,31.833576153704197,C,Quarterly,Low,"Simple control, bulk ordering"
43184,Writer's Block Cab Franc,750mL,61,10.45,2.09,170.84087002474965,C,Quarterly,Low,"Simple control, bulk ordering"
43193,Dancing Bull Zabaco Cab Svgn,750mL,51,5.19,1.038,221.6595316625897,C,Quarterly,Low,"Simple control, bulk ordering"
43223,Ch Beauchene Cotes du Rhone,750mL,2157,5.93,1.186,1348.598673109604,A,Weekly,High,"Tight control, frequent replenishment"
43224,Ch Beauchene Cotes du Rhone,750mL,96,9.2,1.8399999999999999,228.4160962880643,C,Quarterly,Low,"Simple control, bulk ordering"
43225,Ch Beauchene Chtnf Pape RSV,750mL,165,18.29,3.658,212.38318115368762,B,Monthly,Medium,Moderate control
43232,Fat Bastard Cab Svgn,750mL,64,6.57,1.314,220.69490362729812,C,Quarterly,Low,"Simple control, bulk ordering"
43237,Acorn Alegria Vyds Cab Franc,750mL,8,18.06,3.612,47.06208053350117,C,Quarterly,Low,"Simple control, bulk ordering"
43245,Sterling Vntrs Pnt Grigio,750mL,474,6.59,1.318,599.6964330693617,B,Monthly,Medium,Moderate control
43247,Archetype Shiraz/Cab Barossa,750mL,1,8.72,1.7440000000000002,23.945657130528783,C,Quarterly,Low,"Simple control, bulk ordering"
43292,Fish Eye Pnt Grigio,1.5L,592,6.49,1.298,675.3416073327344,B,Monthly,Medium,Moderate control
43308,Penfolds Koonunga Hil Shiraz,750mL,242,6.89,1.3780000000000001,419.0666247677026,B,Monthly,Medium,Moderate control
43317,Salmon Creek Pnt Grigio Cal,750mL,2,3.44,0.6880000000000001,53.9163866017192,C,Quarterly,Low,"Simple control, bulk ordering"
43359,David Bruce Pnt Nr RRV,750mL,77,27.02,5.404,119.36793817107018,B,Monthly,Medium,Moderate control
43362,Silver Oak Cab Svgn Napa,750mL,148,68.93,13.786000000000001,103.6123969287972,A,Weekly,High,"Tight control, frequent replenishment"
43365,Cavit Riesling Trentino,1.5L,286,6.89,1.3780000000000001,455.5734516094202,B,Monthly,Medium,Moderate control
43379,Edna Valley San Luis Cab Svg,750mL,102,9.58,1.9160000000000001,230.72907953260338,C,Quarterly,Low,"Simple control, bulk ordering"
43380,Edna Valley San Luis Obs Mer,750mL,20,8.27,1.654,109.96316850679234,C,Quarterly,Low,"Simple control, bulk ordering"
43393,Red Diamond Shiraz Wash,750mL,10,5.91,1.1820000000000002,91.97954602319379,C,Quarterly,Low,"Simple control, bulk ordering"
43430,Mont Gras RSV Colch Carmener,750mL,32,6.7,1.34,154.53348185725116,C,Quarterly,Low,"Simple control, bulk ordering"
43433,SA Prum Rsl Essence Mosel,750mL,12,8.9,1.7800000000000002,82.10708272559599,C,Quarterly,Low,"Simple control, bulk ordering"
43434,Phillips Earthquake Cab Svgn,750mL,814,15.58,3.116,511.1089406042482,A,Weekly,High,"Tight control, frequent replenishment"
43450,Fish Eye Pnt Grigio,3L,293,11.33,2.266,359.58689645043046,B,Monthly,Medium,Moderate control
43489,Ken Forrester Petit Chenin B,750mL,109,8.05,1.6100000000000003,260.19581732617695,C,Quarterly,Low,"Simple control, bulk ordering"
43490,Ken Forrester Petit Pinotage,750mL,2,9.08,1.816,33.186165579998594,C,Quarterly,Low,"Simple control, bulk ordering"
43499,Sterling Vntrs Cltn Chard,750mL,12,4.83,0.9660000000000001,111.45564251507055,C,Quarterly,Low,"Simple control, bulk ordering"
43541,Carlo Rossi RSV Cab Svgn Cal,1.5L,6,5.26,1.052,75.52100405338861,C,Quarterly,Low,"Simple control, bulk ordering"
43543,Carlo Rossi RSV Chard Cal,1.5L,12,5.47,1.094,104.73261855504572,C,Quarterly,Low,"Simple control, bulk ordering"
43547,Carlo Rossi RSV Wh Znfdl Cal,1.5L,1,5.51,1.102,30.123761656438894,C,Quarterly,Low,"Simple control, bulk ordering"
43553,La Puerta La Rioja Malbec,750mL,356,6.03,1.2060000000000002,543.3145618342663,B,Monthly,Medium,Moderate control
43590,Ch Ste Michelle Indn Wls Cab,750mL,345,10.2,2.04,411.2391604149871,B,Monthly,Medium,Moderate control
43615,Talbott Kali Hart Vyd Pnt Nr,750mL,33,11.84,2.368,118.05003520037938,C,Quarterly,Low,"Simple control, bulk ordering"
43618,Moillard CdR Violettes Rouge,750mL,130,7.84,1.568,287.9377767249482,C,Quarterly,Low,"Simple control, bulk ordering"
43638,Silverado Solo SLD Cab Svgn,750mL,49,62.06,12.412,62.83146074150061,B,Monthly,Medium,Moderate control
43652,Barbera d'Alba Alessandria,750mL,14,12.49,2.498,74.86309896651017,C,Quarterly,Low,"Simple control, bulk ordering"
43662,L'Ecole No 41 Cab Svgn Clmba,750mL,14,19.86,3.972,59.36895408344954,C,Quarterly,Low,"Simple control, bulk ordering"
43667,L'Ecole No 41 Apogee Pepper,750mL,3,34.48,6.896,20.8574879308181,C,Quarterly,Low,"Simple control, bulk ordering"
43673,Blackstone Montry Pnt Grigio,750mL,27,5.47,1.094,157.0989278325686,C,Quarterly,Low,"Simple control, bulk ordering"
43685,Babich Svgn Bl Marlboro,750mL,126,9.58,1.9160000000000001,256.4410344998735,C,Quarterly,Low,"Simple control, bulk ordering"
43737,Menage a Trois Rose Blend,750mL,89,5.88,1.176,275.1004763878891,C,Quarterly,Low,"Simple control, bulk ordering"
43747,Terra D'Oro Pnt Grigio,750mL,24,7.89,1.578,123.32528319564148,C,Quarterly,Low,"Simple control, bulk ordering"
43777,Ben Marco Cab Svgn,750mL,10,12.16,2.4320000000000004,64.12364700532213,C,Quarterly,Low,"Simple control, bulk ordering"
43784,Newton Claret Napa,750mL,98,11.56,2.3120000000000003,205.88235294117646,C,Quarterly,Low,"Simple control, bulk ordering"
43785,Newton Merlot Napa Unfilterd,750mL,6,24.34,4.868,35.107535236792536,C,Quarterly,Low,"Simple control, bulk ordering"
43788,Veuve Clicquot Ponsardin Rs,750mL,96,34.01,6.802,118.80023581870216,B,Monthly,Medium,Moderate control
43789,Oakhurst Happy Camp Cab Svgn,750mL,12,7.33,1.4660000000000002,90.47396797593044,C,Quarterly,Low,"Simple control, bulk ordering"
43798,Trivento Select Mendz Malbec,750mL,296,6.45,1.29,479.01708147109457,B,Monthly,Medium,Moderate control
43801,C Y Toro Frontera Cab Svgn,1.5L,168,5.84,1.168,379.2566630111542,C,Quarterly,Low,"Simple control, bulk ordering"
43803,Banfi Rosa Regale,187mL,6,3.1,0.6200000000000001,98.37387536759293,C,Quarterly,Low,"Simple control, bulk ordering"
43808,R M Woodbridge Pnt Nr Cal,750mL,236,3.3,0.66,597.9763854666484,C,Quarterly,Low,"Simple control, bulk ordering"
43809,R M Woodbridge Pnt Nr,1.5L,1173,5.84,1.168,1002.1381251692844,A,Weekly,High,"Tight control, frequent replenishment"
43820,Little Black Dress Merlot,750mL,188,5.88,1.176,399.82989580349204,C,Quarterly,Low,"Simple control, bulk ordering"
43832,3 Blind Moose Pnt Grigio Cal,750mL,80,5.8,1.16,262.61286571944515,C,Quarterly,Low,"Simple control, bulk ordering"
43871,Sette Ponti Crognolo Toscan,750mL,1,13.24,2.648,19.433051858411794,C,Quarterly,Low,"Simple control, bulk ordering"
43872,Joseph Carr Cab Svgn Napa,750mL,1604,12.66,2.532,795.9216740461524,A,Weekly,High,"Tight control, frequent replenishment"
43873,Duckhorn Cab Svgn Napa,750mL,83,46.66,9.331999999999999,94.30868322977062,B,Monthly,Medium,Moderate control
43877,Duckhorn Svgn Bl Napa,750mL,69,17.64,3.5280000000000005,139.84928719608013,C,Quarterly,Low,"Simple control, bulk ordering"
43890,Oyster Bay Hawkes Bay Merlot,750mL,3,10.88,2.176,37.130532861625284,C,Quarterly,Low,"Simple control, bulk ordering"
43900,Clio Jumilla Red,750mL,2,31.03,6.206,17.95184592614303,C,Quarterly,Low,"Simple control, bulk ordering"
43918,Farnum Hill X-Dry Cider,750mL,222,7.79,1.558,377.47896931106476,B,Monthly,Medium,Moderate control
43919,Farnum Hill X-Dry StillCider,750mL,7,7.89,1.578,66.60326516238906,C,Quarterly,Low,"Simple control, bulk ordering"
43920,Farnum Hill Semi-Dry Cider,750mL,241,8.05,1.6100000000000003,386.8971969319354,B,Monthly,Medium,Moderate control
43922,Farnum Hill Farmhouse Cider,750mL,156,5.99,1.1980000000000002,360.85596625334375,C,Quarterly,Low,"Simple control, bulk ordering"
43923,Farnum Hill Summer Cider,750mL,5,8.21,1.6420000000000003,55.1821256520063,C,Quarterly,Low,"Simple control, bulk ordering"
43924,Farnum Hill Kingston Blk RSV,750mL,3,10.61,2.122,37.6000080213359,C,Quarterly,Low,"Simple control, bulk ordering"
44025,Churchills 20 Yr Tawny Port,500mL,9,27.58,5.516,40.39328055321351,C,Quarterly,Low,"Simple control, bulk ordering"
44033,Zardetto Pros di Coneg Brut,187mL,30,3.24,0.6480000000000001,215.16574145596758,C,Quarterly,Low,"Simple control, bulk ordering"
44035,De Loach Pnt Nr,750mL,331,6.84,1.368,491.8933464964589,B,Monthly,Medium,Moderate control
44037,Barefoot Pnt Grigio Cal,750mL,1467,3.42,0.684,1464.4920082080553,A,Weekly,High,"Tight control, frequent replenishment"
44038,Barefoot Pnt Grigio Cal,1.5L,2036,5.86,1.1720000000000002,1318.0293491374587,A,Weekly,High,"Tight control, frequent replenishment"
44041,Bella Sera Pinot Noir Delle,1.5L,255,7.61,1.5220000000000002,409.319810129586,B,Monthly,Medium,Moderate control
44072,Bogle Russian River Pnt Nr,750mL,322,7.23,1.4460000000000002,471.89327625750303,B,Monthly,Medium,Moderate control
44081,Wente Riva Ranch Chard,750mL,157,10.96,2.192,267.62676919777823,B,Monthly,Medium,Moderate control
44082,Wente Sandstone Mntry Merlot,750mL,62,9.03,1.806,185.2835963440831,C,Quarterly,Low,"Simple control, bulk ordering"
44083,Wente Reliz Crk Pnt Nr,750mL,15,14.37,2.874,72.24407713151682,C,Quarterly,Low,"Simple control, bulk ordering"
44084,Wente Riverbank Rsl Monterey,750mL,52,7.94,1.588,180.95743129130287,C,Quarterly,Low,"Simple control, bulk ordering"
44102,Provenance To Kalon Cab Svgn,750mL,7,37.66,7.532,30.48553804248462,C,Quarterly,Low,"Simple control, bulk ordering"
44106,Carmel Road Unoaked Chard Mo,750mL,30,9.86,1.972,123.34091674874931,C,Quarterly,Low,"Simple control, bulk ordering"
44107,Carmel Road Pnt Nr Monterey,750mL,117,10.52,2.104,235.8142595752246,C,Quarterly,Low,"Simple control, bulk ordering"
44138,Crios Malbec,750mL,147,8.44,1.688,295.10219934265496,C,Quarterly,Low,"Simple control, bulk ordering"
44145,Red Rock Merlot Cal,750mL,699,5.8,1.16,776.2642635704362,B,Monthly,Medium,Moderate control
44148,Polka Dot Rsl Pfalz,750mL,459,4.66,0.932,701.775797806013,B,Monthly,Medium,Moderate control
44182,Tommasi Poggio Al Tufo Rompi,750mL,194,10.73,2.1460000000000004,300.66716743462257,B,Monthly,Medium,Moderate control
44186,H Brunier Telegramme Pape,750mL,16,31.03,6.206,50.775487956767336,C,Quarterly,Low,"Simple control, bulk ordering"
44207,Neil Ellis Sincerely Svgn Bl,750mL,55,6.2,1.2400000000000002,210.60588479355798,C,Quarterly,Low,"Simple control, bulk ordering"
44208,Black Box Pnt Grigio,3L,589,10.95,2.19,518.6036749672121,A,Weekly,High,"Tight control, frequent replenishment"
44217,Ruffino Il Ducale Toscana Rd,750mL,102,10.95,2.19,215.8132119814573,C,Quarterly,Low,"Simple control, bulk ordering"
44220,Vinedo de Los Vientos Alcyo,500mL,1,21.47,4.294,15.260507615655218,C,Quarterly,Low,"Simple control, bulk ordering"
44221,Vinedo de Los Vientos Estiv,750mL,12,10.88,2.176,74.26106572325057,C,Quarterly,Low,"Simple control, bulk ordering"
44228,Clean Slate Rsl Mosel,750mL,1189,5.59,1.118,1031.2643992598018,A,Weekly,High,"Tight control, frequent replenishment"
44233,A by Acacia Chard Cal,750mL,343,6.84,1.368,500.7304605793887,B,Monthly,Medium,Moderate control
44234,A by Acacia Pnt Nr Cal,750mL,311,9.45,1.89,405.6479564231337,B,Monthly,Medium,Moderate control
44238,B & G Pnt Nr Bistro,750mL,54,5.4,1.08,223.60679774997897,C,Quarterly,Low,"Simple control, bulk ordering"
44266,Mommys Time Out Garganega/P,750mL,189,5.84,1.168,402.2624373380526,C,Quarterly,Low,"Simple control, bulk ordering"
44269,Codorniu Original Spklg Cava,750mL,55,6.45,1.29,206.4840403390264,C,Quarterly,Low,"Simple control, bulk ordering"
44278,Scala Dei Negre Priorat,750mL,1,6.07,1.2140000000000002,28.70057889651457,C,Quarterly,Low,"Simple control, bulk ordering"
44292,Woop Woop Shiraz,750mL,99,8.38,1.6760000000000002,243.0415857636326,C,Quarterly,Low,"Simple control, bulk ordering"
44302,Yellow Tail Pnt Nr,750mL,15,5.47,1.094,117.09462727531903,C,Quarterly,Low,"Simple control, bulk ordering"
44334,Noble Vines 337 Cab Svgn,750mL,1600,7.84,1.568,1010.1525445522107,A,Weekly,High,"Tight control, frequent replenishment"
44337,Irony Cab Svgn,750mL,315,8.44,1.688,431.98538679865425,B,Monthly,Medium,Moderate control
44338,Irony Chard Napa,750mL,12,5.82,1.1640000000000001,101.5346165133619,C,Quarterly,Low,"Simple control, bulk ordering"
44340,Irony Pnt Nr Monterey,750mL,315,8.84,1.768,422.09882825527916,B,Monthly,Medium,Moderate control
44362,Cusumano Nero D'Avola Sicily,750mL,316,6.66,1.332,487.0700537266043,B,Monthly,Medium,Moderate control
44394,Oak Ridge OZV Znfdl Lodi,750mL,12,9.65,1.9300000000000002,78.85186478651524,C,Quarterly,Low,"Simple control, bulk ordering"
44452,Ravenswood Zen of Zin Znfdl,750mL,362,6.49,1.298,528.1009381969504,B,Monthly,Medium,Moderate control
44493,Neal Cab Svgn Napa,750mL,37,31.07,6.214,77.16408976509622,C,Quarterly,Low,"Simple control, bulk ordering"
44494,Smoking Loon Pnt Grigio Cal,750mL,946,4.5,0.9,1025.2370999486466,A,Weekly,High,"Tight control, frequent replenishment"
44511,MacMurray Ranch C Cst Pnt Nr,750mL,863,9.49,1.8980000000000001,674.3064188260174,A,Weekly,High,"Tight control, frequent replenishment"
44529,Salmon Run Chard/Rsl,750mL,85,6.89,1.3780000000000001,248.36183164779663,C,Quarterly,Low,"Simple control, bulk ordering"
44547,Silver Oak Cab Svgn Alex Vly,750mL,333,45.15,9.03,192.03405013684457,A,Weekly,High,"Tight control, frequent replenishment"
44613,Bodegas Borsao 14 Rose,750mL,23,6.2,1.2400000000000002,136.19246343602936,C,Quarterly,Low,"Simple control, bulk ordering"
44620,A to Z Ore Chard,750mL,220,10.73,2.1460000000000004,320.18168188211695,B,Monthly,Medium,Moderate control
44637,Sea Ridge Chard Cal,1.5L,6,8.84,1.768,58.2551728035463,C,Quarterly,Low,"Simple control, bulk ordering"
44650,Nickel Branding Irn Cab Svgn,750mL,4,66.2,13.240000000000002,17.381449986274955,C,Quarterly,Low,"Simple control, bulk ordering"
44653,Nickel Rock Cairn Cab Svgn,750mL,8,64.86,12.972000000000001,24.833705324330413,C,Quarterly,Low,"Simple control, bulk ordering"
44666,San Guido Sassicaia Guildal,750mL,12,17.0,3.4000000000000004,59.40885257860045,C,Quarterly,Low,"Simple control, bulk ordering"
44703,J Lohr Seven Rst Cv Cab Svgn,750mL,29,8.7,1.74,129.09944487358058,C,Quarterly,Low,"Simple control, bulk ordering"
44704,J Lohr Riverstone Chard,750mL,41,7.56,1.512,164.67058667655897,C,Quarterly,Low,"Simple control, bulk ordering"
44705,J Lohr Osos Rest Cve Merlot,750mL,12,8.99,1.798,81.69505684973767,C,Quarterly,Low,"Simple control, bulk ordering"
44708,Trentadue Old Patch Red Son,750mL,166,7.53,1.5060000000000002,332.0026560318724,C,Quarterly,Low,"Simple control, bulk ordering"
44709,Trinity Oaks Pnt Nr Cal,750mL,12,5.29,1.058,106.49955403405122,C,Quarterly,Low,"Simple control, bulk ordering"
44712,Sonoma-Cutrer Chard Sonoma,750mL,1629,13.79,2.758,768.5345764595912,A,Weekly,High,"Tight control, frequent replenishment"
44714,Buehler Znfdl Napa,750mL,17,13.51,2.702,79.31983248415608,C,Quarterly,Low,"Simple control, bulk ordering"
44715,Drouhin St Veran,750mL,31,12.32,2.4640000000000004,112.16580954626427,C,Quarterly,Low,"Simple control, bulk ordering"
44716,Drouhin Chorey Les Beaune,750mL,16,16.66,3.3320000000000003,69.2958928675237,C,Quarterly,Low,"Simple control, bulk ordering"
44717,Dom Chandon Rose Spklg,750mL,324,9.08,1.816,422.39092901753884,B,Monthly,Medium,Moderate control
44719,Cavit Prosecco Lunetta,750mL,648,6.89,1.3780000000000001,685.7453859835134,B,Monthly,Medium,Moderate control
44729,Kendall Jackson Sp Sel Chard,750mL,84,8.16,1.6320000000000001,226.87130324325753,C,Quarterly,Low,"Simple control, bulk ordering"
44733,Casa Liliana Good Chianti,750mL,95,5.19,1.038,302.52629306582,C,Quarterly,Low,"Simple control, bulk ordering"
44734,Casa Liliana Good Pnt Grg,750mL,261,5.44,1.088,489.7853671582614,C,Quarterly,Low,"Simple control, bulk ordering"
44742,Gamba Znfdl RRV Old Vine,750mL,2,24.83,4.966,20.06834877696495,C,Quarterly,Low,"Simple control, bulk ordering"
44755,Bollinger Brut Grande Annee,750mL,15,89.79,17.958000000000002,28.90125127785982,C,Quarterly,Low,"Simple control, bulk ordering"
44756,Duck Pond Syrah Columbia,750mL,9,11.03,2.206,63.873174428743674,C,Quarterly,Low,"Simple control, bulk ordering"
44761,Gekkeikan Sake Zipang Spklg,250mL,103,3.68,0.7360000000000001,374.09310629028306,C,Quarterly,Low,"Simple control, bulk ordering"
44764,Poggio Amorelli Chianti Clsc,750mL,12,12.49,2.498,69.30976175445683,C,Quarterly,Low,"Simple control, bulk ordering"
44780,Nicolis Valpo Seccal Ripasso,750mL,42,12.9,2.58,127.5894579008856,C,Quarterly,Low,"Simple control, bulk ordering"
44781,Nicolis Recioto Valpo Clsc,500mL,12,6.66,1.332,94.91579957524989,C,Quarterly,Low,"Simple control, bulk ordering"
44783,Scagliola Dolcetto Sempre,750mL,24,10.2,2.04,108.46522890932809,C,Quarterly,Low,"Simple control, bulk ordering"
44785,Scagliola Barbera D'Asti Frm,750mL,16,12.9,2.58,78.74992309581577,C,Quarterly,Low,"Simple control, bulk ordering"
44818,Red Guitar Temp/Garnacha Nvr,750mL,72,6.53,1.306,234.79814405844968,C,Quarterly,Low,"Simple control, bulk ordering"
44828,Nicolis Valpo Clsc,750mL,151,8.6,1.72,296.2949504706731,C,Quarterly,Low,"Simple control, bulk ordering"
44838,Flora Springs Cab Svgn Napa,750mL,70,21.42,4.284000000000001,127.82749814122839,B,Monthly,Medium,Moderate control
44854,Duckhorn Merlot Napa,750mL,90,35.37,7.074,112.79470869873538,B,Monthly,Medium,Moderate control
44857,Fairview Pinotage Paarl,750mL,1,9.45,1.89,23.002185311411807,C,Quarterly,Low,"Simple control, bulk ordering"
44859,Man Cab Svgn Western Cape,750mL,11,7.48,1.4960000000000002,85.74929257125441,C,Quarterly,Low,"Simple control, bulk ordering"
44895,Rain Svgn Bl Marlboro,750mL,12,10.66,2.132,75.02344849205329,C,Quarterly,Low,"Simple control, bulk ordering"
44907,Guntrum Dry Trocken Rheinhsn,750mL,2,9.2,1.8399999999999999,32.96902366978935,C,Quarterly,Low,"Simple control, bulk ordering"
44911,Spy Valley Svgn Bl Marlboro,750mL,106,10.52,2.104,224.45540344772752,C,Quarterly,Low,"Simple control, bulk ordering"
44912,Broadbent Madeira Rainwater,750mL,37,10.88,2.176,130.39814596300147,C,Quarterly,Low,"Simple control, bulk ordering"
44915,Broadbent Vinho Verde Wh,750mL,134,6.45,1.29,322.297950648539,C,Quarterly,Low,"Simple control, bulk ordering"
44916,Ferreira Dona Antonio RSV,750mL,75,11.4,2.2800000000000002,181.3690625275029,C,Quarterly,Low,"Simple control, bulk ordering"
44921,Quinta do Crasto Douro Rd,750mL,111,9.45,1.89,242.34305999998998,C,Quarterly,Low,"Simple control, bulk ordering"
44922,Quinta do Crasto RSV Douro,750mL,32,22.81,4.562,83.75241691370138,C,Quarterly,Low,"Simple control, bulk ordering"
44925,Montsarra Brut Cava,750mL,3,9.86,1.972,39.00382256192578,C,Quarterly,Low,"Simple control, bulk ordering"
44943,Sanford Santa Barbara Chard,750mL,622,10.45,2.09,545.534284442685,A,Weekly,High,"Tight control, frequent replenishment"
44972,Mitolo Jester McLaren Shiraz,750mL,20,10.32,2.064,98.43740386976972,C,Quarterly,Low,"Simple control, bulk ordering"
44986,Gruet Rose Brut,750mL,133,11.1,2.22,244.76500957022003,C,Quarterly,Low,"Simple control, bulk ordering"
44992,R Mondavi RSV Cab Svgn,750mL,2,67.56,13.512,12.166206387231805,C,Quarterly,Low,"Simple control, bulk ordering"
44993,Red Truck Pnt Nr Cal,750mL,16,5.59,1.118,119.62972091091584,C,Quarterly,Low,"Simple control, bulk ordering"
45035,Hess Clctn 19 Block Cuvee,750mL,29,22.87,4.574000000000001,79.62527015149607,C,Quarterly,Low,"Simple control, bulk ordering"
45059,Falesco Sangiovese Umbria,750mL,24,8.78,1.756,116.907766928076,C,Quarterly,Low,"Simple control, bulk ordering"
45061,Punto Final Perdriel Malbec,750mL,27,10.8,2.16,111.80339887498948,C,Quarterly,Low,"Simple control, bulk ordering"
45063,Cecchi Bonizio Red Blend,750mL,159,4.79,0.9580000000000001,407.395106061166,C,Quarterly,Low,"Simple control, bulk ordering"
45090,Norton Malbec Mendoza,750mL,39,8.05,1.6100000000000003,155.63933463129442,C,Quarterly,Low,"Simple control, bulk ordering"
45128,Paul Hobbs Chard RRV,750mL,14,32.46,6.492000000000001,46.438134201014925,C,Quarterly,Low,"Simple control, bulk ordering"
45129,Paul Hobbs Pnt Nr RRV,750mL,2,35.71,7.142,16.734204613081673,C,Quarterly,Low,"Simple control, bulk ordering"
45185,Scagliola Moscato D'Asti Prm,750mL,38,9.08,1.816,144.65514208682174,C,Quarterly,Low,"Simple control, bulk ordering"
45203,MezzaCorona Pnt Nr Dolomiti,750mL,45,5.12,1.024,209.6313728906053,C,Quarterly,Low,"Simple control, bulk ordering"
45214,Canaletto Pnt Nr Pavia,750mL,12,6.8,1.36,93.93364366277241,C,Quarterly,Low,"Simple control, bulk ordering"
45239,J Vineyards Chard RRV,750mL,12,10.32,2.064,76.24928516630233,C,Quarterly,Low,"Simple control, bulk ordering"
45240,Nino Franco Prosecco Rustic,750mL,96,9.99,1.9980000000000002,219.19864974047636,C,Quarterly,Low,"Simple control, bulk ordering"
45246,Shoofly Shiraz,750mL,17,7.23,1.4460000000000002,108.42771715689744,C,Quarterly,Low,"Simple control, bulk ordering"
45266,XYZin Old Vines Znfdl,750mL,161,6.53,1.306,351.1085049323565,C,Quarterly,Low,"Simple control, bulk ordering"
45276,Smoking Loon Znfdl Cal,750mL,181,4.56,0.9119999999999999,445.4940092534374,C,Quarterly,Low,"Simple control, bulk ordering"
45293,C K Mondavi Willw Pnt Grigio,750mL,1,4.69,0.9380000000000002,32.65115742241696,C,Quarterly,Low,"Simple control, bulk ordering"
45294,C K Mondavi Willw Pnt Grigio,1.5L,165,7.53,1.5060000000000002,331.0011374422266,C,Quarterly,Low,"Simple control, bulk ordering"
45298,Hall Cab Svgn Napa,750mL,21,32.67,6.534000000000001,56.69177858748395,C,Quarterly,Low,"Simple control, bulk ordering"
45300,Hall Svgn Bl Napa,750mL,24,12.9,2.58,96.44856443408243,C,Quarterly,Low,"Simple control, bulk ordering"
45322,Zabrin de Fuego Garnacha,750mL,467,4.66,0.932,707.8650728587974,B,Monthly,Medium,Moderate control
45330,Cono Sur Cab Svgn Cntrl Vly,750mL,119,4.63,0.926,358.4825228968104,C,Quarterly,Low,"Simple control, bulk ordering"
45331,Cono Sur Vision Cab Svgn,750mL,32,7.28,1.4560000000000002,148.24986333222023,C,Quarterly,Low,"Simple control, bulk ordering"
45332,Cono Sur Pnt Nr Rapel,750mL,358,4.69,0.9380000000000002,617.788890322897,B,Monthly,Medium,Moderate control
45333,Cono Sur Svgn Bl Cntrl Vly,750mL,269,4.76,0.952,531.5665764606387,C,Quarterly,Low,"Simple control, bulk ordering"
45334,Cono Sur Vision Svgn Bl Csbl,750mL,35,6.66,1.332,162.09958752654578,C,Quarterly,Low,"Simple control, bulk ordering"
45392,Norton RSV Malbec Mendoza,750mL,96,12.25,2.45,197.9486637221574,C,Quarterly,Low,"Simple control, bulk ordering"
45424,Gruet Blanc de Noir,750mL,29,11.1,2.22,114.29375776070653,C,Quarterly,Low,"Simple control, bulk ordering"
45457,R Mondavi Meritage Pvt Slctn,750mL,184,5.19,1.038,421.0272784173059,C,Quarterly,Low,"Simple control, bulk ordering"
45460,New Harbor Svgn Bl Marlboro,750mL,801,6.53,1.306,783.1494902270441,A,Weekly,High,"Tight control, frequent replenishment"
45474,Belle Glos Alturas Pnt Nr,750mL,58,33.55,6.71,92.97212055875809,B,Monthly,Medium,Moderate control
45494,Ermita Rioja Crianza,750mL,1,10.66,2.132,21.6574040912105,C,Quarterly,Low,"Simple control, bulk ordering"
45495,Ermita Rioja White,750mL,3,10.38,2.076,38.014296063485276,C,Quarterly,Low,"Simple control, bulk ordering"
45496,Conquista Malbec Mendoza,750mL,771,5.29,1.058,853.6588659161679,B,Monthly,Medium,Moderate control
45503,Rebel The Show Cab Svgn,750mL,840,6.8,1.36,785.9052479933757,A,Weekly,High,"Tight control, frequent replenishment"
45524,Natura Valle Cab Svgn Cntrl,750mL,87,5.8,1.16,273.8612787525831,C,Quarterly,Low,"Simple control, bulk ordering"
45525,Natura Colchagua Carmenere,750mL,132,5.91,1.1820000000000002,334.17828610421907,C,Quarterly,Low,"Simple control, bulk ordering"
45526,Natura Chard Casablanca,750mL,111,5.95,1.1900000000000002,305.41334437835184,C,Quarterly,Low,"Simple control, bulk ordering"
45535,Citra Pnt Grigio,1.5L,309,6.57,1.314,484.93279673744297,B,Monthly,Medium,Moderate control
45565,F Coppola Diamond Malbec,750mL,7,12.07,2.414,53.84934029192674,C,Quarterly,Low,"Simple control, bulk ordering"
45576,Pacifico Sur Cab Svgn Curico,750mL,10,3.5,0.7000000000000001,119.52286093343936,C,Quarterly,Low,"Simple control, bulk ordering"
45599,Luigi Bosca RSV Cab Svgn,750mL,34,11.72,2.3440000000000003,120.4372012873303,C,Quarterly,Low,"Simple control, bulk ordering"
45600,Luigi Bosca La Linda Malbec,750mL,156,7.33,1.4660000000000002,326.20853063190407,C,Quarterly,Low,"Simple control, bulk ordering"
45601,Luigi Bosca Malbec,750mL,108,11.03,2.206,221.2631667025865,C,Quarterly,Low,"Simple control, bulk ordering"
45602,Luigi Bosca RSV Pnt Nr,750mL,2,13.07,2.6140000000000003,27.660638840895512,C,Quarterly,Low,"Simple control, bulk ordering"
45604,Latour 12 Cuvee Bourg Rouge,750mL,614,13.07,2.6140000000000003,484.65354523983666,A,Weekly,High,"Tight control, frequent replenishment"
45605,Bex Rsl Mosel,750mL,55,6.12,1.2240000000000002,211.97792461215343,C,Quarterly,Low,"Simple control, bulk ordering"
45632,Fish Eye Chard Cal,3L,70,11.1,2.22,177.57120130114436,C,Quarterly,Low,"Simple control, bulk ordering"
45645,Marina Cvetic Mntlcno Abruzo,750mL,2,17.8,3.5600000000000005,23.70227315699886,C,Quarterly,Low,"Simple control, bulk ordering"
45647,Masciarelli Rose d'Abruzzo,750mL,19,6.49,1.298,120.9872078709685,C,Quarterly,Low,"Simple control, bulk ordering"
45710,Ferrari-Carano Terre Chard,750mL,6,24.82,4.964,34.766401297025986,C,Quarterly,Low,"Simple control, bulk ordering"
45745,Fess Parker Frontier Red Cal,750mL,18,8.16,1.6320000000000001,105.02100630210073,C,Quarterly,Low,"Simple control, bulk ordering"
45752,Root 1 Svgn Bl,750mL,86,6.53,1.306,256.61239921391484,C,Quarterly,Low,"Simple control, bulk ordering"
45769,Bonterra Svgn Bl Organic,750mL,348,6.65,1.33,511.5213928452512,B,Monthly,Medium,Moderate control
45770,Bonterra Mendocino Org Znfdl,750mL,209,9.45,1.89,332.5387354610145,B,Monthly,Medium,Moderate control
45822,Masciarelli Montepulciano,750mL,1519,5.37,1.074,1189.2598201930107,A,Weekly,High,"Tight control, frequent replenishment"
45823,Masciarelli Trebbiano Abruzo,750mL,131,6.66,1.332,313.60540229458474,C,Quarterly,Low,"Simple control, bulk ordering"
45831,Lake Sonoma Chard RRV,750mL,78,11.48,2.2960000000000003,184.31528812211988,C,Quarterly,Low,"Simple control, bulk ordering"
45837,R Stemmler Nugent Pnt Nr,750mL,11,23.99,4.798,47.88133170456329,C,Quarterly,Low,"Simple control, bulk ordering"
45839,White Oak Chard RRV,750mL,11,15.33,3.0660000000000003,59.89771668810751,C,Quarterly,Low,"Simple control, bulk ordering"
45840,White Oak Merlot Napa,750mL,12,16.33,3.266,60.61533822733287,C,Quarterly,Low,"Simple control, bulk ordering"
45845,Joseph Carr Chard Napa,750mL,153,10.66,2.132,267.88729393423483,C,Quarterly,Low,"Simple control, bulk ordering"
45848,Kendall Jackson Summation Re,750mL,484,6.63,1.326,604.1585400191987,B,Monthly,Medium,Moderate control
45859,Col D'Orcia Rosso di Mntlcno,750mL,1,14.83,2.966,18.36176507645327,C,Quarterly,Low,"Simple control, bulk ordering"
45860,Canella Prosecco,187mL,56,3.44,0.6880000000000001,285.29870107872785,C,Quarterly,Low,"Simple control, bulk ordering"
45866,Jose Maria de Fonseca Periq,750mL,24,6.8,1.36,132.8422328310143,C,Quarterly,Low,"Simple control, bulk ordering"
45871,Luzon Jumilla Red,750mL,10,5.66,1.1320000000000001,93.98894754961404,C,Quarterly,Low,"Simple control, bulk ordering"
45874,Gallo Twin Vly Pnt Grigio,187mL 4 Pk,9,3.76,0.752,109.39874362342093,C,Quarterly,Low,"Simple control, bulk ordering"
45875,Gallo Twin Vly Pnt Grigio,1.5L,5,6.45,1.29,62.257280636469034,C,Quarterly,Low,"Simple control, bulk ordering"
45876,Frei Bros RSV Svgn Bl RRV,750mL,93,10.34,2.068,212.06363776081028,C,Quarterly,Low,"Simple control, bulk ordering"
45885,Mer Soleil Silver Chard,750mL,168,12.98,2.596,254.39132467692028,B,Monthly,Medium,Moderate control
45912,L'Ecole No 41 Chenin Bl OV,750mL,4,11.72,2.3440000000000003,41.30961923860138,C,Quarterly,Low,"Simple control, bulk ordering"
45921,Estancia Svgn Bl Pinnacles,750mL,136,5.13,1.026,364.07912084850017,C,Quarterly,Low,"Simple control, bulk ordering"
45980,Cheval des Andes Mendoza,750mL,7,39.99,7.998000000000001,29.584097158797583,C,Quarterly,Low,"Simple control, bulk ordering"
45992,Casa Liliana Good Chard,750mL,11,6.75,1.35,90.267093384844,C,Quarterly,Low,"Simple control, bulk ordering"
45993,Casa Liliana Good Merlot,750mL,4,6.49,1.298,55.51273816533689,C,Quarterly,Low,"Simple control, bulk ordering"
46021,Spellbound Cab Svgn Cal,750mL,849,6.61,1.322,801.3792950806526,A,Weekly,High,"Tight control, frequent replenishment"
46023,Spellbound Petite Sirah Cal,750mL,567,6.57,1.314,656.8918094443471,B,Monthly,Medium,Moderate control
46059,Tisdale Vyds Wh Znfdl Cal,750mL,24,2.64,0.528,213.20071635561044,C,Quarterly,Low,"Simple control, bulk ordering"
46060,Martin Codax Albarino,750mL,253,8.49,1.6980000000000002,386.00365560924223,B,Monthly,Medium,Moderate control
46062,Martin Codax Tempranilo Ergo,750mL,167,7.09,1.4180000000000001,343.1785383263965,C,Quarterly,Low,"Simple control, bulk ordering"
46065,Corbett Canyon Pnt Nr,3L,9,8.44,1.688,73.01885752668532,C,Quarterly,Low,"Simple control, bulk ordering"
46070,Carpineto Dogajolo Rose,750mL,10,8.96,1.7920000000000003,74.70178808339959,C,Quarterly,Low,"Simple control, bulk ordering"
46074,Turning Leaf Pnt Nr RSV VDP,1.5L,18,7.43,1.486,110.05932573705796,C,Quarterly,Low,"Simple control, bulk ordering"
46093,Mouton Cadet Rose,750mL,150,6.53,1.306,338.90192919342616,C,Quarterly,Low,"Simple control, bulk ordering"
46096,Yellow Tail Bubbles White,750mL,119,6.8,1.36,295.8039891549808,C,Quarterly,Low,"Simple control, bulk ordering"
46098,Ch Ste Michelle Rsl Dry Colu,750mL,341,6.03,1.2060000000000002,531.7451477502049,B,Monthly,Medium,Moderate control
46119,Phillips Lust Znfdl Lodi,750mL,25,36.66,7.332,58.392729483381466,C,Quarterly,Low,"Simple control, bulk ordering"
46132,Fruitier Gneiss Abord Muscdt,750mL,10,8.9,1.7800000000000002,74.95316889958613,C,Quarterly,Low,"Simple control, bulk ordering"
46135,Aresti Pnt Nr Curico Vly,750mL,15,3.28,0.656,151.21459472728347,C,Quarterly,Low,"Simple control, bulk ordering"
46141,Spy Valley Pnt Nr Marlboro,750mL,30,12.98,2.596,107.49995520836133,C,Quarterly,Low,"Simple control, bulk ordering"
46147,Calandray RSV Cotes Roussiln,750mL,12,11.68,2.336,71.67277238512449,C,Quarterly,Low,"Simple control, bulk ordering"
46163,Barefoot Chard Cal,187mL 4 Pk,23,4.48,0.8960000000000001,160.21748611541392,C,Quarterly,Low,"Simple control, bulk ordering"
46164,Barefoot Merlot Cal,187mL 4 Pk,20,4.27,0.854,153.03334194571,C,Quarterly,Low,"Simple control, bulk ordering"
46165,Barefoot Pnt Grigio Cal,187mL 4 Pk,26,4.45,0.8900000000000001,170.91952242522623,C,Quarterly,Low,"Simple control, bulk ordering"
46166,Barefoot Wh Znfdl Cal,187mL 4 Pk,12,4.3,0.86,118.12488464372366,C,Quarterly,Low,"Simple control, bulk ordering"
46185,Bonny Doon Pousseur Syrah,750mL,3,15.75,3.1500000000000004,30.86066999241838,C,Quarterly,Low,"Simple control, bulk ordering"
46189,Napa Cellars Chard,750mL,81,11.33,2.266,189.06561715570544,C,Quarterly,Low,"Simple control, bulk ordering"
46190,Napa Cellars Merlot,750mL,3,14.18,2.8360000000000003,32.52426673512046,C,Quarterly,Low,"Simple control, bulk ordering"
46199,Man Chenin Blanc,750mL,141,5.15,1.03,369.990815944795,C,Quarterly,Low,"Simple control, bulk ordering"
46201,Petite Petit Phillips Lodi,750mL,494,11.25,2.25,468.56755708814876,A,Weekly,High,"Tight control, frequent replenishment"
46202,Yellow Tail Pnt Grigio Ausl,1.5L,738,6.05,1.21,780.972057996892,A,Weekly,High,"Tight control, frequent replenishment"
46217,Cono Sur Chard Cntrl Vly,750mL,137,4.72,0.944,380.9555336834836,C,Quarterly,Low,"Simple control, bulk ordering"
46297,Intorcia Marsala Dry,Liter,174,7.74,1.548,335.26571667140945,C,Quarterly,Low,"Simple control, bulk ordering"
46298,Intorcia Marsala Sweet,Liter,114,8.16,1.6320000000000001,264.29706993546216,C,Quarterly,Low,"Simple control, bulk ordering"
46299,Grayson Cellars Znfdl Cntl C,750mL,28,6.49,1.298,146.8728997817254,C,Quarterly,Low,"Simple control, bulk ordering"
46310,Twisted Pnt Grigio Cal,750mL,244,4.72,0.944,508.40394989731,C,Quarterly,Low,"Simple control, bulk ordering"
46311,Twisted Old Vine Znfdl,750mL,236,4.76,0.952,497.8947274915306,C,Quarterly,Low,"Simple control, bulk ordering"
46327,Silver Mtn Hard Cider,22.0 Oz,3,4.54,0.908,57.48012489295105,C,Quarterly,Low,"Simple control, bulk ordering"
46333,Echeverria Ltd Edtn Cab Svgn,750mL,1,19.3,3.8600000000000003,16.09556949949126,C,Quarterly,Low,"Simple control, bulk ordering"
46371,Carlo Rossi RSV Cab Svgn Cal,5L,16,11.25,2.25,84.32740427115678,C,Quarterly,Low,"Simple control, bulk ordering"
46374,Carlo Rossi RSV Wh Znfdl Cal,5L,8,11.64,2.3280000000000003,58.62103817605491,C,Quarterly,Low,"Simple control, bulk ordering"
46379,Ghost Pine Cab Svgn LMartini,750mL,854,9.39,1.8780000000000001,674.3434467184028,A,Weekly,High,"Tight control, frequent replenishment"
46380,Ghost Pines Chard L Martini,750mL,254,9.03,1.806,375.0230705343354,B,Monthly,Medium,Moderate control
46381,Ghost Pines Merlot L Martini,750mL,227,9.14,1.8280000000000003,352.3910201356017,B,Monthly,Medium,Moderate control
46402,Tamari RSV Malbec Mendoza,750mL,12,5.47,1.094,104.73261855504572,C,Quarterly,Low,"Simple control, bulk ordering"
46418,Ermita Sn Felices Rose Rioja,750mL,2,9.67,1.9340000000000002,32.15783206921657,C,Quarterly,Low,"Simple control, bulk ordering"
46422,Hob Nob Chard,750mL,225,6.57,1.314,413.80294430118397,C,Quarterly,Low,"Simple control, bulk ordering"
46424,Hob Nob Pnt Nr VDP D'Oc,750mL,744,6.62,1.324,749.6222613711537,B,Monthly,Medium,Moderate control
46428,Villa Pozzi Nero D'Avola,750mL,253,6.03,1.2060000000000002,458.0222825113955,C,Quarterly,Low,"Simple control, bulk ordering"
46429,Villa Pozzi Pnt Grigio Vnzie,750mL,126,5.8,1.16,329.57653080153085,C,Quarterly,Low,"Simple control, bulk ordering"
46447,Gascon Malbec Mendoza,750mL,1345,6.12,1.2240000000000002,1048.2634254567536,A,Weekly,High,"Tight control, frequent replenishment"
46453,Mason Clrs Svgn Bl Pomelo,750mL,3,7.33,1.4660000000000002,45.23698398796522,C,Quarterly,Low,"Simple control, bulk ordering"
46458,Layer Cake Barosa Shiraz,750mL,431,7.71,1.542,528.6843421104286,B,Monthly,Medium,Moderate control
46475,Tilia Chard Mendoza,750mL,63,6.75,1.35,216.02468994692867,C,Quarterly,Low,"Simple control, bulk ordering"
46476,Tilia Malbec Mendoza,750mL,1544,6.89,1.3780000000000001,1058.5199295332884,A,Weekly,High,"Tight control, frequent replenishment"
46485,Shafer Merlot Napa,750mL,32,35.94,7.188,66.72229176325816,C,Quarterly,Low,"Simple control, bulk ordering"
46489,Eppa Red Sangria Organic,750mL,115,7.48,1.4960000000000002,277.25738539128344,C,Quarterly,Low,"Simple control, bulk ordering"
46498,Principato Pnt Nr Pavia,1.5L,195,6.75,1.35,380.05847503304597,C,Quarterly,Low,"Simple control, bulk ordering"
46508,Crane Lake Pnt Grigio Cal,1.5L,12,5.95,1.1900000000000002,100.41928905068676,C,Quarterly,Low,"Simple control, bulk ordering"
46551,J Vineyards Brut 20,750mL,96,16.77,3.354,169.1819737751254,C,Quarterly,Low,"Simple control, bulk ordering"
46554,Atteca Garnacha Old Vines,750mL,41,9.39,1.8780000000000001,147.75566279924394,C,Quarterly,Low,"Simple control, bulk ordering"
46555,Portillo Pnt Nr,750mL,34,5.84,1.168,170.61532475453632,C,Quarterly,Low,"Simple control, bulk ordering"
46568,R M Woodbridge Cab/Merlot,1.5L,154,6.03,1.2060000000000002,357.34417448468724,C,Quarterly,Low,"Simple control, bulk ordering"
46580,Gode'II Rosso di Toscana,750mL,6,5.19,1.038,76.02859212697055,C,Quarterly,Low,"Simple control, bulk ordering"
46582,Grayson Cellars Pnt Nr Cntrl,750mL,287,6.84,1.368,458.0341926509711,B,Monthly,Medium,Moderate control
46583,Errazuriz Max Fndrs RSV,750mL,3,47.05,9.41,17.855245079056075,C,Quarterly,Low,"Simple control, bulk ordering"
46590,Merieau 13 Bois Jacou Gamay,750mL,36,8.38,1.6760000000000002,146.55959062380944,C,Quarterly,Low,"Simple control, bulk ordering"
46599,Primaterra Primitivo,750mL,87,7.53,1.5060000000000002,240.3516679842036,C,Quarterly,Low,"Simple control, bulk ordering"
46600,Primaterra Pnt Grigio,750mL,199,7.58,1.516,362.30717735806934,C,Quarterly,Low,"Simple control, bulk ordering"
46621,Erath Pnt Nr Estate OR,750mL,139,15.48,3.096,211.88827439684667,B,Monthly,Medium,Moderate control
46628,Paso Creek Cab Svgn,750mL,170,9.65,1.9300000000000002,296.7876371320142,C,Quarterly,Low,"Simple control, bulk ordering"
46662,Oak Leaf Chard Cal,750mL,12,2.01,0.40199999999999997,172.77368511627202,C,Quarterly,Low,"Simple control, bulk ordering"
46664,Oak Leaf Pnt Grigio Cal,750mL,12,1.94,0.388,175.86311452816474,C,Quarterly,Low,"Simple control, bulk ordering"
46694,Santa Margherita Chianti Cls,750mL,66,16.1,3.2200000000000006,143.16736503106387,C,Quarterly,Low,"Simple control, bulk ordering"
46725,Broadbent Auction RSV,750mL,31,12.98,2.596,109.27693435545466,C,Quarterly,Low,"Simple control, bulk ordering"
46734,Gnarly Head Cab Svgn Cal,750mL,273,6.84,1.368,446.72296057934153,B,Monthly,Medium,Moderate control
46762,Clayhouse Cab Svgn Paso Rbls,750mL,546,7.99,1.598,584.5315187143145,B,Monthly,Medium,Moderate control
46763,Clayhouse Svgn Bl Paso Roble,750mL,172,8.05,1.6100000000000003,326.85210437848787,C,Quarterly,Low,"Simple control, bulk ordering"
46764,Clayhouse Adobe Red Paso Rbl,750mL,979,8.21,1.6420000000000003,772.1555004858621,A,Weekly,High,"Tight control, frequent replenishment"
46765,Tom Eddy Cab Svgn Napa,750mL,5,35.94,7.188,26.37430158477349,C,Quarterly,Low,"Simple control, bulk ordering"
46766,Tom Eddy Elodian Cab Svgn,750mL,2,21.56,4.312,21.536524612697402,C,Quarterly,Low,"Simple control, bulk ordering"
46783,Oops Voluptuous Beauty Valle,750mL,89,5.74,1.1480000000000001,278.4351493690787,C,Quarterly,Low,"Simple control, bulk ordering"
46785,Oops Spicy Splendr Carmenere,750mL,139,5.86,1.1720000000000002,344.3844981904044,C,Quarterly,Low,"Simple control, bulk ordering"
46788,Oops Cheeky Little Svgn Bl,750mL,119,5.62,1.124,325.37960311149874,C,Quarterly,Low,"Simple control, bulk ordering"
46802,Dom Chandon Rose Spklg,187mL,11,3.26,0.652,129.88905128674926,C,Quarterly,Low,"Simple control, bulk ordering"
46816,Alexander Vly Vyds Gewurz,750mL,44,6.8,1.36,179.86923354612534,C,Quarterly,Low,"Simple control, bulk ordering"
46819,Kaiken Malbec Mendoza,750mL,3,9.65,1.9300000000000002,39.42593239325762,C,Quarterly,Low,"Simple control, bulk ordering"
46826,LaBelle Winery Grnt St Apple,375mL,42,10.34,2.068,142.511325010633,C,Quarterly,Low,"Simple control, bulk ordering"
46829,Pacific Rim Yakima Gewurz,750mL,62,8.1,1.62,195.63129846287788,C,Quarterly,Low,"Simple control, bulk ordering"
46830,Pacific Rim Sweet Rsl,750mL,610,5.91,1.1820000000000002,718.3832195176905,B,Monthly,Medium,Moderate control
46923,Torrontes Jelu San Juan,750mL,18,8.1,1.62,105.40925533894597,C,Quarterly,Low,"Simple control, bulk ordering"
46934,Silver Palm Nth Cst Cab Svgn,750mL,455,10.31,2.0620000000000003,469.74413655865015,A,Weekly,High,"Tight control, frequent replenishment"
46942,Atalon Cab Svgn Napa,750mL,10,19.47,3.894,50.67596487005494,C,Quarterly,Low,"Simple control, bulk ordering"
46947,Murphy-Goode Merlot Alexandr,750mL,27,7.28,1.4560000000000002,136.17619485048053,C,Quarterly,Low,"Simple control, bulk ordering"
46950,Alta Classe Mntplcno Abruzzo,750mL,10,5.36,1.072,96.58342616078197,C,Quarterly,Low,"Simple control, bulk ordering"
46985,Rodney Strong Cab Svgn Alexa,750mL,234,15.75,3.1500000000000004,272.55405754769873,B,Monthly,Medium,Moderate control
47009,Torino Don David RSV Malbec,750mL,116,8.44,1.688,262.14572120658283,C,Quarterly,Low,"Simple control, bulk ordering"
47011,Freemark Abbey Chard Napa,750mL,3,12.25,2.45,34.99271061118826,C,Quarterly,Low,"Simple control, bulk ordering"
47014,Juan Gil Jumilla Rd,750mL,332,8.16,1.6320000000000001,451.03367119209577,B,Monthly,Medium,Moderate control
47027,Marcus James Malbec Mendoza,1.5L,87,5.29,1.058,286.75882517984604,C,Quarterly,Low,"Simple control, bulk ordering"
47075,Turn Me Red,750mL,4,6.23,1.2460000000000002,56.65926996700735,C,Quarterly,Low,"Simple control, bulk ordering"
47090,Napa Cellars Cab Svgn Napa,750mL,134,15.58,3.116,207.37369913068167,B,Monthly,Medium,Moderate control
90010,Ch Smith Haut Lafitte 12,750mL,4,61.74,12.348,17.99830823853463,C,Quarterly,Low,"Simple control, bulk ordering"
90011,Ch Pichon Longville 12 Pauil,750mL,31,94.76,18.952,40.44392748705673,B,Monthly,Medium,Moderate control
90012,Ch Malartic Lagravier 12 RG,750mL,17,34.24,6.848000000000001,49.82445820592552,C,Quarterly,Low,"Simple control, bulk ordering"
90013,Ch Leoville Barton 12 St Jul,750mL,23,64.93,12.986000000000002,42.08489216780298,C,Quarterly,Low,"Simple control, bulk ordering"
90014,Ch Giscours Margaux 12,750mL,14,40.78,8.156,41.43099938043492,C,Quarterly,Low,"Simple control, bulk ordering"
90080,Ch Cantenac Brown Margaux 11,750mL,19,40.26,8.052,48.576354286090364,C,Quarterly,Low,"Simple control, bulk ordering"
90085,Ch Lilian 09 Ladouys St Este,750mL,2,23.86,4.772,20.472212475808572,C,Quarterly,Low,"Simple control, bulk ordering"
90086,La Dame Montrose St Estep 11,750mL,1,34.2,6.840000000000001,12.09127083516686,C,Quarterly,Low,"Simple control, bulk ordering"
90087,Ch Mouton Rothschild 12 Paui,750mL,1,311.25,62.25,4.008024080281012,C,Quarterly,Low,"Simple control, bulk ordering"
90089,Ch Lynch Bages 12 Pauillac,750mL,27,77.92,15.584000000000001,41.62386576511164,B,Monthly,Medium,Moderate control
